date,abonos,acido fosforico,cloruro potasico 60,complejo 15 15 15,complejo 7 12 7,complejo 8 15 15,complejo 8 24 16,complejo 8 24 8,complejo 9 18 27,dap,euros por 100kg s iva,nitrato amonico 33 5,nitrato amonico calcico 26,nitrosulfato amonico 26,nota 1 posicion comercial entrada explotacion agraria en sacos,nota 2 la matriz de ponderacion provincial para el calculo del precio nacional se ha actualizado a la del calculo de los indices de precios 2020 100,nota 2 los datos mensuales de xxxx han de considerarse provisionales,nota 3 los datos del ultimo ano han de considerarse provisionales,precios pagados por los agricultores,solucion nitrogenada 32,sulfato amonico 21,sulfato potasico 50,superfosfato de cal 18,urea 46
2005-01-01,,,,20.74,15.63,17.86,20.39,19.80,,25.62,,22.33,18.03,18.32,,,,,,,13.56,29.58,14.26,23.49
2005-02-01,,,,20.89,15.76,17.56,20.24,19.66,,25.85,,22.52,18.16,18.33,,,,,,,13.59,29.44,14.11,23.29
2005-03-01,,,,21.17,16.13,17.62,20.18,19.49,,25.90,,23.40,18.14,18.31,,,,,,,13.94,31.38,14.39,23.72
2005-04-01,,,,21.22,16.61,17.91,20.30,19.40,,25.85,,23.99,17.93,18.43,,,,,,,13.94,31.57,14.36,24.11
2005-05-01,,,,21.14,16.62,17.94,20.41,19.35,,25.86,,24.04,17.96,18.59,,,,,,,14.18,32.01,14.75,24.19
2005-06-01,,,,21.17,15.87,18.26,20.32,19.36,,26.07,,24.74,18.07,18.96,,,,,,,13.89,32.83,14.90,24.40
2005-07-01,,,,21.37,15.87,18.52,20.50,19.42,,26.11,,24.67,18.28,18.82,,,,,,,13.92,32.97,14.79,24.38
2005-08-01,,,,21.41,15.86,18.64,20.55,19.43,,26.34,,24.40,18.38,18.78,,,,,,,13.84,32.62,14.84,24.39
2005-09-01,,,,21.46,16.17,18.64,20.92,19.56,,25.73,,24.26,18.59,18.67,,,,,,,13.85,33.19,14.93,24.40
2005-10-01,,,,21.78,16.16,18.83,21.27,19.30,,25.84,,24.40,19.09,18.51,,,,,,,13.91,33.49,14.82,24.76
2005-11-01,,,,21.75,16.16,19.02,21.16,19.04,,27.03,,24.22,19.24,18.43,,,,,,,13.94,33.00,14.76,24.30
2005-12-01,,,,21.76,16.16,18.97,21.18,19.27,,26.16,,24.95,19.53,18.95,,,,,,,13.91,33.46,14.82,25.12
2006-01-01,,,,21.98,16.29,19.18,21.36,19.46,,27.50,,25.33,19.60,19.17,,,,,,,14.13,32.85,14.67,25.77
2006-02-01,,,,21.82,16.32,18.95,21.03,19.58,,27.59,,25.77,19.61,18.56,,,,,,,14.24,33.07,14.59,25.79
2006-03-01,,,,21.82,15.77,19.00,21.02,19.50,,28.10,,25.32,19.54,18.48,,,,,,,14.20,32.09,14.58,25.67
2006-04-01,,,,22.05,15.77,18.99,21.06,19.46,,28.73,,25.67,19.46,18.62,,,,,,,14.21,33.10,14.63,26.02
2006-05-01,,,,22.03,15.84,18.81,21.07,19.70,,27.90,,25.81,19.55,18.84,,,,,,,14.21,33.35,14.74,25.93
2006-06-01,,,,22.12,15.85,18.93,21.07,19.60,,27.81,,26.12,19.52,18.44,,,,,,,14.43,33.10,14.70,26.23
2006-07-01,,,,21.97,15.85,18.81,21.12,19.64,,26.81,,26.08,19.48,18.45,,,,,,,14.18,33.27,14.71,25.91
2006-08-01,,,,22.07,15.85,18.83,21.12,19.65,,26.77,,25.58,19.54,18.46,,,,,,,14.18,33.17,14.66,25.93
2006-09-01,,,,22.15,16.07,19.28,21.53,20.03,,26.36,,25.61,19.53,18.53,,,,,,,14.20,33.13,14.65,26.04
2006-10-01,,,,21.93,15.87,19.37,21.38,20.14,,26.39,,25.70,19.57,18.42,,,,,,,14.37,33.29,14.69,25.60
2006-11-01,,,,22.24,15.85,19.25,22.01,20.11,,26.00,,26.41,19.67,18.88,,,,,,,14.43,33.26,14.50,25.60
2006-12-01,,,,22.19,15.75,19.33,22.29,20.44,,26.22,,26.40,20.10,18.91,,,,,,,14.57,32.87,14.45,25.93
2007-01-01,,,,22.21,15.43,19.31,21.97,20.23,,26.64,,26.30,19.76,19.03,,,,,,,14.86,35.19,14.64,26.31
2007-02-01,,,,22.24,15.42,19.69,21.81,19.97,,26.87,,26.14,19.66,19.17,,,,,,,14.96,33.11,14.64,26.93
2007-03-01,,,,22.15,15.60,19.42,21.64,20.64,,28.19,,26.14,19.69,19.27,,,,,,,14.86,34.36,14.69,27.27
2007-04-01,,,,22.39,16.33,19.88,21.95,20.05,,30.47,,26.41,19.67,19.32,,,,,,,15.10,34.40,14.66,28.06
2007-05-01,,,,22.96,16.61,20.81,21.80,20.41,,32.32,,26.55,19.57,19.60,,,,,,,15.48,34.41,14.82,28.77
2007-06-01,,,,23.10,16.63,20.89,22.16,21.67,,33.08,,26.28,19.74,19.89,,,,,,,15.34,34.50,15.07,28.45
2007-07-01,,,,23.15,16.74,21.23,22.85,21.63,,33.70,,26.17,19.79,19.97,,,,,,,15.37,34.61,14.96,28.73
2007-08-01,,,,24.03,17.25,21.71,24.63,22.36,,33.97,,26.60,19.79,19.98,,,,,,,15.65,34.65,15.30,29.03
2007-09-01,,,,25.90,18.07,23.31,26.27,24.97,,35.12,,27.28,20.38,20.33,,,,,,,15.53,34.41,15.98,30.19
2007-10-01,,,,27.73,18.68,24.53,28.21,26.65,,36.15,,27.77,20.79,20.76,,,,,,,16.60,35.04,16.34,30.46
2007-11-01,,,,29.13,19.74,26.35,29.89,28.82,,37.66,,27.85,20.97,20.99,,,,,,,17.45,35.08,16.91,31.89
2007-12-01,,,,30.14,21.72,26.32,31.42,29.33,,42.39,,29.69,22.65,22.16,,,,,,,17.92,35.60,18.63,32.03
2008-01-01,,,,34.23,23.69,29.76,34.07,31.35,,46.74,,32.42,24.25,24.18,,,,,,,20.79,38.99,20.25,35.65
2008-02-01,,,,36.64,25.84,32.64,36.98,31.77,,53.73,,33.96,26.11,24.50,,,,,,,21.43,43.51,21.59,37.19
2008-03-01,,,,38.52,27.56,34.47,42.63,33.60,,60.68,,36.18,28.96,25.44,,,,,,,22.65,44.08,22.17,37.15
2008-04-01,,,,40.09,27.75,35.38,43.28,34.11,,65.17,,37.09,29.35,24.78,,,,,,,23.09,46.81,22.47,37.73
2008-05-01,,,,43.49,28.64,38.51,45.52,38.28,,70.74,,39.82,32.22,29.62,,,,,,,24.70,49.31,23.88,39.74
2008-06-01,,,,44.92,31.74,39.70,47.05,38.84,,73.60,,41.00,32.37,30.15,,,,,,,25.10,51.66,24.35,42.86
2008-07-01,,,,48.20,32.02,41.07,48.46,41.22,,73.60,,42.04,32.52,31.24,,,,,,,27.25,53.76,27.02,46.48
2008-08-01,,,,50.93,33.69,44.18,52.08,41.45,,75.57,,42.02,33.83,32.50,,,,,,,28.84,56.09,27.70,49.20
2008-09-01,,,,52.57,33.24,45.25,52.12,41.38,,76.91,,44.40,35.78,33.20,,,,,,,28.31,58.73,27.79,50.83
2008-10-01,,,,54.44,32.68,46.73,53.05,45.26,,72.40,,45.68,36.81,33.57,,,,,,,29.97,58.76,28.73,47.34
2008-11-01,,,,53.96,32.19,45.43,54.61,48.85,,69.56,,43.20,36.91,33.33,,,,,,,28.96,64.03,28.70,42.65
2008-12-01,,,,52.12,31.06,45.16,54.40,43.79,,67.32,,42.56,33.37,29.86,,,,,,,27.73,65.36,29.18,38.65
2009-01-01,,,,49.13,31.96,41.09,50.14,43.06,,63.28,,41.94,31.92,29.01,,,,,,,24.70,66.32,28.74,35.42
2009-02-01,,,,45.55,31.61,39.22,47.38,43.16,,60.12,,39.85,29.41,28.66,,,,,,,23.42,66.16,28.30,34.17
2009-03-01,,,,44.28,30.69,35.26,44.17,42.71,,55.17,,39.71,26.69,28.61,,,,,,,23.13,65.93,26.06,34.40
2009-04-01,,,,42.27,26.60,33.45,42.71,41.45,,46.04,,39.51,24.54,26.44,,,,,,,21.90,66.22,25.33,32.81
2009-05-01,,,,42.21,26.47,33.14,42.16,40.96,,45.30,,38.88,23.66,27.91,,,,,,,21.70,64.70,24.96,32.15
2009-06-01,,,,40.23,25.77,31.83,40.42,39.08,,44.71,,37.79,22.09,27.15,,,,,,,21.22,64.87,23.91,31.93
2009-07-01,,,,39.50,24.81,31.94,39.04,37.94,,45.67,,37.13,21.35,26.71,,,,,,,21.39,64.77,23.46,31.05
2009-08-01,,,,37.72,23.44,30.62,36.65,35.55,,43.59,,36.18,21.20,23.76,,,,,,,21.04,64.07,22.69,31.20
2009-09-01,,,,35.92,22.19,29.03,33.53,33.06,,39.43,,34.36,19.86,23.18,,,,,,,20.00,65.11,21.10,30.33
2009-10-01,,,,31.64,20.82,25.89,29.19,30.03,,28.96,,31.14,17.26,21.95,,,,,,,18.81,61.79,19.46,29.36
2009-11-01,,,,30.82,20.66,25.84,28.44,28.92,,28.90,,30.49,17.39,21.29,,,,,,,18.32,60.33,17.98,27.56
2009-12-01,,,,30.08,19.95,25.32,28.13,28.22,,29.59,,31.18,17.65,21.44,,,,,,,18.02,59.22,17.86,28.42
2010-01-01,,,42.51,31.77,20.49,25.77,28.22,25.52,33.32,32.14,,29.28,19.73,19.94,,,,,,22.12,17.80,60.05,18.80,28.44
2010-02-01,,,40.76,31.93,21.11,26.15,28.24,25.87,32.93,32.97,,29.74,20.76,20.23,,,,,,22.85,18.43,57.30,17.88,29.75
2010-03-01,,,42.48,32.12,20.45,25.40,29.41,26.63,33.46,33.90,,31.25,20.99,20.58,,,,,,23.61,16.98,55.49,18.21,29.77
2010-04-01,,,41.81,33.30,20.44,26.13,29.25,26.99,33.64,34.70,,31.03,20.97,20.61,,,,,,24.18,17.81,55.11,18.15,30.51
2010-05-01,,,39.67,33.23,20.42,26.28,29.24,27.06,33.86,35.26,,30.85,21.15,21.02,,,,,,23.57,17.83,54.12,18.12,30.06
2010-06-01,,,38.35,32.92,20.26,25.69,30.18,27.19,34.07,34.79,,31.20,20.82,21.43,,,,,,23.66,17.13,53.71,17.91,29.54
2010-07-01,,,38.58,33.59,20.58,26.02,31.27,27.63,34.81,36.80,,31.38,21.03,21.18,,,,,,23.90,17.05,53.64,18.36,29.56
2010-08-01,,,38.48,33.74,21.50,26.56,32.70,28.74,35.70,39.73,,30.71,21.66,21.97,,,,,,23.06,16.91,51.36,18.89,29.99
2010-09-01,,,38.40,35.39,24.30,28.16,33.93,30.93,36.95,42.87,,30.95,23.62,22.14,,,,,,24.37,18.53,52.07,19.61,31.12
2010-10-01,,,39.28,36.81,24.57,29.46,34.94,31.91,37.30,45.17,,31.69,24.72,22.98,,,,,,25.90,19.50,52.72,19.51,32.75
2010-11-01,,,39.21,36.54,24.82,30.03,35.89,32.55,37.82,45.75,,32.15,25.53,23.67,,,,,,27.57,19.76,51.91,19.86,32.77
2010-12-01,,,39.37,36.95,24.93,30.32,36.46,32.81,37.95,49.61,,33.44,26.12,25.05,,,,,,28.69,21.18,52.67,19.98,34.63
2011-01-01,,,40.19,38.32,26.34,32.55,37.54,33.68,39.31,49.19,,35.09,28.58,26.27,,,,,,29.11,22.41,51.43,20.30,35.69
2011-02-01,,,40.50,39.26,26.56,33.28,37.69,33.95,39.11,50.28,,37.60,29.15,28.71,,,,,,30.30,22.96,52.37,20.55,37.22
2011-03-01,,,40.96,39.46,26.85,33.34,37.70,34.85,41.73,48.34,,40.19,29.12,29.12,,,,,,30.76,23.54,53.99,21.26,36.79
2011-04-01,,,41.43,39.59,26.65,33.11,37.61,34.44,41.27,51.03,,39.57,28.89,29.05,,,,,,31.05,23.59,54.33,21.54,35.93
2011-05-01,,,41.78,38.78,26.24,33.02,37.68,34.78,41.07,50.61,,38.39,27.90,28.84,,,,,,29.75,23.02,53.18,20.81,35.58
2011-06-01,,,42.02,38.82,29.69,34.25,38.59,36.67,42.25,51.16,,38.81,28.10,29.51,,,,,,30.46,22.99,53.56,21.17,37.61
2011-07-01,,,42.37,39.08,29.67,34.46,39.09,36.42,42.72,51.92,,39.40,28.34,29.65,,,,,,31.71,23.16,53.40,21.63,38.42
2011-08-01,,,42.67,39.35,29.45,34.70,39.55,37.83,42.16,52.71,,40.53,28.20,29.56,,,,,,32.53,23.75,54.45,21.44,38.96
2011-09-01,,,42.33,40.46,27.42,35.19,40.68,37.99,42.83,52.49,,40.99,28.63,29.64,,,,,,33.74,24.52,55.08,21.81,39.06
2011-10-01,,,43.16,40.95,27.60,35.40,41.30,38.31,43.53,55.81,,41.21,29.27,29.36,,,,,,33.80,24.58,55.09,21.71,41.21
2011-11-01,,,42.66,40.91,27.75,35.07,41.41,38.20,43.54,55.78,,41.23,29.01,29.30,,,,,,33.67,24.57,55.37,21.70,40.32
2011-12-01,,,43.43,41.06,26.81,35.09,41.69,38.24,43.73,55.82,,41.06,29.31,29.18,,,,,,33.54,24.51,55.51,21.78,40.66
2012-01-01,,,43.58,41.17,26.60,34.94,41.66,38.17,44.50,55.07,,41.45,28.42,29.11,,,,,,33.66,24.06,55.44,21.63,40.91
2012-02-01,,,43.22,41.16,26.62,34.71,41.10,37.91,44.11,54.27,,40.61,28.29,29.05,,,,,,33.48,24.10,55.47,21.58,40.94
2012-03-01,,,42.96,41.17,28.82,34.80,41.04,38.14,43.13,53.41,,40.43,28.06,29.00,,,,,,32.32,24.14,56.03,21.56,40.93
2012-04-01,,,43.52,41.41,28.74,34.70,40.82,37.40,43.37,53.65,,41.31,27.65,28.92,,,,,,33.28,24.48,55.61,21.69,41.89
2012-05-01,,,43.64,41.51,28.57,34.79,40.96,37.44,43.43,53.37,,40.98,26.85,28.94,,,,,,33.94,24.78,55.08,21.79,43.12
2012-06-01,,,43.25,41.66,28.62,34.97,41.15,37.68,43.63,54.82,,40.66,27.24,29.04,,,,,,34.45,25.02,54.90,21.61,43.99
2012-07-01,,,42.84,42.28,28.75,35.14,41.19,37.60,43.21,55.99,,41.31,27.69,29.02,,,,,,34.00,25.05,58.20,21.62,44.45
2012-08-01,,,43.45,42.49,28.91,35.44,40.97,37.60,43.73,55.17,,41.52,27.96,28.97,,,,,,34.68,25.20,57.60,21.86,43.97
2012-09-01,,,42.92,42.34,29.39,36.84,41.18,37.95,44.04,55.16,,41.20,28.28,29.06,,,,,,34.17,25.22,57.49,22.04,44.28
2012-10-01,,,44.35,42.38,29.32,36.35,40.71,38.43,43.99,54.73,,40.93,28.41,29.13,,,,,,32.83,24.08,55.01,22.61,42.37
2012-11-01,,,43.38,42.52,29.28,36.56,40.14,38.75,43.80,54.40,,40.83,28.34,29.50,,,,,,32.42,24.07,55.05,21.65,42.21
2012-12-01,,,43.36,42.87,29.17,36.53,40.23,39.14,43.39,54.20,,42.55,28.33,29.96,,,,,,32.49,24.67,56.53,21.96,42.67
2013-01-01,,,43.28,42.92,29.03,36.83,40.67,38.35,43.74,51.34,,42.18,27.78,30.11,,,,,,32.44,25.19,56.77,21.83,42.67
2013-02-01,,,43.23,42.62,28.61,36.45,40.54,37.60,43.45,50.43,,42.27,28.27,30.38,,,,,,35.91,25.94,58.05,21.98,42.61
2013-03-01,,,43.26,42.55,28.38,36.19,40.57,37.56,43.34,50.19,,41.96,28.36,30.58,,,,,,34.00,25.83,57.79,22.05,42.85
2013-04-01,,,44.36,42.15,30.44,35.23,40.39,37.83,43.22,49.91,,41.90,28.74,30.06,,,,,,36.22,25.54,57.74,22.99,41.70
2013-05-01,,,43.05,41.78,30.72,34.92,40.75,37.51,42.88,49.59,,42.81,28.75,30.05,,,,,,34.34,25.47,58.76,22.85,39.76
2013-06-01,,,42.94,41.84,30.41,35.15,40.93,37.36,42.89,48.62,,41.34,28.25,29.62,,,,,,33.27,25.19,58.64,22.86,40.02
2013-07-01,,,43.26,41.97,30.00,35.15,40.74,37.25,42.98,48.41,,41.15,27.79,30.00,,,,,,33.24,25.16,58.65,22.81,39.90
2013-08-01,,,43.12,41.47,30.35,34.32,40.20,36.78,42.76,47.63,,40.68,27.56,30.05,,,,,,31.98,24.75,58.74,22.61,39.09
2013-09-01,,,42.87,40.41,26.19,33.23,39.01,34.26,40.80,43.75,,39.88,26.90,28.75,,,,,,31.72,24.21,58.39,22.43,37.87
2013-10-01,,,40.95,39.42,25.65,32.69,39.51,34.14,40.66,38.99,,40.53,26.29,28.88,,,,,,32.68,23.79,58.21,20.93,37.05
2013-11-01,,,40.90,38.77,25.93,32.20,39.13,33.99,40.23,38.78,,40.51,25.86,28.80,,,,,,33.58,23.73,57.89,20.71,37.64
2013-12-01,,,40.10,38.07,25.70,33.00,38.69,33.79,40.06,38.34,,39.99,26.47,28.86,,,,,,33.00,23.31,58.48,21.72,37.67
2014-01-01,,,41.25,38.26,25.12,32.38,38.86,33.74,39.59,38.21,,41.18,26.89,28.42,,,,,,32.16,22.90,58.38,20.77,37.96
2014-02-01,,,41.05,39.02,25.45,32.51,38.89,33.95,39.78,39.66,,40.38,28.32,28.49,,,,,,33.58,22.73,58.22,20.71,38.83
2014-03-01,,,40.98,39.72,25.73,33.29,38.88,33.82,40.25,42.58,,41.52,29.42,28.62,,,,,,31.60,22.66,56.99,21.10,39.69
2014-04-01,,,40.64,39.63,25.90,33.34,38.86,33.61,40.11,42.21,,42.18,29.42,29.84,,,,,,32.05,22.45,57.74,20.83,39.28
2014-05-01,,,40.39,38.74,25.67,32.64,38.56,33.43,39.85,41.82,,41.50,28.99,29.88,,,,,,31.67,22.43,57.65,20.90,38.62
2014-06-01,,,38.24,38.32,24.99,32.50,38.72,33.32,39.24,41.68,,41.58,28.53,29.20,,,,,,30.49,22.20,57.35,21.26,37.47
2014-07-01,,,38.17,38.15,24.95,32.45,39.54,33.56,39.63,41.77,,41.32,27.54,28.77,,,,,,30.10,22.04,57.64,21.25,37.26
2014-08-01,,,38.20,38.37,24.98,32.36,39.70,33.67,39.85,41.69,,41.51,28.00,29.05,,,,,,30.59,22.03,58.89,21.25,37.26
2014-09-01,,,38.05,38.49,25.16,32.33,39.77,33.90,39.69,43.19,,41.85,28.09,28.97,,,,,,30.84,22.21,59.98,20.91,38.12
2014-10-01,,,38.44,38.50,25.93,32.41,39.71,33.89,39.60,43.15,,41.85,28.29,29.17,,,,,,32.88,22.10,59.68,21.19,37.55
2014-11-01,,,38.43,38.82,25.96,32.31,38.74,33.92,39.61,43.34,,42.11,28.55,30.51,,,,,,31.87,22.15,60.26,21.18,37.59
2014-12-01,,,38.23,38.75,26.45,32.58,38.62,34.07,39.49,43.90,,42.06,29.08,29.67,,,,,,32.04,22.80,60.88,21.30,37.68
2015-01-01,,62.94,40.07,39.04,26.52,32.11,38.82,34.30,39.59,47.08,,41.69,29.26,30.15,,,,,,31.07,23.29,61.93,21.26,39.06
2015-02-01,,62.94,39.34,39.23,26.95,32.19,39.09,34.39,39.87,47.76,,43.04,29.28,30.14,,,,,,31.63,23.36,62.84,21.34,39.66
2015-03-01,,62.94,39.36,39.58,26.79,32.12,38.96,34.39,40.01,50.47,,41.87,29.30,30.62,,,,,,31.85,23.27,63.21,21.43,37.92
2015-04-01,,62.94,39.28,39.47,26.75,30.51,39.02,32.87,40.10,50.83,,41.55,29.01,30.30,,,,,,32.47,22.97,63.44,20.81,36.26
2015-05-01,,62.94,39.35,39.39,26.57,32.10,39.31,34.37,40.16,50.47,,42.52,28.59,29.63,,,,,,32.40,22.98,62.33,21.02,37.42
2015-06-01,,62.94,39.42,39.58,26.86,32.59,40.31,35.99,40.27,50.88,,42.39,27.76,28.88,,,,,,32.11,22.92,65.37,21.23,37.59
2015-07-01,,62.94,39.55,40.01,27.44,32.60,39.95,36.21,39.82,51.24,,41.40,27.59,28.12,,,,,,30.90,22.92,65.53,21.05,37.36
2015-08-01,,62.94,39.53,39.95,27.35,33.17,40.55,36.24,39.93,51.64,,41.02,27.57,28.02,,,,,,30.91,22.81,63.33,20.99,37.70
2015-09-01,,62.94,39.43,39.94,27.42,33.39,41.21,36.12,40.83,51.29,,41.45,27.60,28.18,,,,,,30.69,22.86,63.53,20.91,37.81
2015-10-01,,62.94,39.58,40.07,26.98,33.32,41.62,35.97,40.47,50.41,,41.76,27.57,28.90,,,,,,29.12,23.13,63.61,21.44,37.51
2015-11-01,,62.94,38.83,40.04,26.99,33.82,42.32,35.99,41.80,49.60,,41.75,27.67,29.26,,,,,,28.61,23.07,66.18,21.19,37.62
2015-12-01,,62.94,38.41,40.07,26.11,33.21,41.59,35.77,41.94,48.97,,41.63,27.30,29.03,,,,,,28.24,23.30,66.48,21.14,36.76
2016-01-01,,61.96,38.42,39.63,25.64,33.28,40.27,36.11,41.38,49.62,,41.41,26.54,29.94,,,,,,26.09,23.29,66.31,20.22,35.94
2016-02-01,,61.96,38.05,39.60,25.84,33.27,40.32,36.00,41.35,48.70,,41.69,26.29,29.76,,,,,,26.64,23.35,66.11,20.59,35.45
2016-03-01,,61.96,38.26,39.23,26.13,32.61,40.13,36.15,40.89,51.02,,41.25,25.75,29.30,,,,,,28.41,22.95,65.53,21.04,35.33
2016-04-01,,61.96,38.24,38.78,25.84,31.42,39.21,35.35,40.17,49.24,,41.04,25.38,28.45,,,,,,27.92,22.77,64.79,21.07,35.07
2016-05-01,,61.96,38.36,39.32,24.14,30.55,38.41,34.59,39.46,46.59,,38.79,24.78,27.54,,,,,,25.70,22.23,67.03,20.94,33.11
2016-06-01,,61.96,38.45,37.33,24.34,30.33,38.29,34.39,39.40,47.74,,39.18,23.50,25.85,,,,,,25.98,21.84,66.73,20.85,32.52
2016-07-01,,61.96,38.82,36.78,24.20,29.95,37.54,34.34,38.84,47.35,,37.98,22.73,24.59,,,,,,26.18,21.76,66.56,20.76,31.86
2016-08-01,,61.96,38.62,37.21,24.51,30.49,38.62,34.21,39.17,46.76,,38.73,22.65,24.15,,,,,,25.98,21.99,66.29,20.69,32.80
2016-09-01,,61.96,38.38,36.90,23.83,29.32,37.57,32.72,38.51,43.50,,35.64,22.37,22.90,,,,,,25.40,21.30,65.08,20.48,31.72
2016-10-01,,61.96,38.25,35.54,24.16,28.58,37.21,32.08,36.85,42.73,,35.36,20.97,22.80,,,,,,25.28,20.57,63.82,20.45,30.09
2016-11-01,,61.96,38.31,34.73,24.11,28.63,37.01,31.58,35.96,42.40,,34.81,21.45,22.88,,,,,,25.58,20.82,63.42,20.54,30.61
2016-12-01,,61.96,38.15,34.50,24.22,28.35,36.74,31.47,36.02,42.66,,34.58,22.65,24.13,,,,,,23.74,20.99,63.46,20.67,31.02
2017-01-01,,59.87,38.39,34.96,24.61,28.44,36.89,31.34,37.17,43.04,,35.50,22.93,25.37,,,,,,23.85,21.19,63.72,19.51,31.87
2017-02-01,,59.87,38.09,35.31,23.67,28.60,36.04,30.37,36.89,44.12,,35.46,23.15,25.63,,,,,,24.48,21.20,63.23,19.72,32.17
2017-03-01,,59.87,37.31,34.46,25.19,28.43,36.71,30.99,36.25,43.90,,36.35,23.11,26.21,,,,,,25.94,20.80,63.83,20.01,32.45
2017-04-01,,59.87,37.61,34.32,25.37,28.21,36.55,31.02,36.13,44.33,,36.40,22.50,25.77,,,,,,26.06,20.63,63.98,19.92,32.01
2017-05-01,,59.87,37.71,34.60,25.12,27.99,36.45,30.91,36.22,44.12,,35.93,22.87,25.39,,,,,,26.64,20.76,68.20,19.70,31.24
2017-06-01,,59.87,37.58,34.83,24.99,27.84,36.46,31.19,36.61,43.91,,36.17,21.94,24.42,,,,,,27.01,20.95,68.51,19.45,30.76
2017-07-01,,59.87,37.64,34.79,24.94,27.82,36.42,31.20,36.61,43.95,,36.03,21.79,24.32,,,,,,24.90,20.86,68.59,19.39,29.97
2017-08-01,,59.87,37.02,34.90,24.54,27.83,36.56,31.21,36.57,43.50,,36.03,22.20,24.35,,,,,,24.41,20.89,68.53,19.38,29.42
2017-09-01,,59.87,37.04,34.69,24.79,28.24,36.30,30.51,36.15,43.33,,36.19,23.11,25.45,,,,,,23.94,20.88,68.46,19.53,30.06
2017-10-01,,59.87,36.16,34.34,25.44,28.26,36.21,30.86,36.17,42.30,,36.33,23.97,26.65,,,,,,24.54,21.07,67.68,19.52,30.67
2017-11-01,,59.87,36.38,34.57,25.97,28.70,36.31,30.79,36.23,40.26,,35.87,24.13,26.96,,,,,,23.99,21.45,67.40,19.53,30.69
2017-12-01,,59.87,36.32,34.61,25.85,28.24,36.18,30.85,36.15,40.15,,35.93,24.26,26.92,,,,,,23.88,21.40,67.29,19.47,30.74
2018-01-01,,59.62,36.82,34.58,25.79,28.16,34.78,30.55,35.27,40.84,,35.99,23.96,25.17,,,,,,24.69,21.65,63.62,19.46,30.83
2018-02-01,,59.50,35.79,34.39,25.62,28.05,34.54,30.59,35.26,40.57,,35.30,23.41,25.16,,,,,,26.71,21.57,64.43,19.23,31.76
2018-03-01,,59.84,36.29,34.46,26.67,28.30,34.12,30.51,34.93,40.61,,35.28,23.31,25.16,,,,,,26.59,21.60,65.01,19.67,32.15
2018-04-01,,61.19,35.34,34.55,26.52,28.19,34.08,30.62,34.80,40.75,,35.11,23.21,24.84,,,,,,26.74,21.38,65.08,19.71,31.71
2018-05-01,,60.68,35.32,34.78,26.44,27.86,34.04,30.39,34.80,40.87,,34.54,23.34,24.81,,,,,,26.59,21.09,63.96,19.73,31.15
2018-06-01,,59.99,35.31,34.68,26.28,27.76,34.00,29.95,34.66,41.14,,35.25,23.34,24.80,,,,,,26.28,21.03,64.42,19.56,31.53
2018-07-01,,59.68,35.46,34.68,25.98,28.17,34.06,30.13,34.80,42.72,,35.49,23.03,24.61,,,,,,26.07,20.94,64.46,20.20,31.51
2018-08-01,,59.77,36.19,34.61,26.41,28.63,34.14,31.03,36.42,44.42,,35.56,23.67,24.47,,,,,,25.78,20.86,64.11,19.43,32.06
2018-09-01,,60.75,36.85,35.38,27.01,29.63,35.79,32.34,37.71,44.10,,34.10,24.69,26.43,,,,,,26.40,21.10,63.49,19.43,32.82
2018-10-01,,60.75,36.95,35.14,26.94,29.63,36.15,32.00,37.81,44.96,,34.22,24.87,26.91,,,,,,26.46,21.08,63.47,19.81,32.75
2018-11-01,,60.75,37.36,34.81,27.01,29.85,36.20,32.49,38.02,44.97,,34.07,24.90,26.99,,,,,,26.24,21.12,64.42,19.53,33.31
2018-12-01,,60.36,37.27,34.46,27.06,29.88,36.23,32.40,37.63,44.64,,34.00,25.02,26.35,,,,,,26.45,20.55,64.21,19.29,32.83
2019-01-01,,60.64,37.68,35.94,27.09,30.46,36.40,32.56,37.77,46.79,,36.28,25.14,27.48,,,,,,29.21,21.80,63.95,19.71,34.42
2019-02-01,,61.72,37.66,36.33,27.09,30.44,36.45,32.53,37.39,46.75,,36.66,25.10,27.30,,,,,,29.51,22.28,63.53,19.59,34.33
2019-03-01,,62.23,37.66,36.23,27.45,30.25,36.45,32.51,37.31,46.60,,36.43,24.96,27.27,,,,,,29.09,22.49,63.53,19.72,34.27
2019-04-01,,63.42,37.98,35.91,27.33,30.18,36.44,32.26,37.16,45.19,,35.86,24.77,27.82,,,,,,28.84,22.09,63.60,19.54,33.20
2019-05-01,,63.97,37.83,35.68,26.65,30.03,36.41,31.99,37.23,44.61,,35.88,24.71,27.78,,,,,,28.64,21.88,63.52,19.65,32.69
2019-06-01,,63.28,37.96,35.45,27.04,30.84,36.41,32.17,37.04,45.14,,35.72,24.53,27.60,,,,,,28.43,21.45,63.43,19.64,32.38
2019-07-01,,62.00,37.99,35.65,27.18,30.71,36.34,31.83,36.97,44.55,,36.56,24.21,27.50,,,,,,28.52,21.50,63.41,19.71,32.96
2019-08-01,,61.40,37.75,35.64,25.71,30.51,36.25,31.53,36.70,43.70,,36.50,23.82,26.90,,,,,,28.54,21.54,63.41,19.66,33.28
2019-09-01,,61.12,37.57,35.54,25.21,30.35,36.11,31.51,36.59,42.84,,36.77,23.65,26.78,,,,,,28.54,21.63,63.54,19.66,33.37
2019-10-01,,60.99,38.95,35.84,25.08,30.13,35.64,31.50,36.48,42.11,,36.99,23.58,26.71,,,,,,28.55,21.89,63.49,19.69,33.81
2019-11-01,,61.89,38.55,36.14,25.07,30.36,35.54,31.50,36.47,41.72,,36.79,23.73,26.86,,,,,,28.56,22.37,62.51,19.53,34.92
2019-12-01,,61.35,37.23,36.17,24.55,29.72,34.97,31.02,36.21,41.37,,36.24,23.72,26.85,,,,,,27.34,22.49,63.30,19.50,34.98
2020-01-01,,64.51,37.10,36.00,24.83,30.10,34.89,31.02,36.57,40.13,,36.80,23.56,26.93,,,,,,28.72,22.46,63.38,19.88,34.36
2020-02-01,,63.62,37.45,34.97,24.27,29.80,34.75,30.79,36.33,40.42,,36.97,23.15,24.72,,,,,,28.16,22.31,63.10,20.42,34.06
2020-03-01,,64.15,37.45,34.14,24.19,29.67,34.54,30.61,36.27,40.81,,36.19,21.83,24.79,,,,,,26.71,21.81,64.80,20.33,32.32
2020-04-01,,62.86,37.62,33.82,24.16,29.54,34.21,30.51,36.09,40.14,,35.73,21.84,24.74,,,,,,26.45,21.78,65.68,20.29,31.92
2020-05-01,,63.91,37.28,33.48,24.30,29.51,34.23,30.34,36.00,38.78,,36.02,21.93,24.67,,,,,,26.55,21.62,65.53,20.18,31.36
2020-06-01,,63.62,36.56,33.39,24.30,29.43,34.18,30.30,35.76,37.26,,36.19,22.01,24.49,,,,,,26.55,21.32,64.66,20.16,30.97
2020-07-01,,61.62,36.25,33.03,24.55,29.11,34.03,30.03,35.76,37.11,,36.17,21.90,23.83,,,,,,26.32,21.00,64.31,20.08,30.63
2020-08-01,,62.94,36.43,32.77,24.67,29.08,34.01,29.90,35.81,37.74,,36.46,21.78,23.52,,,,,,26.38,20.95,64.36,20.18,30.60
2020-09-01,,63.44,36.45,33.06,24.78,29.16,34.00,29.91,35.90,37.88,,35.99,21.97,24.40,,,,,,26.70,21.60,64.07,20.17,31.31
2020-10-01,,63.48,35.61,33.11,24.98,29.09,34.12,29.73,35.53,37.84,,36.20,21.75,24.38,,,,,,26.72,21.66,64.95,20.20,32.15
2020-11-01,,63.49,35.58,33.06,25.32,28.70,33.95,29.80,35.04,38.02,,35.78,21.43,24.16,,,,,,26.60,21.41,64.59,20.30,31.09
2020-12-01,,63.49,34.81,33.79,25.53,29.03,34.19,30.18,35.53,38.26,,35.65,21.82,24.43,,,,,,27.06,21.21,64.01,20.39,31.59
2021-01-01,,66.38,36.19,35.75,,29.58,34.34,30.47,35.82,40.17,,36.25,22.55,24.87,,,,,,27.17,21.42,62.82,20.60,32.94
2021-02-01,,67.90,36.65,35.96,,29.80,35.08,30.56,35.75,42.32,,36.94,23.39,25.84,,,,,,28.27,22.10,62.85,20.79,34.01
2021-03-01,,68.96,36.69,36.41,,29.49,35.46,30.99,36.36,43.89,,37.96,24.24,26.72,,,,,,29.26,22.80,63.64,20.76,36.71
2021-04-01,,69.62,36.86,35.06,,29.59,35.49,31.38,36.13,47.17,,37.32,25.04,27.57,,,,,,30.90,22.61,63.62,20.64,38.43
2021-05-01,,69.72,36.54,35.56,,30.43,36.14,31.88,37.75,47.44,,39.46,25.91,28.78,,,,,,34.05,23.10,63.15,20.77,39.78
2021-06-01,,69.72,36.56,36.38,,30.67,36.80,32.71,38.40,50.54,,41.22,26.29,29.30,,,,,,33.67,24.00,62.88,21.07,41.46
2021-07-01,,74.04,40.65,38.49,,33.06,38.53,34.23,40.51,55.26,,42.25,27.52,30.54,,,,,,35.25,24.69,64.21,21.54,41.79
2021-08-01,,77.60,43.88,41.50,,34.64,40.88,37.28,42.95,58.58,,43.67,27.68,31.22,,,,,,35.96,25.96,67.04,22.11,44.22
2021-09-01,,78.42,44.67,44.35,,38.84,45.21,41.31,46.79,63.44,,48.21,33.51,33.83,,,,,,38.34,28.00,68.42,22.52,48.44
2021-10-01,,80.70,57.04,50.05,,42.68,48.30,45.35,50.75,67.99,,59.44,41.12,41.00,,,,,,54.20,35.67,72.39,24.31,62.61
2021-11-01,,81.64,59.45,54.01,,45.74,52.37,49.88,55.58,74.66,,63.39,50.79,50.37,,,,,,58.45,39.56,73.60,26.12,75.38
2021-12-01,,79.92,60.71,56.81,,48.64,55.13,51.93,57.73,77.66,,66.05,56.98,54.93,,,,,,60.89,41.99,76.65,27.52,81.82
2022-01-01,,79.82,56.81,60.28,,50.52,56.59,52.69,62.01,79.65,,68.11,59.37,56.03,,,,,,64.79,44.74,81.01,28.58,86.63
2022-02-01,,81.98,60.69,63.50,,52.92,58.63,54.31,60.85,82.00,,70.71,62.13,58.08,,,,,,65.59,46.84,83.38,29.73,90.71
2022-03-01,,83.65,68.05,67.93,,55.85,61.34,56.35,66.75,91.03,,76.63,67.85,64.29,,,,,,76.99,51.86,88.27,33.21,95.42
2022-04-01,,83.93,88.10,70.62,,59.41,63.76,58.27,71.05,98.63,,82.66,70.89,67.55,,,,,,78.69,54.31,92.90,38.58,99.49
2022-05-01,,85.89,89.56,72.09,,61.79,66.81,61.60,72.76,101.01,,84.64,69.83,67.60,,,,,,78.21,55.04,94.74,40.38,99.62
2022-06-01,,85.72,90.65,72.97,,63.98,68.49,63.90,75.08,103.13,,85.91,68.31,65.94,,,,,,74.98,56.89,97.69,41.46,99.29
2022-07-01,,85.69,87.99,75.39,,67.77,69.74,65.99,78.08,105.64,,86.22,68.22,66.37,,,,,,74.95,57.67,102.96,42.96,98.25
2022-08-01,,93.04,88.16,76.80,,67.68,72.90,68.54,78.75,106.95,,90.25,69.61,67.76,,,,,,75.61,57.86,101.44,39.66,98.52
2022-09-01,,100.53,86.79,78.69,,71.09,79.71,75.25,85.38,106.43,,92.84,77.63,73.68,,,,,,78.47,59.28,100.22,41.87,99.48
2022-10-01,,102.77,86.37,79.34,,72.00,82.42,76.51,86.86,106.13,,95.81,79.09,75.65,,,,,,80.09,58.45,102.48,42.35,98.28
2022-11-01,,101.05,84.20,80.02,,71.82,83.14,76.32,86.33,103.29,,93.16,78.99,75.24,,,,,,76.99,58.85,111.84,41.38,94.85
2022-12-01,,98.14,80.40,78.93,,70.79,82.48,74.33,85.79,99.98,,86.44,76.28,72.65,,,,,,75.58,56.14,110.98,40.30,88.76
2023-01-01,,100.91,76.02,78.78,52.53,69.63,80.00,73.14,84.76,95.35,,83.25,72.67,75.66,,,,,,65.54,53.19,102.50,40.57,80.56
2023-02-01,,99.07,72.99,77.08,50.87,66.30,77.34,70.96,81.80,91.81,,78.93,68.94,72.37,,,,,,63.90,51.37,100.42,39.03,75.87
2023-03-01,,99.07,69.19,73.93,48.54,63.06,74.03,67.59,78.57,88.29,,77.06,62.22,66.60,,,,,,60.33,50.17,100.17,38.38,68.78
2023-04-01,,97.85,64.02,71.63,46.43,61.01,70.30,64.88,77.15,85.24,,69.33,54.79,59.88,,,,,,55.11,46.36,103.09,37.33,63.46
2023-05-01,,97.85,64.24,69.28,44.42,58.77,68.60,63.32,75.93,82.75,,66.95,44.74,48.43,,,,,,52.73,41.92,101.41,36.89,59.58
2023-06-01,,90.51,63.75,68.84,43.61,57.50,68.49,61.96,73.97,83.35,,62.96,41.88,46.94,,,,,,50.86,37.89,99.30,34.77,57.46
2023-07-01,,88.68,61.41,65.12,41.86,55.59,66.83,60.10,72.01,81.68,,56.62,39.69,42.99,,,,,,50.22,33.28,90.76,33.94,54.88
2023-08-01,,85.62,60.59,62.61,40.04,53.88,63.55,58.19,68.47,75.92,,53.64,38.42,40.35,,,,,,49.66,31.52,90.03,33.39,53.42
2023-09-01,,85.49,59.13,59.31,41.40,52.00,63.73,56.93,71.91,74.58,,53.99,40.42,41.38,,,,,,49.35,31.82,84.76,33.06,51.19
2023-10-01,,79.37,59.58,58.26,42.08,52.03,64.95,55.29,72.25,71.10,,54.83,40.49,42.79,,,,,,44.75,32.80,86.17,32.18,52.56
2023-11-01,,79.17,57.64,57.98,41.83,49.53,63.81,54.74,71.32,69.96,,55.82,39.54,42.52,,,,,,45.15,32.57,84.90,30.35,52.41
2023-12-01,,88.35,58.29,57.07,41.18,49.49,62.85,53.20,67.90,68.33,,55.79,40.38,42.73,,,,,,47.32,33.14,85.16,30.61,52.28
2024-01-01,0.00,89.19,58.48,55.61,39.57,48.31,59.27,52.11,64.24,70.54,0.00,55.92,36.38,39.58,0.00,0.00,0.00,0.00,0.00,47.21,32.16,82.17,30.96,49.49
2024-02-01,0.00,89.39,57.85,54.86,39.25,48.08,58.02,51.67,62.53,69.80,0.00,54.68,35.63,39.00,0.00,0.00,0.00,0.00,0.00,46.70,32.54,82.05,32.30,49.22
2024-03-01,0.00,89.44,55.00,53.63,39.08,47.12,58.00,51.62,59.84,69.43,0.00,52.11,34.72,38.83,0.00,0.00,0.00,0.00,0.00,46.28,31.38,81.40,31.95,47.74
2024-04-01,0.00,85.12,54.48,53.60,38.94,46.27,57.26,50.98,59.89,70.02,0.00,51.75,33.46,37.14,0.00,0.00,0.00,0.00,0.00,44.58,29.80,80.47,31.87,47.85
2024-05-01,0.00,86.56,53.92,53.54,38.81,45.76,56.89,50.87,59.81,70.63,0.00,52.46,32.82,36.69,0.00,0.00,0.00,0.00,0.00,42.84,30.65,81.64,30.86,46.57
2024-06-01,0.00,86.86,54.53,52.38,37.54,45.68,56.72,50.06,60.06,70.64,0.00,52.31,32.58,36.65,0.00,0.00,0.00,0.00,0.00,42.88,30.46,81.96,28.85,46.61
2024-07-01,0.00,85.41,54.08,51.91,37.11,45.26,55.31,49.21,59.21,71.84,0.00,51.45,32.24,36.56,0.00,0.00,0.00,0.00,0.00,41.66,29.81,80.43,28.66,46.18
2024-08-01,0.00,84.23,52.61,51.79,37.20,45.03,55.47,49.66,58.07,71.62,0.00,50.73,32.54,36.11,0.00,0.00,0.00,0.00,0.00,41.66,29.24,79.39,29.08,46.18
2024-09-01,0.00,84.00,52.59,52.01,37.16,44.78,55.05,50.11,57.62,71.47,0.00,51.79,32.80,35.84,0.00,0.00,0.00,0.00,0.00,41.88,29.55,79.80,28.17,46.78
2024-10-01,0.00,83.95,52.34,52.27,37.13,44.64,54.70,50.31,57.43,70.99,0.00,51.97,32.75,36.44,0.00,0.00,0.00,0.00,0.00,41.75,30.27,81.43,28.12,47.54
2024-11-01,0.00,87.45,52.20,52.40,36.82,44.44,54.35,49.85,57.09,70.22,0.00,52.18,32.64,36.59,0.00,0.00,0.00,0.00,0.00,42.02,29.60,82.31,28.31,47.29
2024-12-01,0.00,88.18,52.46,52.85,37.20,44.66,54.56,50.28,57.41,71.19,0.00,53.11,33.03,36.76,0.00,0.00,0.00,0.00,0.00,42.42,29.85,83.13,28.35,48.87
2025-01-01,0.00,88.33,46.99,53.66,37.72,45.55,56.40,50.71,57.75,70.30,0.00,53.22,34.35,38.80,0.00,0.00,0.00,0.00,0.00,43.73,30.61,84.14,33.03,50.95
2025-02-01,0.00,77.84,46.93,54.53,38.47,45.96,56.86,51.40,58.61,71.74,0.00,53.72,36.35,39.49,0.00,0.00,0.00,0.00,0.00,42.60,31.69,82.92,32.24,51.82
2025-03-01,0.00,75.65,47.21,54.26,38.71,46.27,57.23,51.97,57.80,72.24,0.00,54.37,39.00,42.06,0.00,0.00,0.00,0.00,0.00,43.48,32.05,82.71,31.17,52.58
2025-04-01,0.00,73.45,47.33,54.33,39.11,46.49,57.54,52.51,58.50,73.11,0.00,53.66,40.00,43.41,0.00,0.00,0.00,0.00,0.00,45.27,32.77,81.09,31.68,52.69
2025-05-01,0.00,78.83,48.16,55.25,39.12,46.40,57.62,52.48,58.89,74.52,0.00,54.64,39.53,42.91,0.00,0.00,0.00,0.00,0.00,45.81,33.48,81.02,32.15,53.20
2025-06-01,0.00,86.23,48.40,54.81,39.35,46.30,57.13,52.00,57.39,74.89,0.00,55.16,39.08,42.80,0.00,0.00,0.00,0.00,0.00,47.49,33.13,86.44,32.26,52.95
2025-07-01,0.00,93.75,49.05,54.94,39.70,46.44,58.07,53.27,59.20,76.16,0.00,55.16,38.47,43.56,0.00,0.00,0.00,0.00,0.00,47.68,33.19,87.41,32.28,52.90
2025-08-01,0.00,95.79,49.06,54.94,40.22,46.77,58.40,53.75,59.19,76.48,0.00,55.01,38.64,43.39,0.00,0.00,0.00,0.00,0.00,47.62,33.12,86.34,32.65,52.80
2025-09-01,0.00,96.05,49.04,55.30,39.95,47.09,58.35,53.88,59.57,77.18,0.00,56.21,38.49,42.91,0.00,0.00,0.00,0.00,0.00,49.15,32.87,89.28,33.47,52.71
2025-10-01,0.00,100.72,50.39,56.25,41.01,47.91,59.00,55.51,60.57,78.19,0.00,57.35,38.35,42.03,0.00,0.00,0.00,0.00,0.00,50.86,33.76,90.30,34.17,54.05
2025-11-01,0.00,107.94,52.15,56.76,40.82,48.55,59.09,55.45,61.17,78.42,0.00,57.41,38.23,41.58,0.00,0.00,0.00,0.00,0.00,50.79,33.71,90.46,33.55,54.91
2025-12-01,0.00,109.40,50.38,56.73,40.70,48.46,59.33,55.43,61.53,77.89,0.00,57.06,38.66,42.23,0.00,0.00,0.00,0.00,0.00,50.03,33.71,88.16,32.77,55.26
2026-01-01,0.00,100.17,49.55,57.12,40.85,48.67,59.86,55.95,61.63,77.46,0.00,54.93,38.92,42.38,0.00,0.00,0.00,0.00,0.00,48.71,33.55,85.67,32.32,54.66
2026-02-01,0.00,99.81,51.32,58.24,41.13,49.87,61.09,56.30,62.20,80.18,0.00,56.08,39.53,42.67,0.00,0.00,0.00,0.00,0.00,49.41,34.35,87.57,32.57,57.06
2026-03-01,0.00,106.85,52.56,62.73,44.00,52.16,63.09,58.13,64.47,84.80,0.00,62.11,43.29,45.45,0.00,0.00,0.00,0.00,0.00,54.04,38.71,91.16,34.02,67.65
2026-04-01,0.00,0.00,0.00,0.00,0.00,0.00,0.00,0.00,0.00,0.00,0.00,0.00,0.00,0.00,0.00,0.00,0.00,0.00,0.00,0.00,0.00,0.00,0.00,0.00
2026-05-01,0.00,0.00,0.00,0.00,0.00,0.00,0.00,0.00,0.00,0.00,0.00,0.00,0.00,0.00,0.00,0.00,0.00,0.00,0.00,0.00,0.00,0.00,0.00,0.00
2026-06-01,0.00,0.00,0.00,0.00,0.00,0.00,0.00,0.00,0.00,0.00,0.00,0.00,0.00,0.00,0.00,0.00,0.00,0.00,0.00,0.00,0.00,0.00,0.00,0.00
2026-07-01,0.00,0.00,0.00,0.00,0.00,0.00,0.00,0.00,0.00,0.00,0.00,0.00,0.00,0.00,0.00,0.00,0.00,0.00,0.00,0.00,0.00,0.00,0.00,0.00
2026-08-01,0.00,0.00,0.00,0.00,0.00,0.00,0.00,0.00,0.00,0.00,0.00,0.00,0.00,0.00,0.00,0.00,0.00,0.00,0.00,0.00,0.00,0.00,0.00,0.00
2026-09-01,0.00,0.00,0.00,0.00,0.00,0.00,0.00,0.00,0.00,0.00,0.00,0.00,0.00,0.00,0.00,0.00,0.00,0.00,0.00,0.00,0.00,0.00,0.00,0.00
2026-10-01,0.00,0.00,0.00,0.00,0.00,0.00,0.00,0.00,0.00,0.00,0.00,0.00,0.00,0.00,0.00,0.00,0.00,0.00,0.00,0.00,0.00,0.00,0.00,0.00
2026-11-01,0.00,0.00,0.00,0.00,0.00,0.00,0.00,0.00,0.00,0.00,0.00,0.00,0.00,0.00,0.00,0.00,0.00,0.00,0.00,0.00,0.00,0.00,0.00,0.00
2026-12-01,0.00,0.00,0.00,0.00,0.00,0.00,0.00,0.00,0.00,0.00,0.00,0.00,0.00,0.00,0.00,0.00,0.00,0.00,0.00,0.00,0.00,0.00,0.00,0.00
