feature_name,source_column_or_source_group,feature_origin,feature_type,system_layer,temporal_relation_to_target,output_role,allowed_model_input,official_baseline_status,included_in_minimal_baseline,included_in_extended_baseline,leakage_risk,present_in_loaded_dataset,justification,notes
date_month,date,calendar_derived,derived_temporal,temporal_reference,calendar_at_t,input_or_diagnostic,yes,keep_minimal,yes,yes,low,yes,Included in the official minimal baseline feature set.,
date_week_of_year,date,calendar_derived,derived_temporal,temporal_reference,calendar_at_t,input_or_diagnostic,yes,keep_minimal,yes,yes,low,yes,Included in the official minimal baseline feature set.,
date_year,date,calendar_derived,derived_temporal,temporal_reference,calendar_at_t,input_or_diagnostic,yes,keep_minimal,yes,yes,low,yes,Included in the official minimal baseline feature set.,
demand_index,demand_index,external_proxy,numerical,external_proxy_upstream,current_t_context,input_or_diagnostic,yes,keep_minimal,yes,yes,low,yes,Included in the official minimal baseline feature set.,
demand_supply_gap,demand_supply,derived_ratio_gap,derived,engineered_feature,current_t_context,input_or_diagnostic,yes,keep_minimal,yes,yes,low,yes,Included in the official minimal baseline feature set.,
supply_index,supply_index,external_proxy,numerical,external_proxy_upstream,current_t_context,input_or_diagnostic,yes,keep_minimal,yes,yes,low,yes,Included in the official minimal baseline feature set.,
synthetic_inventory_coverage_days,synthetic_inventory_coverage_days,synthetic_internal,numerical,synthetic_operational_state,current_t_context,input_or_diagnostic,yes,keep_minimal,yes,yes,low,yes,Included in the official minimal baseline feature set.,
synthetic_lead_time_days,synthetic_lead_time_days,synthetic_internal,numerical,synthetic_operational_state,current_t_context,input_or_diagnostic,yes,keep_minimal,yes,yes,low,yes,Included in the official minimal baseline feature set.,
synthetic_plant_capacity_utilization,synthetic_plant_capacity_utilization,synthetic_internal,numerical,synthetic_operational_state,current_t_context,input_or_diagnostic,yes,keep_minimal,yes,yes,low,yes,Included in the official minimal baseline feature set.,
synthetic_raw_material_requirement,synthetic_raw_material_requirement,synthetic_internal,numerical,target_like_diagnostic,current_t_context,input_or_diagnostic,yes,keep_minimal,yes,yes,low,yes,Included in the official minimal baseline feature set.,
synthetic_raw_material_requirement_lag_1,synthetic_raw_material_requirement,autoregressive,derived,target_like_diagnostic,historical_lag,input_or_diagnostic,yes,keep_minimal,yes,yes,low,yes,Included in the official minimal baseline feature set.,
synthetic_raw_material_requirement_roll_mean_4,synthetic_raw_material_requirement,autoregressive,derived,target_like_diagnostic,historical_rolling,input_or_diagnostic,yes,keep_minimal,yes,yes,low,yes,Included in the official minimal baseline feature set.,
synthetic_waste_rate,synthetic_waste_rate,synthetic_internal,numerical,synthetic_operational_state,current_t_context,input_or_diagnostic,yes,keep_minimal,yes,yes,low,yes,Included in the official minimal baseline feature set.,
synthetic_yield_rate,synthetic_yield_rate,synthetic_internal,numerical,synthetic_operational_state,current_t_context,input_or_diagnostic,yes,keep_minimal,yes,yes,low,yes,Included in the official minimal baseline feature set.,
demand_index_lag_1,demand_index,autoregressive,derived,external_proxy_upstream,historical_lag,input_or_diagnostic,yes,keep_extended,no,yes,low,yes,Included only in the official extended baseline feature set.,
demand_index_lag_4,demand_index,autoregressive,derived,external_proxy_upstream,historical_lag,input_or_diagnostic,yes,keep_extended,no,yes,low,yes,Included only in the official extended baseline feature set.,
demand_index_roll_mean_4,demand_index,autoregressive,derived,external_proxy_upstream,historical_rolling,input_or_diagnostic,yes,keep_extended,no,yes,low,yes,Included only in the official extended baseline feature set.,
expected_waste,expected_waste,manufacturing_context,numerical_context,manufacturing_context,current_t_context,input_or_diagnostic,yes,keep_extended,no,yes,low,yes,Included only in the official extended baseline feature set.,
expected_yield,expected_yield,manufacturing_context,numerical_context,manufacturing_context,current_t_context,input_or_diagnostic,yes,keep_extended,no,yes,low,yes,Included only in the official extended baseline feature set.,
process_lead_time_days,process_lead_time_days,manufacturing_context,numerical_context,manufacturing_context,current_t_context,input_or_diagnostic,yes,keep_extended,no,yes,low,yes,Included only in the official extended baseline feature set.,
product_family__cooked_emulsion,product_family,manufacturing_context,categorical_context,manufacturing_context,current_t_context,input_or_diagnostic,yes,keep_extended,no,yes,low,yes,Included only in the official extended baseline feature set.,
product_family__cured_embutido,product_family,manufacturing_context,categorical_context,manufacturing_context,current_t_context,input_or_diagnostic,yes,keep_extended,no,yes,low,yes,Included only in the official extended baseline feature set.,
product_family__fresh_preparation,product_family,manufacturing_context,categorical_context,manufacturing_context,current_t_context,input_or_diagnostic,yes,keep_extended,no,yes,low,yes,Included only in the official extended baseline feature set.,
shelf_life_class__long,shelf_life_class,manufacturing_context,categorical_context,manufacturing_context,current_t_context,input_or_diagnostic,yes,keep_extended,no,yes,low,yes,Included only in the official extended baseline feature set.,
shelf_life_class__medium,shelf_life_class,manufacturing_context,categorical_context,manufacturing_context,current_t_context,input_or_diagnostic,yes,keep_extended,no,yes,low,yes,Included only in the official extended baseline feature set.,
shelf_life_class__short,shelf_life_class,manufacturing_context,categorical_context,manufacturing_context,current_t_context,input_or_diagnostic,yes,keep_extended,no,yes,low,yes,Included only in the official extended baseline feature set.,
supply_index_lag_1,supply_index,autoregressive,derived,external_proxy_upstream,historical_lag,input_or_diagnostic,yes,keep_extended,no,yes,low,yes,Included only in the official extended baseline feature set.,
supply_index_roll_mean_4,supply_index,autoregressive,derived,external_proxy_upstream,historical_rolling,input_or_diagnostic,yes,keep_extended,no,yes,low,yes,Included only in the official extended baseline feature set.,
synthetic_inventory_coverage_days_lag_1,synthetic_inventory_coverage_days,autoregressive,derived,synthetic_operational_state,historical_lag,input_or_diagnostic,yes,keep_extended,no,yes,low,yes,Included only in the official extended baseline feature set.,
synthetic_inventory_coverage_days_roll_mean_4,synthetic_inventory_coverage_days,autoregressive,derived,synthetic_operational_state,historical_rolling,input_or_diagnostic,yes,keep_extended,no,yes,low,yes,Included only in the official extended baseline feature set.,
synthetic_lead_time_days_lag_1,synthetic_lead_time_days,autoregressive,derived,synthetic_operational_state,historical_lag,input_or_diagnostic,yes,keep_extended,no,yes,low,yes,Included only in the official extended baseline feature set.,
synthetic_plant_capacity_utilization_lag_1,synthetic_plant_capacity_utilization,autoregressive,derived,synthetic_operational_state,historical_lag,input_or_diagnostic,yes,keep_extended,no,yes,low,yes,Included only in the official extended baseline feature set.,
synthetic_plant_production_volume,synthetic_plant_production_volume,synthetic_internal,numerical,synthetic_operational_state,current_t_context,input_or_diagnostic,yes,keep_extended,no,yes,low,yes,Included only in the official extended baseline feature set.,
synthetic_plant_production_volume_lag_1,synthetic_plant_production_volume,autoregressive,derived,synthetic_operational_state,historical_lag,input_or_diagnostic,yes,keep_extended,no,yes,low,yes,Included only in the official extended baseline feature set.,
synthetic_raw_material_requirement_lag_2,synthetic_raw_material_requirement,autoregressive,derived,target_like_diagnostic,historical_lag,input_or_diagnostic,yes,keep_extended,no,yes,low,yes,Included only in the official extended baseline feature set.,
synthetic_raw_material_requirement_lag_4,synthetic_raw_material_requirement,autoregressive,derived,target_like_diagnostic,historical_lag,input_or_diagnostic,yes,keep_extended,no,yes,low,yes,Included only in the official extended baseline feature set.,
synthetic_raw_material_requirement_lag_8,synthetic_raw_material_requirement,autoregressive,derived,target_like_diagnostic,historical_lag,input_or_diagnostic,yes,keep_extended,no,yes,low,yes,Included only in the official extended baseline feature set.,
synthetic_raw_material_requirement_roll_mean_12,synthetic_raw_material_requirement,autoregressive,derived,target_like_diagnostic,historical_rolling,input_or_diagnostic,yes,keep_extended,no,yes,low,yes,Included only in the official extended baseline feature set.,
synthetic_waste_rate_lag_1,synthetic_waste_rate,autoregressive,derived,synthetic_operational_state,historical_lag,input_or_diagnostic,yes,keep_extended,no,yes,low,yes,Included only in the official extended baseline feature set.,
synthetic_yield_rate_lag_1,synthetic_yield_rate,autoregressive,derived,synthetic_operational_state,historical_lag,input_or_diagnostic,yes,keep_extended,no,yes,low,yes,Included only in the official extended baseline feature set.,
demand_index_lag_2,demand_index,autoregressive,derived,external_proxy_upstream,historical_lag,input_or_diagnostic,review,review,no,no,low,yes,Review pool feature retained for diagnostic evaluation only.,
demand_index_lag_8,demand_index,autoregressive,derived,external_proxy_upstream,historical_lag,input_or_diagnostic,review,review,no,no,low,yes,Review pool feature retained for diagnostic evaluation only.,
demand_index_roll_mean_12,demand_index,autoregressive,derived,external_proxy_upstream,historical_rolling,input_or_diagnostic,review,review,no,no,low,yes,Review pool feature retained for diagnostic evaluation only.,
demand_supply_ratio,demand_supply,derived_ratio_gap,derived,engineered_feature,current_t_context,input_or_diagnostic,review,review,no,no,low,yes,Review pool feature retained for diagnostic evaluation only.,
synthetic_lead_time_days_roll_mean_4,synthetic_lead_time_days,autoregressive,derived,synthetic_operational_state,historical_rolling,input_or_diagnostic,review,review,no,no,low,yes,Review pool feature retained for diagnostic evaluation only.,
synthetic_plant_capacity_utilization_lag_2,synthetic_plant_capacity_utilization,autoregressive,derived,synthetic_operational_state,historical_lag,input_or_diagnostic,review,review,no,no,low,yes,Review pool feature retained for diagnostic evaluation only.,
synthetic_plant_capacity_utilization_lag_4,synthetic_plant_capacity_utilization,autoregressive,derived,synthetic_operational_state,historical_lag,input_or_diagnostic,review,review,no,no,low,yes,Review pool feature retained for diagnostic evaluation only.,
synthetic_plant_capacity_utilization_lag_8,synthetic_plant_capacity_utilization,autoregressive,derived,synthetic_operational_state,historical_lag,input_or_diagnostic,review,review,no,no,low,yes,Review pool feature retained for diagnostic evaluation only.,
synthetic_plant_capacity_utilization_roll_mean_12,synthetic_plant_capacity_utilization,autoregressive,derived,synthetic_operational_state,historical_rolling,input_or_diagnostic,review,review,no,no,low,yes,Review pool feature retained for diagnostic evaluation only.,
synthetic_plant_capacity_utilization_roll_mean_4,synthetic_plant_capacity_utilization,autoregressive,derived,synthetic_operational_state,historical_rolling,input_or_diagnostic,review,review,no,no,low,yes,Review pool feature retained for diagnostic evaluation only.,
synthetic_plant_production_volume_lag_2,synthetic_plant_production_volume,autoregressive,derived,synthetic_operational_state,historical_lag,input_or_diagnostic,review,review,no,no,low,yes,Review pool feature retained for diagnostic evaluation only.,
synthetic_plant_production_volume_lag_4,synthetic_plant_production_volume,autoregressive,derived,synthetic_operational_state,historical_lag,input_or_diagnostic,review,review,no,no,low,yes,Review pool feature retained for diagnostic evaluation only.,
synthetic_plant_production_volume_lag_8,synthetic_plant_production_volume,autoregressive,derived,synthetic_operational_state,historical_lag,input_or_diagnostic,review,review,no,no,low,yes,Review pool feature retained for diagnostic evaluation only.,
synthetic_plant_production_volume_roll_mean_12,synthetic_plant_production_volume,autoregressive,derived,synthetic_operational_state,historical_rolling,input_or_diagnostic,review,review,no,no,low,yes,Review pool feature retained for diagnostic evaluation only.,
synthetic_plant_production_volume_roll_mean_4,synthetic_plant_production_volume,autoregressive,derived,synthetic_operational_state,historical_rolling,input_or_diagnostic,review,review,no,no,low,yes,Review pool feature retained for diagnostic evaluation only.,
synthetic_waste_rate_lag_2,synthetic_waste_rate,autoregressive,derived,synthetic_operational_state,historical_lag,input_or_diagnostic,review,review,no,no,low,yes,Review pool feature retained for diagnostic evaluation only.,
synthetic_waste_rate_lag_4,synthetic_waste_rate,autoregressive,derived,synthetic_operational_state,historical_lag,input_or_diagnostic,review,review,no,no,low,yes,Review pool feature retained for diagnostic evaluation only.,
synthetic_waste_rate_lag_8,synthetic_waste_rate,autoregressive,derived,synthetic_operational_state,historical_lag,input_or_diagnostic,review,review,no,no,low,yes,Review pool feature retained for diagnostic evaluation only.,
synthetic_waste_rate_roll_mean_12,synthetic_waste_rate,autoregressive,derived,synthetic_operational_state,historical_rolling,input_or_diagnostic,review,review,no,no,low,yes,Review pool feature retained for diagnostic evaluation only.,
synthetic_waste_rate_roll_mean_4,synthetic_waste_rate,autoregressive,derived,synthetic_operational_state,historical_rolling,input_or_diagnostic,review,review,no,no,low,yes,Review pool feature retained for diagnostic evaluation only.,
synthetic_yield_rate_lag_2,synthetic_yield_rate,autoregressive,derived,synthetic_operational_state,historical_lag,input_or_diagnostic,review,review,no,no,low,yes,Review pool feature retained for diagnostic evaluation only.,
synthetic_yield_rate_lag_4,synthetic_yield_rate,autoregressive,derived,synthetic_operational_state,historical_lag,input_or_diagnostic,review,review,no,no,low,yes,Review pool feature retained for diagnostic evaluation only.,
synthetic_yield_rate_lag_8,synthetic_yield_rate,autoregressive,derived,synthetic_operational_state,historical_lag,input_or_diagnostic,review,review,no,no,low,yes,Review pool feature retained for diagnostic evaluation only.,
synthetic_yield_rate_roll_mean_12,synthetic_yield_rate,autoregressive,derived,synthetic_operational_state,historical_rolling,input_or_diagnostic,review,review,no,no,low,yes,Review pool feature retained for diagnostic evaluation only.,
synthetic_yield_rate_roll_mean_4,synthetic_yield_rate,autoregressive,derived,synthetic_operational_state,historical_rolling,input_or_diagnostic,review,review,no,no,low,yes,Review pool feature retained for diagnostic evaluation only.,
baseline_order_quantity_tons,baseline_order_quantity_tons,derived,numerical,engineered_feature,downstream_after_prediction,input_or_diagnostic,no,drop,no,no,high_downstream_decision,yes,"Available in the dataset, but excluded from the official baseline and review pool.",
cost_sensitivity,cost_sensitivity,manufacturing_context,categorical_context,manufacturing_context,current_t_context,input_or_diagnostic,no,drop,no,no,low,yes,"Available in the dataset, but excluded from the official baseline and review pool.",
cost_sensitivity__high,cost_sensitivity,manufacturing_context,categorical_context,manufacturing_context,current_t_context,input_or_diagnostic,no,drop,no,no,low,yes,"Available in the dataset, but excluded from the official baseline and review pool.",
cost_sensitivity__low,cost_sensitivity,manufacturing_context,categorical_context,manufacturing_context,current_t_context,input_or_diagnostic,no,drop,no,no,low,yes,"Available in the dataset, but excluded from the official baseline and review pool.",
cost_sensitivity__medium,cost_sensitivity,manufacturing_context,categorical_context,manufacturing_context,current_t_context,input_or_diagnostic,no,drop,no,no,low,yes,"Available in the dataset, but excluded from the official baseline and review pool.",
current_inventory_tons,current_inventory_tons,derived,numerical,engineered_feature,current_t_context,input_or_diagnostic,no,drop,no,no,low,yes,"Available in the dataset, but excluded from the official baseline and review pool.",
date,date,temporal_index,temporal,temporal_reference,temporal_index,input_or_diagnostic,no,drop,no,no,low,yes,Excluded from the official baseline feature sets.,
date_quarter,date,calendar_derived,derived_temporal,temporal_reference,calendar_at_t,input_or_diagnostic,no,drop,no,no,low,yes,Excluded from the official baseline feature sets.,
destination_profile,destination_profile,derived,categorical,engineered_feature,current_t_context,input_or_diagnostic,no,drop,no,no,low,yes,"Available in the dataset, but excluded from the official baseline and review pool.",
destination_profile__cooked_emulsion,destination_profile,derived,numerical,engineered_feature,current_t_context,input_or_diagnostic,no,drop,no,no,low,yes,"Available in the dataset, but excluded from the official baseline and review pool.",
destination_profile__cured_embutido,destination_profile,derived,numerical,engineered_feature,current_t_context,input_or_diagnostic,no,drop,no,no,low,yes,"Available in the dataset, but excluded from the official baseline and review pool.",
destination_profile__fresh_preparation,destination_profile,derived,numerical,engineered_feature,current_t_context,input_or_diagnostic,no,drop,no,no,low,yes,"Available in the dataset, but excluded from the official baseline and review pool.",
expected_requirement_tons,expected_requirement_tons,derived,numerical,engineered_feature,current_t_context,input_or_diagnostic,no,drop,no,no,low,yes,"Available in the dataset, but excluded from the official baseline and review pool.",
expected_waste_rate,expected_waste_rate,derived,numerical,engineered_feature,current_t_context,input_or_diagnostic,no,drop,no,no,low,yes,"Available in the dataset, but excluded from the official baseline and review pool.",
expected_yield_rate,expected_yield_rate,derived,numerical,engineered_feature,current_t_context,input_or_diagnostic,no,drop,no,no,low,yes,"Available in the dataset, but excluded from the official baseline and review pool.",
formulation_class,formulation_class,manufacturing_context,categorical_context,manufacturing_context,current_t_context,input_or_diagnostic,no,drop,no,no,low,yes,Excluded from the official baseline feature sets.,
formulation_class__cooked_emulsion,formulation_class,manufacturing_context,categorical_context,manufacturing_context,current_t_context,input_or_diagnostic,no,drop,no,no,low,yes,"Available in the dataset, but excluded from the official baseline and review pool.",
formulation_class__cured,formulation_class,manufacturing_context,categorical_context,manufacturing_context,current_t_context,input_or_diagnostic,no,drop,no,no,low,yes,"Available in the dataset, but excluded from the official baseline and review pool.",
formulation_class__fresh_prepared,formulation_class,manufacturing_context,categorical_context,manufacturing_context,current_t_context,input_or_diagnostic,no,drop,no,no,low,yes,"Available in the dataset, but excluded from the official baseline and review pool.",
lead_time_days,lead_time_days,derived,numerical,engineered_feature,current_t_context,input_or_diagnostic,no,drop,no,no,low,yes,"Available in the dataset, but excluded from the official baseline and review pool.",
manufacturing_context_profile,manufacturing_context_profile,manufacturing_context,categorical_context,manufacturing_context,current_t_context,input_or_diagnostic,no,drop,no,no,low,yes,Excluded from the official baseline feature sets.,
manufacturing_context_profile__cooked_emulsion,manufacturing_context_profile,manufacturing_context,categorical_context,manufacturing_context,current_t_context,input_or_diagnostic,no,drop,no,no,low,yes,"Available in the dataset, but excluded from the official baseline and review pool.",
manufacturing_context_profile__cured_embutido,manufacturing_context_profile,manufacturing_context,categorical_context,manufacturing_context,current_t_context,input_or_diagnostic,no,drop,no,no,low,yes,"Available in the dataset, but excluded from the official baseline and review pool.",
manufacturing_context_profile__fresh_preparation,manufacturing_context_profile,manufacturing_context,categorical_context,manufacturing_context,current_t_context,input_or_diagnostic,no,drop,no,no,low,yes,"Available in the dataset, but excluded from the official baseline and review pool.",
order_quantity_tons,order_quantity_tons,derived,numerical,downstream_decision,downstream_after_prediction,decision_output,no,drop,no,no,high_downstream_decision,no,Excluded from the official baseline feature sets.,Not present in the loaded notebook dataset.
priority_level,priority_level,manufacturing_context,categorical_context,manufacturing_context,current_t_context,input_or_diagnostic,no,drop,no,no,low,yes,"Available in the dataset, but excluded from the official baseline and review pool.",
priority_level__planned_campaign,priority_level,manufacturing_context,categorical_context,manufacturing_context,current_t_context,input_or_diagnostic,no,drop,no,no,low,yes,"Available in the dataset, but excluded from the official baseline and review pool.",
priority_level__service_critical,priority_level,manufacturing_context,categorical_context,manufacturing_context,current_t_context,input_or_diagnostic,no,drop,no,no,low,yes,"Available in the dataset, but excluded from the official baseline and review pool.",
priority_level__standard_service,priority_level,manufacturing_context,categorical_context,manufacturing_context,current_t_context,input_or_diagnostic,no,drop,no,no,low,yes,"Available in the dataset, but excluded from the official baseline and review pool.",
process_type,process_type,manufacturing_context,categorical_context,manufacturing_context,current_t_context,input_or_diagnostic,no,drop,no,no,low,yes,"Available in the dataset, but excluded from the official baseline and review pool.",
process_type__cooking_emulsification,process_type,manufacturing_context,categorical_context,manufacturing_context,current_t_context,input_or_diagnostic,no,drop,no,no,low,yes,"Available in the dataset, but excluded from the official baseline and review pool.",
process_type__curing_maturation,process_type,manufacturing_context,categorical_context,manufacturing_context,current_t_context,input_or_diagnostic,no,drop,no,no,low,yes,"Available in the dataset, but excluded from the official baseline and review pool.",
process_type__fresh_forming,process_type,manufacturing_context,categorical_context,manufacturing_context,current_t_context,input_or_diagnostic,no,drop,no,no,low,yes,"Available in the dataset, but excluded from the official baseline and review pool.",
product_family,product_family,manufacturing_context,categorical_context,manufacturing_context,current_t_context,input_or_diagnostic,no,drop,no,no,low,yes,"Available in the dataset, but excluded from the official baseline and review pool.",
product_family_alias,product_family_alias,derived,categorical,engineered_feature,current_t_context,input_or_diagnostic,no,drop,no,no,low,yes,"Available in the dataset, but excluded from the official baseline and review pool.",
product_family_alias__cooked_emulsion,product_family_alias,derived,numerical,engineered_feature,current_t_context,input_or_diagnostic,no,drop,no,no,low,yes,"Available in the dataset, but excluded from the official baseline and review pool.",
product_family_alias__cured_embutido,product_family_alias,derived,numerical,engineered_feature,current_t_context,input_or_diagnostic,no,drop,no,no,low,yes,"Available in the dataset, but excluded from the official baseline and review pool.",
product_family_alias__fresh_preparation,product_family_alias,derived,numerical,engineered_feature,current_t_context,input_or_diagnostic,no,drop,no,no,low,yes,"Available in the dataset, but excluded from the official baseline and review pool.",
projected_stock_after_lead_time_tons,projected_stock_after_lead_time_tons,derived,numerical,engineered_feature,current_t_context,input_or_diagnostic,no,drop,no,no,low,yes,"Available in the dataset, but excluded from the official baseline and review pool.",
purchase_price_index,purchase_price_index,external_proxy,numerical,external_proxy_upstream,current_t_context,input_or_diagnostic,no,drop,no,no,low,yes,Excluded from the official baseline feature sets.,
purchase_price_index_lag_1,purchase_price_index,autoregressive,derived,external_proxy_upstream,historical_lag,input_or_diagnostic,no,drop,no,no,low,no,Excluded from the official baseline feature sets.,Not present in the loaded notebook dataset.
purchase_price_index_lag_2,purchase_price_index,autoregressive,derived,external_proxy_upstream,historical_lag,input_or_diagnostic,no,drop,no,no,low,no,Excluded from the official baseline feature sets.,Not present in the loaded notebook dataset.
purchase_price_index_lag_4,purchase_price_index,autoregressive,derived,external_proxy_upstream,historical_lag,input_or_diagnostic,no,drop,no,no,low,no,Excluded from the official baseline feature sets.,Not present in the loaded notebook dataset.
purchase_price_index_lag_8,purchase_price_index,autoregressive,derived,external_proxy_upstream,historical_lag,input_or_diagnostic,no,drop,no,no,low,no,Excluded from the official baseline feature sets.,Not present in the loaded notebook dataset.
purchase_price_index_roll_mean_12,purchase_price_index,autoregressive,derived,external_proxy_upstream,historical_rolling,input_or_diagnostic,no,drop,no,no,low,no,Excluded from the official baseline feature sets.,Not present in the loaded notebook dataset.
purchase_price_index_roll_mean_4,purchase_price_index,autoregressive,derived,external_proxy_upstream,historical_rolling,input_or_diagnostic,no,drop,no,no,low,no,Excluded from the official baseline feature sets.,Not present in the loaded notebook dataset.
purchase_trigger_gap_tons,purchase_trigger_gap_tons,derived,numerical,engineered_feature,current_t_context,input_or_diagnostic,no,drop,no,no,low,yes,"Available in the dataset, but excluded from the official baseline and review pool.",
purchase_trigger_label,purchase_trigger_label,derived,numerical,engineered_feature,current_t_context,input_or_diagnostic,no,drop,no,no,low,yes,"Available in the dataset, but excluded from the official baseline and review pool.",
purchase_trigger_proba_heuristic,purchase_trigger_proba_heuristic,derived,numerical,engineered_feature,current_t_context,input_or_diagnostic,no,drop,no,no,low,yes,"Available in the dataset, but excluded from the official baseline and review pool.",
quantity_optimizer_target_tons,quantity_optimizer_target_tons,derived,numerical,engineered_feature,current_t_context,input_or_diagnostic,no,drop,no,no,low,yes,"Available in the dataset, but excluded from the official baseline and review pool.",
raw_material_id,raw_material_id,derived,categorical,engineered_feature,current_t_context,input_or_diagnostic,no,drop,no,no,low,yes,"Available in the dataset, but excluded from the official baseline and review pool.",
raw_material_id__rm_cooked_emulsion,raw_material_id,derived,numerical,engineered_feature,current_t_context,input_or_diagnostic,no,drop,no,no,low,yes,"Available in the dataset, but excluded from the official baseline and review pool.",
raw_material_id__rm_cured_embutido,raw_material_id,derived,numerical,engineered_feature,current_t_context,input_or_diagnostic,no,drop,no,no,low,yes,"Available in the dataset, but excluded from the official baseline and review pool.",
raw_material_id__rm_fresh_preparation,raw_material_id,derived,numerical,engineered_feature,current_t_context,input_or_diagnostic,no,drop,no,no,low,yes,"Available in the dataset, but excluded from the official baseline and review pool.",
recipe_profile,recipe_profile,manufacturing_context,categorical_context,manufacturing_context,current_t_context,input_or_diagnostic,no,drop,no,no,low,yes,Excluded from the official baseline feature sets.,
recipe_profile__fermented_dry_spiced,recipe_profile,manufacturing_context,categorical_context,manufacturing_context,current_t_context,input_or_diagnostic,no,drop,no,no,low,yes,"Available in the dataset, but excluded from the official baseline and review pool.",
recipe_profile__high_throughput_standard,recipe_profile,manufacturing_context,categorical_context,manufacturing_context,current_t_context,input_or_diagnostic,no,drop,no,no,low,yes,"Available in the dataset, but excluded from the official baseline and review pool.",
recipe_profile__marinated_short_run,recipe_profile,manufacturing_context,categorical_context,manufacturing_context,current_t_context,input_or_diagnostic,no,drop,no,no,low,yes,"Available in the dataset, but excluded from the official baseline and review pool.",
replenishment_gap_tons,replenishment_gap_tons,derived,numerical,engineered_feature,current_t_context,input_or_diagnostic,no,drop,no,no,low,yes,"Available in the dataset, but excluded from the official baseline and review pool.",
safety_coverage_days,safety_coverage_days,derived,numerical,engineered_feature,current_t_context,input_or_diagnostic,no,drop,no,no,low,yes,"Available in the dataset, but excluded from the official baseline and review pool.",
safety_stock_tons,safety_stock_tons,derived,numerical,engineered_feature,current_t_context,input_or_diagnostic,no,drop,no,no,low,yes,"Available in the dataset, but excluded from the official baseline and review pool.",
shelf_life_class,shelf_life_class,manufacturing_context,categorical_context,manufacturing_context,current_t_context,input_or_diagnostic,no,drop,no,no,low,yes,"Available in the dataset, but excluded from the official baseline and review pool.",
shelf_life_days,shelf_life_days,derived,numerical,engineered_feature,current_t_context,input_or_diagnostic,no,drop,no,no,low,yes,"Available in the dataset, but excluded from the official baseline and review pool.",
supply_index_lag_2,supply_index,autoregressive,derived,external_proxy_upstream,historical_lag,input_or_diagnostic,no,drop,no,no,low,yes,"Available in the dataset, but excluded from the official baseline and review pool.",
supply_index_lag_4,supply_index,autoregressive,derived,external_proxy_upstream,historical_lag,input_or_diagnostic,no,drop,no,no,low,yes,"Available in the dataset, but excluded from the official baseline and review pool.",
supply_index_lag_8,supply_index,autoregressive,derived,external_proxy_upstream,historical_lag,input_or_diagnostic,no,drop,no,no,low,yes,"Available in the dataset, but excluded from the official baseline and review pool.",
supply_index_roll_mean_12,supply_index,autoregressive,derived,external_proxy_upstream,historical_rolling,input_or_diagnostic,no,drop,no,no,low,yes,"Available in the dataset, but excluded from the official baseline and review pool.",
synthetic_inventory_coverage_days_lag_2,synthetic_inventory_coverage_days,autoregressive,derived,synthetic_operational_state,historical_lag,input_or_diagnostic,no,drop,no,no,low,yes,"Available in the dataset, but excluded from the official baseline and review pool.",
synthetic_inventory_coverage_days_lag_4,synthetic_inventory_coverage_days,autoregressive,derived,synthetic_operational_state,historical_lag,input_or_diagnostic,no,drop,no,no,low,yes,"Available in the dataset, but excluded from the official baseline and review pool.",
synthetic_inventory_coverage_days_lag_8,synthetic_inventory_coverage_days,autoregressive,derived,synthetic_operational_state,historical_lag,input_or_diagnostic,no,drop,no,no,low,yes,"Available in the dataset, but excluded from the official baseline and review pool.",
synthetic_inventory_coverage_days_roll_mean_12,synthetic_inventory_coverage_days,autoregressive,derived,synthetic_operational_state,historical_rolling,input_or_diagnostic,no,drop,no,no,low,yes,"Available in the dataset, but excluded from the official baseline and review pool.",
synthetic_inventory_level,synthetic_inventory_level,synthetic_internal,numerical,synthetic_operational_state,current_t_context,input_or_diagnostic,no,drop,no,no,low,yes,Excluded from the official baseline feature sets.,
synthetic_inventory_level_lag_1,synthetic_inventory_level,autoregressive,derived,synthetic_operational_state,historical_lag,input_or_diagnostic,no,drop,no,no,low,no,Excluded from the official baseline feature sets.,Not present in the loaded notebook dataset.
synthetic_inventory_level_lag_2,synthetic_inventory_level,autoregressive,derived,synthetic_operational_state,historical_lag,input_or_diagnostic,no,drop,no,no,low,no,Excluded from the official baseline feature sets.,Not present in the loaded notebook dataset.
synthetic_inventory_level_lag_4,synthetic_inventory_level,autoregressive,derived,synthetic_operational_state,historical_lag,input_or_diagnostic,no,drop,no,no,low,no,Excluded from the official baseline feature sets.,Not present in the loaded notebook dataset.
synthetic_inventory_level_lag_8,synthetic_inventory_level,autoregressive,derived,synthetic_operational_state,historical_lag,input_or_diagnostic,no,drop,no,no,low,no,Excluded from the official baseline feature sets.,Not present in the loaded notebook dataset.
synthetic_inventory_level_roll_mean_12,synthetic_inventory_level,autoregressive,derived,synthetic_operational_state,historical_rolling,input_or_diagnostic,no,drop,no,no,low,no,Excluded from the official baseline feature sets.,Not present in the loaded notebook dataset.
synthetic_inventory_level_roll_mean_4,synthetic_inventory_level,autoregressive,derived,synthetic_operational_state,historical_rolling,input_or_diagnostic,no,drop,no,no,low,no,Excluded from the official baseline feature sets.,Not present in the loaded notebook dataset.
synthetic_lead_time_days_lag_2,synthetic_lead_time_days,autoregressive,derived,synthetic_operational_state,historical_lag,input_or_diagnostic,no,drop,no,no,low,yes,"Available in the dataset, but excluded from the official baseline and review pool.",
synthetic_lead_time_days_lag_4,synthetic_lead_time_days,autoregressive,derived,synthetic_operational_state,historical_lag,input_or_diagnostic,no,drop,no,no,low,yes,"Available in the dataset, but excluded from the official baseline and review pool.",
synthetic_lead_time_days_lag_8,synthetic_lead_time_days,autoregressive,derived,synthetic_operational_state,historical_lag,input_or_diagnostic,no,drop,no,no,low,yes,"Available in the dataset, but excluded from the official baseline and review pool.",
synthetic_lead_time_days_roll_mean_12,synthetic_lead_time_days,autoregressive,derived,synthetic_operational_state,historical_rolling,input_or_diagnostic,no,drop,no,no,low,yes,"Available in the dataset, but excluded from the official baseline and review pool.",
synthetic_planned_orders,synthetic_planned_orders,synthetic_internal,numerical,synthetic_operational_state,current_t_context,input_or_diagnostic,no,drop,no,no,low,yes,Excluded from the official baseline feature sets.,
synthetic_planned_orders_lag_1,synthetic_planned_orders,autoregressive,derived,synthetic_operational_state,historical_lag,input_or_diagnostic,no,drop,no,no,low,no,Excluded from the official baseline feature sets.,Not present in the loaded notebook dataset.
synthetic_planned_orders_lag_2,synthetic_planned_orders,autoregressive,derived,synthetic_operational_state,historical_lag,input_or_diagnostic,no,drop,no,no,low,no,Excluded from the official baseline feature sets.,Not present in the loaded notebook dataset.
synthetic_planned_orders_lag_4,synthetic_planned_orders,autoregressive,derived,synthetic_operational_state,historical_lag,input_or_diagnostic,no,drop,no,no,low,no,Excluded from the official baseline feature sets.,Not present in the loaded notebook dataset.
synthetic_planned_orders_lag_8,synthetic_planned_orders,autoregressive,derived,synthetic_operational_state,historical_lag,input_or_diagnostic,no,drop,no,no,low,no,Excluded from the official baseline feature sets.,Not present in the loaded notebook dataset.
synthetic_planned_orders_roll_mean_12,synthetic_planned_orders,autoregressive,derived,synthetic_operational_state,historical_rolling,input_or_diagnostic,no,drop,no,no,low,no,Excluded from the official baseline feature sets.,Not present in the loaded notebook dataset.
synthetic_planned_orders_roll_mean_4,synthetic_planned_orders,autoregressive,derived,synthetic_operational_state,historical_rolling,input_or_diagnostic,no,drop,no,no,low,no,Excluded from the official baseline feature sets.,Not present in the loaded notebook dataset.
synthetic_procurement_need,synthetic_procurement_need,synthetic_internal,numerical,target_supervision,W_plus_1_supervision,predictive_target,no,drop,no,no,high_target_column,yes,Excluded from the official baseline feature sets.,
synthetic_procurement_need_coverage_gap,synthetic_procurement_need_coverage,derived_ratio_gap,derived,target_like_diagnostic,current_t_context,input_or_diagnostic,no,drop,no,no,high_target_family,yes,Excluded from the official baseline feature sets.,
synthetic_procurement_need_hybrid,synthetic_procurement_need_hybrid,synthetic_internal,numerical,target_like_diagnostic,current_t_context,input_or_diagnostic,no,drop,no,no,high_target_family,yes,Excluded from the official baseline feature sets.,
synthetic_procurement_need_lag_1,synthetic_procurement_need,autoregressive,derived,target_like_diagnostic,historical_lag,input_or_diagnostic,no,drop,no,no,high_target_family,no,Excluded from the official baseline feature sets.,Not present in the loaded notebook dataset.
synthetic_procurement_need_lag_2,synthetic_procurement_need,autoregressive,derived,target_like_diagnostic,historical_lag,input_or_diagnostic,no,drop,no,no,high_target_family,no,Excluded from the official baseline feature sets.,Not present in the loaded notebook dataset.
synthetic_procurement_need_lag_4,synthetic_procurement_need,autoregressive,derived,target_like_diagnostic,historical_lag,input_or_diagnostic,no,drop,no,no,high_target_family,no,Excluded from the official baseline feature sets.,Not present in the loaded notebook dataset.
synthetic_procurement_need_lag_8,synthetic_procurement_need,autoregressive,derived,target_like_diagnostic,historical_lag,input_or_diagnostic,no,drop,no,no,high_target_family,no,Excluded from the official baseline feature sets.,Not present in the loaded notebook dataset.
synthetic_procurement_need_pressure,synthetic_procurement_need_pressure,synthetic_internal,numerical,target_like_diagnostic,current_t_context,input_or_diagnostic,no,drop,no,no,high_target_family,yes,Excluded from the official baseline feature sets.,
synthetic_procurement_need_refined,synthetic_procurement_need_refined,synthetic_internal,numerical,target_like_diagnostic,current_t_context,input_or_diagnostic,no,drop,no,no,high_target_family,yes,Excluded from the official baseline feature sets.,
synthetic_procurement_need_roll_mean_12,synthetic_procurement_need,autoregressive,derived,target_like_diagnostic,historical_rolling,input_or_diagnostic,no,drop,no,no,high_target_family,no,Excluded from the official baseline feature sets.,Not present in the loaded notebook dataset.
synthetic_procurement_need_roll_mean_4,synthetic_procurement_need,autoregressive,derived,target_like_diagnostic,historical_rolling,input_or_diagnostic,no,drop,no,no,high_target_family,no,Excluded from the official baseline feature sets.,Not present in the loaded notebook dataset.
synthetic_raw_material_requirement_t_plus_4,synthetic_raw_material_requirement_t_plus_4,synthetic_internal,numerical,synthetic_operational_state,future_not_allowed,input_or_diagnostic,no,drop,no,no,low,no,Excluded from the official baseline feature sets.,Not present in the loaded notebook dataset.
unit_purchase_cost,unit_purchase_cost,derived,numerical,engineered_feature,current_t_context,input_or_diagnostic,no,drop,no,no,low,yes,"Available in the dataset, but excluded from the official baseline and review pool.",
