date,raw_material_id,destination_profile,scenario_name,current_inventory_tons,expected_requirement_tons,lead_time_days,safety_coverage_days,expected_yield_rate,expected_waste_rate,synthetic_procurement_need,synthetic_procurement_need_pred,purchase_trigger_proba,purchase_trigger_flag,quantity_optimizer_recommendation_tons,baseline_order_quantity_tons,order_quantity_tons,replenishment_gap_tons,unit_purchase_cost,shelf_life_days
2023-01-16,rm_cured_embutido,cured_embutido,test_split,3132.2700152550456,1953.025197286028,9,6.0,0.79,0.031,573.4124100528466,500.09172894443964,0.9999145306785656,1,576.9223009206734,613.5232068338539,576.9223009206734,494.77677970472087,1000.0,28.0
2023-01-23,rm_cured_embutido,cured_embutido,test_split,3277.5871833991328,2017.5508422533828,9,6.0,0.79,0.031,564.2162376353366,534.9936756208511,0.999826863454057,1,549.7922544303901,581.9232607457229,549.7922544303901,469.2929522142927,1000.0,28.0
2023-01-30,rm_cured_embutido,cured_embutido,test_split,3042.041264596236,1944.614874205561,9,6.0,0.79,0.031,605.5244647747968,449.8676076321683,0.9999685929493074,1,661.4285384004969,706.0390850711874,661.4285384004969,569.3863589283769,1000.0,28.0
2023-02-06,rm_cured_embutido,cured_embutido,test_split,3759.22806415962,2034.4199488040736,9,6.0,0.79,0.031,456.8051601144121,384.2804454915256,0.9441828178578029,1,38.5121702623062,23.53571111659489,38.5121702623062,18.98041219080233,1000.0,28.0
2023-02-13,rm_cured_embutido,cured_embutido,test_split,3332.762564533888,1960.5687711966343,9,6.0,0.79,0.031,519.6310982422544,410.6514966494194,0.999046112164086,1,365.1343020336026,382.2842187907992,365.1343020336026,308.29372483128964,1000.0,28.0
2023-02-20,rm_cured_embutido,cured_embutido,test_split,3432.2578329275266,2001.4248701227743,9,6.0,0.79,0.031,506.7042233761184,395.7856448432287,0.9983601944968657,1,339.34867153581513,352.99584522402745,339.34867153581513,284.6740687290544,1000.0,28.0
2023-02-27,rm_cured_embutido,cured_embutido,test_split,2991.163097362929,1918.757538281232,9,6.0,0.79,0.031,584.3381108145855,420.67720709685875,0.9999742520245857,1,663.6036392566792,709.5822617118905,663.6036392566792,572.243759445073,1000.0,28.0
2023-03-06,rm_cured_embutido,cured_embutido,test_split,3138.7860706012493,1875.4920956526648,9,6.0,0.79,0.031,553.6758524532006,422.0892488971518,0.9996350051250378,1,403.7187464929807,426.89564130030186,403.7187464929807,344.27067846798536,1000.0,28.0
2023-03-13,rm_cured_embutido,cured_embutido,test_split,3594.311433799571,2092.964770400038,9,6.0,0.79,0.031,524.1893399527975,425.2986650061745,0.9974585192150487,1,350.6283695431192,362.8526933526192,350.6283695431192,292.6231398004993,1000.0,28.0
2023-03-20,rm_cured_embutido,cured_embutido,test_split,3257.349441709301,1971.7428485491964,9,6.0,0.79,0.031,557.5867737155335,460.3100941591249,0.9997009262880675,1,474.5860788946421,501.52879493947313,474.5860788946421,404.4587055963493,1000.0,28.0
2023-03-27,rm_cured_embutido,cured_embutido,test_split,3529.8642905685588,1998.922371070855,9,6.0,0.79,0.031,452.2842576733793,413.7338212711501,0.9940730941774354,1,223.2202131564453,226.20093993244183,223.2202131564453,182.42011284874343,1000.0,28.0
2023-04-03,rm_cured_embutido,cured_embutido,test_split,3663.169637036068,1968.0607624909287,9,6.0,0.79,0.031,330.1736342411028,386.32739828433847,0.9468927381219389,1,14.8744061001903,0.0,14.8744061001903,0.0,1000.0,28.0
2023-04-10,rm_cured_embutido,cured_embutido,test_split,3114.177076958004,1968.5369185124227,9,6.0,0.79,0.031,345.28401896413715,447.5739495311977,0.9999493643755704,1,630.1461247391483,671.6797283463974,630.1461247391483,541.6772002793527,1000.0,28.0
2023-04-17,rm_cured_embutido,cured_embutido,test_split,3223.3160986444286,2045.8422564868645,9,6.0,0.79,0.031,230.33693020140024,443.8539062626492,0.9999484757675491,1,671.5638642186404,714.3704911906593,671.5638642186404,576.1052348311769,1000.0,28.0
2023-04-24,rm_fresh_preparation,fresh_preparation,test_split,1929.4953377364595,2005.291874214124,2,6.0,0.85,0.027,367.1579572968938,346.62173760481096,0.9983773408432776,1,2135.933016659546,2225.3264972541733,2135.933016659546,1794.6181429469138,1000.0,7.0
2023-05-01,rm_fresh_preparation,fresh_preparation,test_split,2341.6554039037014,1989.9043300742728,3,6.0,0.85,0.027,315.31944380163515,348.34515532859416,0.9213007466452032,1,1625.169989014672,1678.812699273307,1625.169989014672,1353.8812090913766,1000.0,7.0
2023-05-08,rm_fresh_preparation,fresh_preparation,test_split,2264.443224271171,2006.7052889572285,2,6.0,0.85,0.027,381.9113836213719,386.9664591770538,0.8979220693216906,1,1759.4397652628586,1813.2460101881084,1759.4397652628586,1462.295169506539,1000.0,7.0
2023-05-15,rm_fresh_preparation,fresh_preparation,test_split,2060.5807713784407,2005.4764007133888,3,6.0,0.85,0.027,510.8942895769079,443.3160808267952,0.9982062514781863,1,1977.280535325655,2063.2054977049947,1977.280535325655,1663.8754013749958,1000.0,7.0
2023-05-22,rm_fresh_preparation,fresh_preparation,test_split,2100.9801308940187,2015.8559689584847,4,6.0,0.85,0.027,484.0164012036128,427.2030033587911,0.9994795060799204,1,1943.5828415569667,2037.0129547786703,1943.5828415569667,1642.7523828860244,1000.0,7.0
2023-05-29,rm_fresh_preparation,fresh_preparation,test_split,1923.5270488291108,1984.850668851057,3,6.0,0.85,0.027,523.3610416658244,440.9242862375331,0.9995486495626197,1,2088.17004471682,2185.6539997203367,2088.17004471682,1762.624193322852,1000.0,7.0
2023-06-05,rm_fresh_preparation,fresh_preparation,test_split,2222.031170337835,1990.9715134666908,3,6.0,0.85,0.027,423.2444013166955,407.144751737707,0.9820888938481521,1,1763.019043007032,1829.604319792949,1763.019043007032,1475.487354671733,1000.0,7.0
2023-06-12,rm_fresh_preparation,fresh_preparation,test_split,2004.3002822838928,1989.9672099621253,3,6.0,0.85,0.027,484.4745925749067,442.66928526489926,0.9988457983861202,1,2007.6427687869093,2097.2778534807526,2007.6427687869093,1691.3531076457682,1000.0,7.0
2023-06-19,rm_fresh_preparation,fresh_preparation,test_split,2028.3145315034908,1993.481617309908,3,6.0,0.85,0.027,480.7742319001112,437.75177855569916,0.9985276419750964,1,1987.9996140169274,2075.5933625122025,1987.9996140169274,1673.8656149291955,1000.0,7.0
2023-06-26,rm_fresh_preparation,fresh_preparation,test_split,2175.1768213127566,1992.0156414161088,3,6.0,0.85,0.027,425.7282648885066,415.1037952229617,0.9902469367104741,1,1818.3649259467713,1890.1081900904207,1818.3649259467713,1524.2807984600172,1000.0,7.0
2023-07-03,rm_fresh_preparation,fresh_preparation,test_split,2055.9771733612192,1998.371271338796,2,6.0,0.85,0.027,480.4893566203543,428.79785657362845,0.99081274596929,1,1977.813874949674,2052.5518613151444,1977.813874949674,1655.2837591251164,1000.0,7.0
2023-07-10,rm_fresh_preparation,fresh_preparation,test_split,2045.0164727006347,1995.526739541164,3,6.0,0.85,0.027,504.45114425692566,439.36631436653977,0.9982373175241664,1,1973.5845134095996,2059.592579766008,1973.5845134095996,1660.9617578758127,1000.0,7.0
2023-07-17,rm_fresh_preparation,fresh_preparation,test_split,2095.9321474045228,2004.0528873011783,4,6.0,0.85,0.027,461.37025525847406,430.54412999774013,0.9993955833639089,1,1923.9632503344912,2016.0916434033911,1923.9632503344912,1625.88035758338,1000.0,7.0
2023-07-24,rm_fresh_preparation,fresh_preparation,test_split,2200.1500168871567,1976.572758058529,3,6.0,0.85,0.027,381.99336773761263,412.50519710592516,0.982427458364818,1,1756.917029094698,1823.5786733318523,1756.917029094698,1470.6279623643973,1000.0,7.0
2023-07-31,rm_fresh_preparation,fresh_preparation,test_split,2362.148765672512,1991.5791134321632,2,6.0,0.85,0.027,325.26916839043014,377.6120509633371,0.6581917364825108,1,1616.3253254728131,1657.2577174984378,1616.3253254728131,1336.4981592729337,1000.0,7.0
2023-08-07,rm_fresh_preparation,fresh_preparation,test_split,2220.7615969817803,2006.7462199538647,3,6.0,0.85,0.027,370.1623995804286,391.3514822812699,0.9864702918563863,1,1798.7815711464348,1867.5054862649208,1798.7815711464348,1506.0528115039683,1000.0,7.0
2023-08-14,rm_fresh_preparation,fresh_preparation,test_split,2233.8326439061666,1985.0662744637573,2,6.0,0.85,0.027,348.9233345143789,387.3638155313165,0.8973242905927229,1,1747.9048799980744,1801.3715707500346,1747.9048799980744,1452.719008669383,1000.0,7.0
2023-08-21,rm_fresh_preparation,fresh_preparation,test_split,2085.769487498977,2006.8345229893969,3,6.0,0.85,0.027,400.72166701039447,414.7808939215456,0.9975577983080456,1,1952.0130414390892,2035.099051299708,1952.0130414390892,1641.2089123384744,1000.0,7.0
2023-08-28,rm_fresh_preparation,fresh_preparation,test_split,1974.14780791448,1982.48409251306,2,6.0,0.85,0.027,434.7662351278216,436.3179229889648,0.9956523778200983,1,2036.4969405705838,2117.434371230406,2036.4969405705838,1707.6083638954888,1000.0,7.0
2023-09-04,rm_fresh_preparation,fresh_preparation,test_split,2226.228800169605,2000.8051187911296,3,6.0,0.85,0.027,370.3315983780888,384.59394781816366,0.9839171007043362,1,1779.791816860184,1847.0446470629763,1779.791816860184,1489.552134728207,1000.0,7.0
2023-09-11,rm_fresh_preparation,fresh_preparation,test_split,2144.160360374287,2001.478355064052,2,6.0,0.85,0.027,441.8141434563278,399.4349591503326,0.9734847532984345,1,1884.8388700808157,1950.3598793691008,1884.8388700808157,1572.8708704589526,1000.0,7.0
2023-09-18,rm_fresh_preparation,fresh_preparation,test_split,1856.8141981461283,1986.5967256020351,2,6.0,0.85,0.027,666.2992451486606,435.40482564755064,0.9990918380301836,1,2178.3282867263115,2272.398853828059,2178.3282867263115,1832.57972082908,1000.0,7.0
2023-09-25,rm_fresh_preparation,fresh_preparation,test_split,2048.609699131973,1991.8610411875927,3,6.0,0.85,0.027,744.1196319647581,408.5927522734313,0.9980146830288081,1,1961.8476167088543,2046.695399354068,1961.8476167088543,1650.5608059306996,1000.0,7.0
2023-10-02,rm_fresh_preparation,fresh_preparation,test_split,2091.331451070818,1996.3485969713315,3,6.0,0.85,0.027,894.13793791357,410.716470264327,0.9968471241563356,1,1923.054014257008,2004.0546268404523,1923.054014257008,1616.1730861616552,1000.0,7.0
2023-10-09,rm_cured_embutido,cured_embutido,test_split,2822.0751195122325,1724.3054995998402,9,6.0,0.79,0.031,625.875307273301,522.4561491998556,0.9999050041970282,1,440.352482334221,471.45608802617824,440.352482334221,380.2065226017567,1000.0,28.0
2023-10-16,rm_cured_embutido,cured_embutido,test_split,3382.432254317418,1871.43126801082,9,6.0,0.79,0.031,499.91855954453,450.01343562929685,0.9912600208602054,1,119.28048613682718,115.42286755131896,119.28048613682718,93.0829577026766,1000.0,28.0
2023-10-23,rm_cured_embutido,cured_embutido,test_split,3126.084167901306,1815.8785738519948,9,6.0,0.79,0.031,512.6773689844357,455.9399739865097,0.9991003717852229,1,291.33105578269465,305.3645761586885,291.33105578269465,246.2617549666843,1000.0,28.0
2023-10-30,rm_cured_embutido,cured_embutido,test_split,3405.134097848873,1893.741437308456,9,6.0,0.79,0.031,448.0024247235525,418.4676791051746,0.9921411048879849,1,140.96879042308396,138.64971429772783,140.96879042308396,111.81428572397408,1000.0,28.0
2023-11-06,rm_cured_embutido,cured_embutido,test_split,3137.088244375548,1833.7401444782847,9,6.0,0.79,0.031,487.977066154785,433.26226336468187,0.9992422695402651,1,317.03236185801535,332.8521668300276,317.03236185801535,268.42916679840937,1000.0,28.0
2023-11-13,rm_cured_embutido,cured_embutido,test_split,3224.8207200487377,1902.3737623238071,9,6.0,0.79,0.031,498.2461289852545,440.66173597848035,0.9993153024511992,1,363.7955529922125,382.1173140909612,363.7955529922125,308.1591242669042,1000.0,28.0
2023-11-20,rm_cured_embutido,cured_embutido,test_split,3109.4366594781286,1933.8491585489207,9,6.0,0.79,0.031,538.2326622418173,475.63877385642786,0.999910125529857,1,561.8740940045581,597.6768902197779,561.8740940045581,481.9974921127241,1000.0,28.0
2023-11-27,rm_cured_embutido,cured_embutido,test_split,3176.995496196546,1880.7663426266915,9,6.0,0.79,0.031,503.77075064717263,471.15647480622897,0.9994535925300676,1,371.9601393238381,391.661790879464,371.9601393238381,315.85628296730965,1000.0,28.0
2023-12-04,rm_cured_embutido,cured_embutido,test_split,3274.228128597551,1936.114519722764,9,6.0,0.79,0.031,500.2167935595024,442.6034341786707,0.9992934195212666,1,379.73412754867354,398.5522716720303,379.73412754867354,321.4131223161535,1000.0,28.0
2023-12-11,rm_cured_embutido,cured_embutido,test_split,2696.3671532955923,1714.33741544205,9,6.0,0.79,0.031,567.0541475869894,489.4062644479918,0.9999770188961936,1,561.4657911769659,604.3788923314438,561.4657911769659,487.4023325253579,1000.0,28.0
2023-12-18,rm_cured_embutido,cured_embutido,test_split,3256.012398068706,1980.8206871054915,9,6.0,0.79,0.031,524.8281003099967,462.90750741600095,0.9997469196933041,1,495.84042879353683,524.0916944148797,495.84042879353683,422.6545922700643,1000.0,28.0
2023-12-25,rm_cured_embutido,cured_embutido,test_split,3187.2211245198964,1917.3507758554067,9,6.0,0.79,0.031,502.0409782646939,488.5139609410371,0.999674679585016,1,438.4078081803224,463.2307351366363,438.4078081803224,373.57317349728737,1000.0,28.0
2024-01-01,rm_cured_embutido,cured_embutido,test_split,3267.7111378999025,1841.281306440104,9,6.0,0.79,0.031,439.5872246993115,390.4351369096234,0.9963865389132351,1,186.23140376375414,188.245997549046,186.23140376375414,151.81128834600486,1000.0,28.0
2024-01-08,rm_cured_embutido,cured_embutido,test_split,3043.7398741877923,1711.122355807188,9,6.0,0.79,0.031,431.7457485461874,395.9240685121687,0.9978956087653973,1,163.1963025597355,166.2328953802615,163.1963025597355,134.0587865969851,1000.0,28.0
2024-01-15,rm_cured_embutido,cured_embutido,test_split,2942.040063121608,1741.4438549821064,9,6.0,0.79,0.031,477.5066859076514,434.85791565964234,0.9996638931323587,1,342.37052217424787,362.1667420594284,342.37052217424787,292.0699532737326,1000.0,28.0
2024-01-22,rm_cured_embutido,cured_embutido,test_split,3211.665009392162,1804.8721284186893,9,6.0,0.79,0.031,439.725076664776,442.1979704290535,0.9966213307969964,1,172.31562592077003,173.89806122647218,172.31562592077003,140.2403719568324,1000.0,28.0
2024-01-29,rm_cured_embutido,cured_embutido,test_split,3121.0923745693867,1810.749939804996,9,6.0,0.79,0.031,469.6405407627285,378.37278754498243,0.999038924521962,1,287.23381759359904,299.7438883420373,287.23381759359904,241.7289422113204,1000.0,28.0
2024-02-05,rm_cured_embutido,cured_embutido,test_split,2755.4298831041865,1842.30913705359,9,6.0,0.79,0.031,586.3646024946202,428.221553900748,0.9999948131235534,1,768.9828828274805,825.8417005656471,768.9828828274805,666.001371423909,1000.0,28.0
2024-02-12,rm_cured_embutido,cured_embutido,test_split,3232.052160793084,1901.1391519472147,9,6.0,0.79,0.031,483.8403227906477,394.26178514163524,0.9992053880565056,1,354.01238061700235,370.3071962435901,354.01238061700235,298.6348356803146,1000.0,28.0
2024-02-19,rm_cured_embutido,cured_embutido,test_split,3140.480094518818,1712.2810961826017,9,6.0,0.79,0.031,429.8186303728317,371.818008533564,0.992944178349548,1,56.57535646814321,48.943435720028646,56.57535646814321,39.47051267744246,1000.0,28.0
2024-02-26,rm_cured_embutido,cured_embutido,test_split,3030.344212884699,1896.9861828225755,9,6.0,0.79,0.031,539.0130120556333,421.62691012196274,0.9999346353758664,1,573.9184548693462,610.8613570372468,573.9184548693462,492.6301266429409,1000.0,28.0
2024-03-04,rm_cured_embutido,cured_embutido,test_split,3236.779187428399,1846.8153791344675,9,6.0,0.79,0.031,451.2131927952225,357.8082045686682,0.9977838172659679,1,233.0724247731042,239.345794967016,233.0724247731042,193.02080239275483,1000.0,28.0
2024-03-11,rm_cured_embutido,cured_embutido,test_split,3441.3927255019103,1831.6507494939567,9,6.0,0.79,0.031,389.153936049494,340.28075299941383,0.9619706759348945,1,11.681045298411789,0.0,11.681045298411789,0.0,1000.0,28.0
2024-03-18,rm_cured_embutido,cured_embutido,test_split,2961.1539742809628,1764.9315178663749,9,6.0,0.79,0.031,481.7381894120014,396.18522576897396,0.999716776362298,1,370.7803823360018,392.5542244638869,370.7803823360018,316.5759874708765,1000.0,28.0
2024-03-25,rm_cured_embutido,cured_embutido,test_split,3286.5445193030805,1885.402929982396,9,6.0,0.79,0.031,445.434756884738,368.80719458136826,0.9978946434543371,1,258.78655754303406,266.4984005379266,258.78655754303406,214.9180649499408,1000.0,28.0
2024-04-01,rm_cured_embutido,cured_embutido,test_split,2775.083410856965,1704.5791966319398,9,6.0,0.79,0.031,508.129783942164,408.02594314042415,0.9999229644406119,1,452.6569374454243,484.2989490669162,452.6569374454243,390.56366860235175,1000.0,28.0
2024-04-08,rm_cured_embutido,cured_embutido,test_split,3568.9998027037727,1899.1451359482053,9,6.0,0.79,0.031,367.1659305243957,342.73483769870785,0.9429715199149035,1,12.706245561000685,0.0,12.706245561000685,0.0,1000.0,28.0
2024-04-15,rm_cured_embutido,cured_embutido,test_split,3053.2152206720625,1762.168342308711,9,6.0,0.79,0.031,367.8826699687201,376.0023558308368,0.9990403676192583,1,260.77132397436293,272.03508036898853,260.77132397436293,219.38312932982944,1000.0,28.0
2024-04-22,rm_cured_embutido,cured_embutido,test_split,3236.3453163489394,1855.9302010038064,9,6.0,0.79,0.031,281.4924712256952,373.8241650000547,0.998129296405209,1,252.8756712454624,260.8739277532234,252.8756712454624,210.38219980098663,1000.0,28.0
2024-04-29,rm_cured_embutido,cured_embutido,test_split,3422.5556221618003,1844.176126376776,9,6.0,0.79,0.031,149.75037149444876,342.9421687521793,0.9757735525000767,1,17.239197389274977,2.9051938327432616,17.239197389274977,2.342898252212308,1000.0,28.0
2024-05-06,rm_fresh_preparation,fresh_preparation,test_split,2358.0815601520294,2009.0792146875144,2,6.0,0.85,0.027,255.3435678497744,265.89216329753873,0.7252017553120638,1,1660.0044009231428,1702.601285520445,1660.0044009231428,1373.0655528390685,1000.0,7.0
2024-05-13,rm_fresh_preparation,fresh_preparation,test_split,2068.5933980865607,1985.28956337856,3,6.0,0.85,0.027,369.11447537576186,310.41218812915014,0.997007351738107,1,1926.212636803091,2006.78243803872,1926.212636803091,1618.3729339021934,1000.0,7.0
2024-05-20,rm_fresh_preparation,fresh_preparation,test_split,2114.108436004181,1991.560784693792,4,6.0,0.85,0.027,372.4444515502178,324.25303116965296,0.9990021117250311,1,1877.8239610335131,1964.785517821091,1877.8239610335131,1584.5044498557186,1000.0,7.0
2024-05-27,rm_fresh_preparation,fresh_preparation,test_split,2311.448765256566,1993.5956193930435,2,6.0,0.85,0.027,333.4853295045527,313.799290531939,0.7841196325849182,1,1679.5332017785372,1724.7694431698385,1679.5332017785372,1390.943099330515,1000.0,7.0
2024-06-03,rm_fresh_preparation,fresh_preparation,test_split,2142.953473821988,2008.7391537347823,2,6.0,0.85,0.027,421.77837935909946,344.2117698725107,0.9760057235777773,1,1903.1151206129352,1968.5770007756907,1903.1151206129352,1587.5620973997509,1000.0,7.0
2024-06-10,rm_fresh_preparation,fresh_preparation,test_split,1873.3059725901187,1995.355273769729,3,6.0,0.85,0.027,522.026488716233,363.97843794079563,0.9997915952502926,1,2169.458215796137,2272.1187387265427,2169.458215796137,1832.353821553664,1000.0,7.0
2024-06-17,rm_fresh_preparation,fresh_preparation,test_split,2194.497275966016,1966.839887468368,3,6.0,0.85,0.027,388.1046847747605,311.3236164212096,0.9796191705146761,1,1743.8728470493058,1808.1746615150105,1743.8728470493058,1458.2053721895245,1000.0,7.0
2024-06-24,rm_fresh_preparation,fresh_preparation,test_split,1972.61393855348,1985.647879470737,3,6.0,0.85,0.027,443.20633117785496,332.7480541660399,0.999121766001353,1,2035.8607220765862,2126.622118632011,2035.8607220765862,1715.0178376064605,1000.0,7.0
2024-07-01,rm_fresh_preparation,fresh_preparation,test_split,2349.2112362066173,1868.267403747996,3,6.0,0.85,0.027,258.318739642538,271.7597028278187,0.5368920483216343,1,1357.028778100277,1389.3310025920368,1357.028778100277,1120.428227896804,1000.0,7.0
2024-07-08,rm_fresh_preparation,fresh_preparation,test_split,2268.790467239923,2000.6220505019096,2,6.0,0.85,0.027,292.87036439402254,278.0899917397732,0.8762609843641517,1,1743.019245452183,1793.8465997783212,1743.019245452183,1446.6504836921945,1000.0,7.0
2024-07-15,rm_fresh_preparation,fresh_preparation,test_split,1891.0140872849013,1816.007775581603,2,6.0,0.85,0.027,366.8458215562302,314.8702270665654,0.9704865781304511,1,1773.0090444393013,1837.149009248928,1773.0090444393013,1481.571781652361,1000.0,7.0
2024-07-22,rm_fresh_preparation,fresh_preparation,test_split,2099.465447444027,1982.4858687279848,2,6.0,0.85,0.027,362.56030668734985,286.0917673931541,0.9780003098938943,1,1895.7760895414533,1962.044588582994,1895.7760895414533,1582.2940230508016,1000.0,7.0
2024-07-29,rm_fresh_preparation,fresh_preparation,test_split,1880.972679551484,1965.6100251279595,2,6.0,0.85,0.027,463.447976540935,341.5812450031476,0.9981318442273729,1,2106.859837381468,2194.112963793689,2106.859837381468,1769.445938543298,1000.0,7.0
2024-08-05,rm_fresh_preparation,fresh_preparation,test_split,2024.187495294118,1970.721280274532,3,6.0,0.85,0.027,430.3955082603827,335.4380423731186,0.9977906634624646,1,1945.2131773215506,2028.2970826960727,1945.2131773215506,1635.7234537871554,1000.0,7.0
2024-08-12,rm_fresh_preparation,fresh_preparation,test_split,2220.9789485445817,1837.823473441203,2,6.0,0.85,0.027,320.6247922465262,276.7524776271666,0.4184738858440566,0,1447.32723031943,1478.2310169293175,0.0,1192.121787846224,1000.0,7.0
2024-08-19,rm_fresh_preparation,fresh_preparation,test_split,2479.700456856476,1889.0569201670687,3,6.0,0.85,0.027,264.9966316806665,256.2028872727824,0.24077598773436415,0,1254.128740764295,1275.3996553684192,0.0,1028.54810916808,1000.0,7.0
2024-08-26,rm_fresh_preparation,fresh_preparation,test_split,2356.8580528565208,1991.2077441761328,3,6.0,0.85,0.027,289.6205221176534,269.69167162767985,0.9033009617745521,1,1612.4007569859675,1662.96299104638,1612.4007569859675,1341.099186327726,1000.0,7.0
2024-09-02,rm_fresh_preparation,fresh_preparation,test_split,2220.9077099052133,2007.0833023273549,2,6.0,0.85,0.027,302.27026320858363,300.7381395382977,0.9362048129452062,1,1811.0894087394593,1868.100558791387,1811.0894087394593,1506.5327087027313,1000.0,7.0
2024-09-09,rm_fresh_preparation,fresh_preparation,test_split,2007.760468756455,1863.525175355644,2,6.0,0.85,0.027,341.53861558615966,306.2648519847845,0.945423578249018,1,1743.28294493145,1801.8092797038505,1743.28294493145,1453.0719997611698,1000.0,7.0
2024-09-16,rm_fresh_preparation,fresh_preparation,test_split,1991.1563235295896,1928.5948299347567,3,6.0,0.85,0.027,388.93650667888335,318.34974488367607,0.996951219285989,1,1891.6479152854592,1972.24453861592,1891.6479152854592,1590.5197892063873,1000.0,7.0
2024-09-23,rm_fresh_preparation,fresh_preparation,test_split,2450.162373058786,1897.915297265287,2,6.0,0.85,0.027,300.21485072183,252.89879522037887,0.10168890953213154,0,1316.9919458474337,1332.426456252309,0.0,1074.537464719604,1000.0,7.0
2024-09-30,rm_fresh_preparation,fresh_preparation,test_split,2108.844392246653,1920.1934598976816,2,6.0,0.85,0.027,489.3390656919375,329.5192795217407,0.9289345305402421,1,1750.9184926132293,1806.9641784070968,1750.9184926132293,1457.2291761347556,1000.0,7.0
2024-10-07,rm_fresh_preparation,fresh_preparation,test_split,2396.96705699978,1853.446235845844,3,6.0,0.85,0.027,496.1412391017861,264.90502511877344,0.3274272775325211,0,1271.1590216532265,1295.9827524395594,0.0,1045.1473809996446,1000.0,7.0
2024-10-14,rm_fresh_preparation,fresh_preparation,test_split,2345.120609842593,1904.5062429212933,3,6.0,0.85,0.027,647.7379484977687,270.14755314728137,0.700402073629658,1,1439.237330028458,1477.8562489225058,1439.237330028458,1191.819555582666,1000.0,7.0
2024-10-21,rm_cured_embutido,cured_embutido,test_split,2581.75571035125,1625.3688198987188,9,6.0,0.79,0.031,578.4641440726191,452.1221161227435,0.9999732751857268,1,502.41563750417106,541.6151158455001,502.41563750417106,436.78638374637103,1000.0,28.0
2024-10-28,rm_cured_embutido,cured_embutido,test_split,2863.808157651743,1704.098224507699,9,6.0,0.79,0.031,515.0315467726537,420.2516447878421,0.9997595112555178,1,351.36084201361905,373.1726529495678,351.36084201361905,300.9456878625547,1000.0,28.0
2024-11-04,rm_cured_embutido,cured_embutido,test_split,2968.738776206197,1783.93082845712,9,6.0,0.79,0.031,506.599156207597,431.71429307579524,0.9997807505946373,1,402.1777819066911,426.90176817985474,402.1777819066911,344.27561949988285,1000.0,28.0
2024-11-11,rm_cured_embutido,cured_embutido,test_split,2993.613454086308,1745.8948372526474,9,6.0,0.79,0.031,466.5537964099551,415.0455243678214,0.9994080931671144,1,293.17660036499615,308.4657135776457,293.17660036499615,248.7626722400369,1000.0,28.0
2024-11-18,rm_cured_embutido,cured_embutido,test_split,2894.5209988514075,1686.4568278468116,9,6.0,0.79,0.031,468.6902063225359,406.85278939128045,0.9995186912973588,1,278.9040944947222,294.4631135514835,278.9040944947222,237.4702528640996,1000.0,28.0
2024-11-25,rm_cured_embutido,cured_embutido,test_split,3657.92957916784,1849.005245999792,9,6.0,0.79,0.031,342.2886759759218,337.9982392797788,0.6883988893872628,1,0.0,0.0,0.0,0.0,1000.0,28.0
2024-12-02,rm_cured_embutido,cured_embutido,test_split,2940.6594631413923,1796.5770698673225,9,6.0,0.79,0.031,476.0182785123034,454.43929947625884,0.9998769366181087,1,461.05112446655585,490.8426037419935,461.05112446655585,395.8408094693496,1000.0,28.0
2024-12-09,rm_cured_embutido,cured_embutido,test_split,3041.7888575549173,1739.3854919290002,9,6.0,0.79,0.031,425.9140837589015,426.6539265271093,0.9987657925521375,1,225.1005457709762,233.73812090268527,225.1005457709762,188.4984845989397,1000.0,28.0
2024-12-16,rm_cured_embutido,cured_embutido,test_split,3145.499270538198,1765.161359768489,9,6.0,0.79,0.031,412.1439749158045,405.8970478990791,0.9970755932165873,1,162.63329181075926,164.49535017092705,162.63329181075926,132.65754046042505,1000.0,28.0
2024-12-23,rm_cured_embutido,cured_embutido,test_split,2923.899272632969,1691.0815621946206,9,6.0,0.79,0.031,454.3770340228244,449.9801942451661,0.999351844207472,1,255.72447403990532,268.68415658901625,255.72447403990532,216.68077144275503,1000.0,28.0
2024-12-30,rm_cured_embutido,cured_embutido,test_split,3027.320744360321,1741.25034437891,9,6.0,0.79,0.031,461.0082238228207,423.35278333421275,0.9990069782174391,1,245.39784521659513,255.97307004863484,245.39784521659513,206.429895200512,1000.0,28.0
2025-01-06,rm_cured_embutido,cured_embutido,test_split,2957.6274442673966,1789.2173463832994,9,6.0,0.79,0.031,512.9371519397147,461.15844062465646,0.9998260773617341,1,426.12845126047716,452.85391535111165,426.12845126047716,365.2047704444449,1000.0,28.0
2025-01-13,rm_cured_embutido,cured_embutido,test_split,3367.442065984695,1922.373038359944,9,6.0,0.79,0.031,465.5298946413016,427.3936621575205,0.9969747712230659,1,245.4686444380415,251.3223208021637,245.4686444380415,202.67929096948683,1000.0,28.0
2025-01-20,rm_cured_embutido,cured_embutido,test_split,3231.090076872242,1808.6978261341087,9,6.0,0.79,0.031,449.88936595229694,427.0149014939783,0.995992360447987,1,158.2217696045363,158.62101286153865,158.2217696045363,127.92017166253116,1000.0,28.0
2025-01-27,rm_cured_embutido,cured_embutido,test_split,3362.0287184548542,1898.7392822916904,9,6.0,0.79,0.031,455.3265454896906,410.5324422489586,0.9957074385424882,1,201.32052766617252,203.60970776484552,201.32052766617252,164.20137722971413,1000.0,28.0
2025-02-03,rm_cured_embutido,cured_embutido,test_split,3282.0415550975863,1835.6207454982016,9,6.0,0.79,0.031,446.9867743722839,396.9032339961498,0.9952595105797418,1,157.67391956610925,157.44081702628029,157.67391956610925,126.96840082764538,1000.0,28.0
2025-02-10,rm_cured_embutido,cured_embutido,test_split,3539.5860573842137,1902.819132555485,9,6.0,0.79,0.031,412.6738195816615,364.18305338636867,0.9629275771733953,1,14.986305649700142,0.0,14.986305649700142,0.0,1000.0,28.0
2025-02-17,rm_cured_embutido,cured_embutido,test_split,3433.9645420501533,1887.404807273548,9,6.0,0.79,0.031,425.8937969891048,370.0076728913909,0.987004375182366,1,95.7021768779112,88.307609750609,95.7021768779112,71.21581431500726,1000.0,28.0
2025-02-24,rm_cured_embutido,cured_embutido,test_split,3418.484179074374,1958.780690780204,9,6.0,0.79,0.031,453.0454246124587,379.923383117207,0.9969711743410017,1,265.0466798866117,271.8717230016174,265.0466798866117,219.25138951743332,1000.0,28.0
2025-03-03,rm_cured_embutido,cured_embutido,test_split,3086.639838813436,1889.1899234557795,9,6.0,0.79,0.031,503.5933637537927,415.30194807201684,0.9998484901444912,1,492.9296665401713,523.1011093152201,492.9296665401713,421.8557333187259,1000.0,28.0
2025-03-10,rm_cured_embutido,cured_embutido,test_split,3082.164244839605,1831.5140367067352,9,6.0,0.79,0.031,464.7275485479676,406.5407393089664,0.9996010648669386,1,375.0459997348226,395.8315180721143,375.0459997348226,319.2189661871889,1000.0,28.0
2025-03-17,rm_cured_embutido,cured_embutido,test_split,3146.896778311814,1834.43966023432,9,6.0,0.79,0.031,398.9671589520124,390.65831405224975,0.9991357438889289,1,307.98795790787096,322.30046960438443,307.98795790787096,259.91973355192295,1000.0,28.0
2025-03-24,rm_cured_embutido,cured_embutido,test_split,3330.101062969517,1896.511047949872,9,6.0,0.79,0.031,291.1803849924067,382.3139244025921,0.9970410094844117,1,232.57450908993434,238.06869519664727,232.57450908993434,191.99088322310263,1000.0,28.0
2025-03-31,rm_cured_embutido,cured_embutido,test_split,3099.5586587751723,1830.5061825315624,9,6.0,0.79,0.031,215.7613314264157,404.4792309381313,0.9994930326979868,1,353.20624922442977,371.941500605756,353.20624922442977,299.95282306915806,1000.0,28.0
2025-04-07,rm_fresh_preparation,fresh_preparation,test_split,2049.4989109720664,2010.096027965728,4,6.0,0.85,0.027,348.119056614677,324.39465815035317,0.9996920108571775,1,1990.4709124660924,2087.5853462242853,1990.4709124660924,1683.536569535714,1000.0,7.0
2025-04-14,rm_fresh_preparation,fresh_preparation,test_split,2002.573460242805,2006.66185571684,2,6.0,0.85,0.027,363.5197293114452,345.5849559259615,0.995864735968291,1,2056.973465601619,2137.864497035416,2056.973465601619,1724.084271802755,1000.0,7.0
2025-04-21,rm_fresh_preparation,fresh_preparation,test_split,1909.694943106683,1992.8388327688228,3,6.0,0.85,0.027,443.1139915728946,400.0491208697114,0.999661967856288,1,2121.990685476929,2221.201411152488,2121.990685476929,1791.2914606068457,1000.0,7.0
2025-04-28,rm_fresh_preparation,fresh_preparation,test_split,2149.427509255044,1990.819775852664,2,6.0,0.85,0.027,410.2738316445962,371.664528456885,0.965427595047873,1,1856.415757439472,1919.283429487309,1856.415757439472,1547.809217328475,1000.0,7.0
2025-05-05,rm_fresh_preparation,fresh_preparation,test_split,1917.747561558573,1996.4710718869912,3,6.0,0.85,0.027,497.9275244965686,430.52870609319723,0.9996520821762509,1,2120.4256643587546,2219.580692069984,2120.4256643587546,1789.9844290886963,1000.0,7.0
2025-05-12,rm_fresh_preparation,fresh_preparation,test_split,1990.5016964071783,1988.949025497688,2,6.0,0.85,0.027,468.7778566621592,407.4175969691099,0.9951906055846782,1,2032.1519159712984,2112.0433666012027,2032.1519159712984,1703.2607795170989,1000.0,7.0
2025-05-19,rm_fresh_preparation,fresh_preparation,test_split,2120.91109742135,2014.587274008125,3,6.0,0.85,0.027,424.8834057046164,391.48064440885264,0.9966461806711963,1,1929.11983259595,2009.3769330562363,1929.11983259595,1620.465268593739,1000.0,7.0
2025-05-26,rm_fresh_preparation,fresh_preparation,test_split,1948.0864348940995,2004.136531458192,3,6.0,0.85,0.027,457.7489525386837,403.510118240761,0.9995530277643404,1,2102.5714061643253,2199.612947460753,2102.5714061643253,1773.8814092425428,1000.0,7.0
2025-06-02,rm_fresh_preparation,fresh_preparation,test_split,2231.4972702319947,2007.0799182286385,2,6.0,0.85,0.027,347.08521835655847,395.1664498072655,0.9299766887455646,1,1798.0233228250158,1854.961710890277,1798.0233228250158,1495.9368636211912,1000.0,7.0
2025-06-09,rm_fresh_preparation,fresh_preparation,test_split,2303.3062360925164,2015.6518251498017,2,6.0,0.85,0.027,335.33870801338185,379.4456935791236,0.8609183075570574,1,1735.1040360257382,1785.658470304537,1735.1040360257382,1440.047153471401,1000.0,7.0
2025-06-16,rm_fresh_preparation,fresh_preparation,test_split,2054.4955309652537,1990.4644186230848,2,6.0,0.85,0.027,436.4344369614946,399.6335698705768,0.9895253231987533,1,1962.7645769559124,2036.1807456322456,1962.7645769559124,1642.0812464776177,1000.0,7.0
2025-06-23,rm_fresh_preparation,fresh_preparation,test_split,2099.724913196323,2015.4717603429365,3,6.0,0.85,0.027,447.1531940650757,371.93226529394394,0.9974908688150405,1,1954.9000694924443,2037.68464716915,1954.9000694924443,1643.2940702977016,1000.0,7.0
2025-06-30,rm_fresh_preparation,fresh_preparation,test_split,2261.383910339456,2009.532990285997,2,6.0,0.85,0.027,403.1681557034424,371.16172947243695,0.9045464178947945,1,1769.4395341663203,1823.551351666256,1769.4395341663203,1470.6059287631097,1000.0,7.0
2025-07-07,rm_fresh_preparation,fresh_preparation,test_split,2039.4959991946475,2001.767388142772,3,6.0,0.85,0.027,491.2510766630691,405.6702751503917,0.9985125626336865,1,1993.6488437500561,2080.809289121706,1993.6488437500561,1678.0720073562147,1000.0,7.0
2025-07-14,rm_fresh_preparation,fresh_preparation,test_split,2029.045209618704,2003.093626175521,4,6.0,0.85,0.027,467.8263837938362,398.0859139989576,0.9997349457090039,1,1998.1561690933338,2096.8224049227206,1998.1561690933338,1690.9858104215489,1000.0,7.0
2025-07-21,rm_fresh_preparation,fresh_preparation,test_split,2356.500571936662,1992.636664025321,3,6.0,0.85,0.027,313.30307523660514,349.73884603025886,0.9092089334956718,1,1614.6893788143514,1666.6968656682782,1614.6893788143514,1344.110375538934,1000.0,7.0
2025-07-28,rm_fresh_preparation,fresh_preparation,test_split,2266.211194924876,1960.6705842210984,2,6.0,0.85,0.027,312.7082929930572,362.1653629992826,0.788833762165301,1,1658.8511893568857,1705.042377956597,1658.8511893568857,1375.034175771449,1000.0,7.0
2025-08-04,rm_fresh_preparation,fresh_preparation,test_split,2226.812744143152,1991.926129474172,2,6.0,0.85,0.027,343.6398441716688,377.3702056611278,0.9157278604052985,1,1770.4325699742276,1825.873512565871,1770.4325699742276,1472.478639166025,1000.0,7.0
2025-08-11,rm_fresh_preparation,fresh_preparation,test_split,2279.360173349009,1989.4932389497,3,6.0,0.85,0.027,320.7302448905421,364.30573439810166,0.9623662728595278,1,1695.038664947068,1755.1121010285378,1695.038664947068,1415.4129847004338,1000.0,7.0
2025-08-18,rm_fresh_preparation,fresh_preparation,test_split,1782.6877883175205,1987.6616653184487,2,6.0,0.85,0.027,483.4890629597838,424.0950617573477,0.9996557865761694,1,2264.4515853285666,2366.768006048188,2264.4515853285666,1908.683875845313,1000.0,7.0
2025-08-25,rm_fresh_preparation,fresh_preparation,test_split,2359.003831849326,1995.0963465860384,2,6.0,0.85,0.027,324.38363767744346,352.3795964208729,0.6805198191455128,1,1627.5026284504825,1669.257120930684,1627.5026284504825,1346.175097524745,1000.0,7.0
2025-09-01,rm_fresh_preparation,fresh_preparation,test_split,2189.427304980022,1996.4230467529123,3,6.0,0.85,0.027,381.5255091154809,416.26779210413895,0.9891635796138551,1,1811.8007139939605,1882.5872152043369,1811.8007139939605,1518.2154961325296,1000.0,7.0
2025-09-08,rm_fresh_preparation,fresh_preparation,test_split,2292.1147589121174,1993.6492911177827,2,6.0,0.85,0.027,344.8033284427257,394.51293581410187,0.8300229079122378,1,1700.0967374947747,1748.8672093516395,1700.0967374947747,1410.3767817351932,1000.0,7.0
2025-09-15,rm_fresh_preparation,fresh_preparation,test_split,2191.553848211276,1999.1277994388083,3,6.0,0.85,0.027,361.8633179568969,399.6804649601321,0.9893860656587304,1,1815.2172792786637,1886.178960639959,1815.2172792786637,1521.112065032225,1000.0,7.0
2025-09-22,rm_fresh_preparation,fresh_preparation,test_split,2138.5780551385724,2003.796186701644,2,6.0,0.85,0.027,378.5129836096175,403.17345657734893,0.9764385614906478,1,1895.8967747438787,1962.619573003956,1895.8967747438787,1582.7577201644808,1000.0,7.0
2025-09-29,rm_fresh_preparation,fresh_preparation,test_split,2081.730602143141,2002.681222769089,3,6.0,0.85,0.027,404.98745406149743,426.9851964248526,0.9975241814290592,1,1947.3746878770878,2030.5428120621784,1947.3746878770878,1637.534525856595,1000.0,7.0
2025-10-06,rm_fresh_preparation,fresh_preparation,test_split,2176.6173958210293,2004.7709241016569,2,6.0,0.85,0.027,430.1687462687652,423.24572183446037,0.9631258774286121,1,1854.7092669419708,1917.69547154174,1854.7092669419708,1546.528606082048,1000.0,7.0
2025-10-13,rm_fresh_preparation,fresh_preparation,test_split,2048.908232623004,1994.0169545088784,2,6.0,0.85,0.027,600.9921242473483,442.89392825304867,0.990988329088705,1,1976.2303837616266,2051.2899782164923,1976.2303837616266,1654.2661114649131,1000.0,7.0
2025-10-20,rm_fresh_preparation,fresh_preparation,test_split,2259.7452622860783,2002.1867267657165,3,6.0,0.85,0.027,684.8642334156714,407.4849807736474,0.9764732427945838,1,1744.3331516161954,1808.665879831456,1744.3331516161954,1458.6015159931094,1000.0,7.0
2025-10-27,rm_fresh_preparation,fresh_preparation,test_split,1837.5589527708696,2001.1156566806228,3,6.0,0.85,0.027,1055.525356688279,454.929043719844,0.9998873411566062,1,2220.7624005211887,2329.710382234356,2220.7624005211887,1878.798695350287,1000.0,7.0
2025-11-03,rm_cured_embutido,cured_embutido,test_split,3175.8473394814723,1953.4427994108728,9,6.0,0.79,0.031,658.0941512653599,557.3183208932088,0.9998556121745402,1,527.6081099438865,560.449002829156,527.6081099438865,451.9750022815774,1000.0,28.0
2025-11-10,rm_cured_embutido,cured_embutido,test_split,3508.0709153589223,1898.8609604615733,9,6.0,0.79,0.031,503.4601413154581,480.67233939323853,0.9743056603439841,1,34.72315162608325,22.7975910464456,34.72315162608325,18.38515406971419,1000.0,28.0
2025-11-17,rm_cured_embutido,cured_embutido,test_split,3127.264912366484,1932.1684124905264,9,6.0,0.79,0.031,598.9792932219278,509.3684590549094,0.9998865678201232,1,537.3086116189239,571.6993385723148,537.3086116189239,461.04785368735065,1000.0,28.0
2025-11-24,rm_cured_embutido,cured_embutido,test_split,3258.611115675916,1972.845551242272,9,6.0,0.79,0.031,547.6482754468387,459.25356041205134,0.9997062042600863,1,475.07943237186294,502.5036859940672,475.07943237186294,405.2449080597317,1000.0,28.0
2025-12-01,rm_cured_embutido,cured_embutido,test_split,3162.5866999929217,1979.6982701308548,9,6.0,0.79,0.031,574.6179764024808,492.95343472171703,0.9999234984543764,1,598.8277012638738,637.3547940815452,598.8277012638738,513.9958016786654,1000.0,28.0
2025-12-08,rm_cured_embutido,cured_embutido,test_split,3371.4233959898,1980.922637080547,9,6.0,0.79,0.031,526.3802804865977,476.3693455294889,0.998927334558475,1,364.26195585327633,381.2168332209934,364.26195585327633,307.4329300169302,1000.0,28.0
2025-12-15,rm_cured_embutido,cured_embutido,test_split,3198.038216359368,1986.2964330762927,9,6.0,0.79,0.031,570.0732314892348,499.62501114257657,0.9998930790979873,1,572.6561156438637,608.5895404557893,572.6561156438637,490.7980164966043,1000.0,28.0
2025-12-22,rm_cured_embutido,cured_embutido,test_split,3301.929720667077,1992.4152916810715,9,6.0,0.79,0.031,541.9101261465776,485.164693321697,0.9996393160970206,1,467.7056231412291,493.8549323583774,467.7056231412291,398.2701067406269,1000.0,28.0
2025-12-29,rm_cured_embutido,cured_embutido,test_split,3360.62824813074,1924.8474839351888,9,6.0,0.79,0.031,491.566502119258,446.46755931765614,0.9974704873182276,1,257.0012086999041,265.4697496086317,257.0012086999041,214.0885077488965,1000.0,28.0
2026-01-05,rm_cured_embutido,cured_embutido,test_split,3148.7985218141057,1917.869902984768,9,6.0,0.79,0.031,545.8724486462488,443.6524106093225,0.9998035071399025,1,482.95304691958654,512.0702381097177,482.95304691958654,412.9598694433207,1000.0,28.0
2026-01-12,rm_cured_embutido,cured_embutido,test_split,3577.525265660304,2021.9890005660743,9,6.0,0.79,0.031,475.60350726066287,421.465309158727,0.9927410855350833,1,218.46301725698112,220.22048331338263,218.46301725698112,177.59716396240538,1000.0,28.0
2026-01-19,rm_cured_embutido,cured_embutido,test_split,3331.816414388052,1880.054378203324,9,6.0,0.79,0.031,472.4410331921158,444.6986833469255,0.9960427780802694,1,194.95164301093058,198.0442999641843,194.95164301093058,159.71314513240668,1000.0,28.0
2026-01-26,rm_cured_embutido,cured_embutido,test_split,3518.58067022984,1963.3408137914057,9,6.0,0.79,0.031,467.4790749295199,447.50750489296394,0.9903128052861258,1,160.4555329760249,158.25338581749295,160.4555329760249,127.62369823991368,1000.0,28.0
2026-02-02,rm_cured_embutido,cured_embutido,test_split,3300.113864001373,1925.655734922034,9,6.0,0.79,0.031,510.54111165706223,401.28057731677063,0.9988226955269821,1,327.92923044139354,342.3688724873247,327.92923044139354,276.10392942526187,1000.0,28.0
2026-02-09,rm_cured_embutido,cured_embutido,test_split,3958.407347271888,1999.6633069038428,9,6.0,0.79,0.031,385.80259454344696,332.46560823213775,0.41672962517902157,0,0.0,0.0,0.0,0.0,1000.0,28.0
2026-02-16,rm_cured_embutido,cured_embutido,test_split,3540.202748861702,1975.4456753058728,9,6.0,0.79,0.031,472.2920705371624,380.15832559892345,0.9897145565965888,1,161.69452482269406,159.31777511587086,161.69452482269406,128.48207670634747,1000.0,28.0
2026-02-23,rm_cured_embutido,cured_embutido,test_split,3630.038243387342,2098.8201453511097,9,6.0,0.79,0.031,496.20534824482775,382.82497887191994,0.9963688915301739,1,322.7044171351114,332.0355414939654,322.7044171351114,267.7705979790044,1000.0,28.0
2026-03-02,rm_cured_embutido,cured_embutido,test_split,3333.408979568026,2049.266120811901,9,6.0,0.79,0.031,542.5879830281314,404.3505015806345,0.999799904041387,1,554.0725701420731,585.7399892624834,554.0725701420731,472.3709590826479,1000.0,28.0
2026-03-09,rm_cured_embutido,cured_embutido,test_split,3279.420315910744,1936.5946017554984,9,6.0,0.79,0.031,526.2846943699552,399.996210311746,0.9992552770507115,1,374.71583154696634,393.2195197419104,374.71583154696634,317.1125159208955,1000.0,28.0
2026-03-16,rm_cured_embutido,cured_embutido,test_split,3762.572422234212,2062.846271138957,9,6.0,0.79,0.031,462.5553735850612,358.48270981756866,0.9639008099252152,1,95.40475202586786,84.85046653814696,95.40475202586786,68.4277955952798,1000.0,28.0
2026-03-23,rm_cured_embutido,cured_embutido,test_split,3642.286455496231,1970.671628929325,9,6.0,0.79,0.031,411.9485694517741,359.24328257342455,0.9600708554654009,1,35.79825219729676,21.740032090490114,35.79825219729676,17.53228394394364,1000.0,28.0
2026-03-30,rm_cured_embutido,cured_embutido,test_split,3637.08242839346,1989.1847855175545,9,6.0,0.79,0.031,347.88920744380647,348.3912349973826,0.9727595004679306,1,81.05345877122997,70.82618058396336,81.05345877122997,57.11788756771239,1000.0,28.0
2026-04-06,rm_cured_embutido,cured_embutido,test_split,3611.330400111491,2041.4335067369304,9,6.0,0.79,0.031,272.40880471010223,359.28917322632066,0.9920990104454155,1,221.52290436735183,223.08003651879696,221.52290436735183,179.90325525709432,1000.0,28.0
2026-04-13,rm_cured_embutido,cured_embutido,test_split,3164.6060565329653,1985.2157736281545,9,6.0,0.79,0.031,230.0313137614628,403.4080772523033,0.9999274016507432,1,608.9370607283464,647.556814311387,608.9370607283464,522.2232373478928,1000.0,28.0
2026-04-20,rm_fresh_preparation,fresh_preparation,test_split,2236.0541030478694,2000.4829219815128,3,6.0,0.85,0.027,272.93488187601287,281.53678894079974,0.9817010060660829,1,1767.9716549495133,1834.1192982694968,1767.9716549495133,1479.128466346369,1000.0,7.0
2026-04-27,rm_fresh_preparation,fresh_preparation,test_split,1926.233211199752,1986.6379074215383,3,6.0,0.85,0.027,378.5729991745551,344.33618897000474,0.9995416942489032,1,2089.3387245704967,2186.414113488764,2089.3387245704967,1763.2371882973905,1000.0,7.0
2026-05-04,rm_fresh_preparation,fresh_preparation,test_split,1903.775232851756,2007.1369687126887,2,6.0,0.85,0.027,443.5213341633453,378.55274115955274,0.9988526643286789,1,2169.485589085803,2261.468416356471,2169.485589085803,1823.76485190038,1000.0,7.0
2026-05-11,rm_fresh_preparation,fresh_preparation,test_split,2197.122695284312,2003.7603333676163,3,6.0,0.85,0.027,364.0485944486121,390.46047745096865,0.9894101902036925,1,1819.1569112782659,1889.941654116877,1819.1569112782659,1524.1464952555466,1000.0,7.0
2026-05-18,rm_fresh_preparation,fresh_preparation,test_split,2252.751391087817,2009.8668302836588,2,6.0,0.85,0.027,326.7737385146197,382.76940748432776,0.9142841985110677,1,1779.8717530173994,1835.024461361476,1779.8717530173994,1479.8584365818351,1000.0,7.0
