date,ALFALFA DESHIDRATADA (100 KG.),AVENA (PIENSO) (100 KG.),CEBADA (PIENSO) (100 KG.),CERDOS CRECIMIENTO Y CEBO (100 KG.),CERDOS GESTACION Y LACTACION (100 KG.),CONCENTRADO  VACUNO DE LECHE (100 KG.),CONCENTRADO VACUNO DE CARNE (100 KG.),CONEJOS (100 KG.),CORDEROS Y CHIVOS CRIA (100 KG.),CORDEROS Y CHIVOS RECRIA. ENGORDE (100 KG.),GALLINAS PONEDORAS (100 KG.),LACTORREMPLAZANTES 20% PROTEINA (100 KG.),LECHONES (100 KG.),MAIZ (PIENSO) (100 KG.),OVEJAS Y CABRAS LACTANTES (100 KG.),PAJA CEREALES (100 KG.),POLLITAS CRIA-RECRIA (100 KG.),POLLOS CARNE (100 KG.),PULPA DE REMOLACHA (100 KG.),TERNEROS CRIA (100 KG.),TERNEROS RECRIA Y CEBO (100 KG.),TORTA DE GIRASOL (100 KG.),TRIGO (PIENSO) (100 KG.)
2005-01-01,16.59,15.53,13.22,21.02,20.06,21.66,20.97,20.73,23.64,21.38,24.74,140.92,35.7,14.44,20.64,7.28,26.13,25.1,17.45,23.61,22.19,14.39,14.72
2005-02-01,17.01,15.6,13.22,21.28,19.78,21.52,21.0,20.87,23.68,21.28,24.65,144.4,34.7,14.24,20.23,7.62,26.18,25.53,17.51,23.35,22.09,14.3,14.86
2005-03-01,17.11,15.45,13.44,21.63,19.82,21.5,21.1,21.01,23.95,21.65,24.58,142.43,34.68,14.47,20.4,7.65,25.95,25.53,17.51,23.28,22.3,14.16,14.86
2005-04-01,17.2,16.01,13.64,21.33,19.82,21.56,20.82,21.04,24.1,21.68,24.92,144.49,34.82,14.64,21.03,8.03,26.15,25.88,17.63,23.49,21.75,14.34,14.9
2005-05-01,17.03,15.95,13.7,21.44,19.81,21.46,20.81,21.03,24.79,21.75,24.91,144.54,34.99,14.71,20.65,8.45,26.26,26.11,17.72,23.34,21.47,14.14,14.88
2005-06-01,17.3,16.08,14.08,21.42,19.86,22.03,21.03,21.15,24.93,21.99,24.89,147.17,35.26,14.99,20.6,8.17,26.24,25.51,17.54,23.91,22.26,13.96,15.21
2005-07-01,17.68,16.43,14.3,21.57,20.23,22.11,21.25,20.97,25.61,22.4,25.07,147.84,36.32,15.28,20.81,8.64,26.33,25.99,17.57,24.05,22.19,13.91,15.22
2005-08-01,17.82,16.45,14.31,21.69,20.4,22.27,21.88,21.13,25.17,22.42,25.08,147.87,36.36,15.31,20.87,9.1,26.2,25.54,17.49,24.14,22.51,13.86,15.08
2005-09-01,17.99,16.37,14.19,21.98,20.4,22.31,21.79,21.25,25.23,22.27,25.11,145.78,36.39,15.14,20.89,9.4,26.64,26.22,17.61,24.27,22.63,13.54,14.98
2005-10-01,17.95,16.53,14.49,22.24,20.49,22.34,21.77,21.12,25.59,22.21,25.25,143.6,37.39,15.09,20.86,9.46,26.51,25.75,17.78,24.1,22.61,13.46,15.25
2005-11-01,17.92,16.7,14.58,22.21,20.45,22.36,21.81,21.15,25.53,22.19,25.27,143.53,37.5,15.18,20.85,9.47,26.55,25.84,17.57,24.16,22.77,13.17,15.19
2005-12-01,17.92,16.97,14.56,22.35,20.51,22.37,21.98,21.21,25.63,22.5,25.24,143.71,37.47,15.21,20.98,9.57,26.56,25.72,17.5,24.44,22.89,12.89,15.2
2006-01-01,18.34,17.3,14.87,21.57,20.52,22.31,22.22,21.02,25.21,22.45,24.7,149.38,37.09,15.36,21.51,9.65,25.66,25.43,17.93,24.06,22.36,12.97,15.52
2006-02-01,18.27,16.93,14.51,21.59,20.67,22.37,22.37,20.73,25.02,22.48,24.76,146.31,37.45,15.32,21.68,9.64,25.72,25.62,17.85,23.96,22.44,12.86,15.28
2006-03-01,18.05,16.61,13.91,21.83,20.82,22.43,22.36,21.16,25.35,22.55,25.08,146.99,38.65,15.12,21.39,9.24,26.61,25.56,17.72,24.46,23.18,12.57,15.13
2006-04-01,18.12,16.54,13.74,21.47,20.4,22.33,22.14,20.93,24.98,22.37,24.88,146.71,38.43,15.31,21.51,9.32,25.81,25.69,17.81,23.87,22.33,12.39,14.88
2006-05-01,17.87,15.98,13.5,21.64,20.26,22.3,22.12,20.94,24.87,22.11,24.78,145.02,38.42,15.4,21.39,8.87,25.71,25.58,17.71,23.75,22.28,12.11,14.84
2006-06-01,17.38,15.73,13.32,21.36,20.13,22.24,21.85,20.81,24.73,22.04,24.78,144.73,38.11,15.51,21.34,8.47,25.8,25.66,17.63,23.65,22.12,12.01,14.85
2006-07-01,17.36,15.55,12.98,21.06,19.83,22.29,21.9,20.95,24.67,21.93,24.64,144.68,38.56,15.48,21.05,8.24,25.86,25.3,17.68,23.75,22.16,11.89,14.56
2006-08-01,17.45,15.84,13.36,21.43,20.07,22.27,21.72,20.79,24.67,22.1,24.71,145.15,38.56,15.79,21.33,8.24,25.75,25.54,17.62,23.9,22.22,11.5,14.66
2006-09-01,17.34,16.03,13.95,22.14,20.5,22.18,21.7,20.88,25.12,22.28,24.93,145.04,39.89,16.16,21.13,8.35,25.93,25.76,16.63,24.14,22.41,11.53,15.2
2006-10-01,17.45,16.46,14.79,22.54,21.19,22.28,21.79,21.54,25.4,22.77,25.35,145.96,38.01,17.14,22.03,8.37,26.61,25.98,16.74,23.92,22.71,12.9,16.28
2006-11-01,17.46,17.64,15.5,22.93,21.38,22.45,21.76,21.58,25.63,22.99,25.5,146.6,39.69,17.35,22.34,8.6,26.76,26.6,17.29,24.23,22.85,13.04,17.08
2006-12-01,17.37,17.71,16.01,23.22,21.36,22.66,22.15,21.76,25.52,23.02,25.5,149.74,39.57,17.85,22.5,8.5,26.7,26.89,17.58,24.39,23.14,13.16,17.59
2007-01-01,17.48,17.81,15.98,23.54,22.05,23.02,22.23,21.78,27.57,23.67,25.91,151.59,40.55,18.0,23.04,8.62,27.01,27.22,18.07,24.77,23.55,13.37,17.74
2007-02-01,17.47,17.88,16.28,23.82,22.26,23.42,22.41,21.98,27.79,23.93,26.21,153.5,41.02,17.99,23.15,8.55,27.35,27.6,18.28,25.1,23.85,13.53,17.81
2007-03-01,17.56,17.97,16.57,23.65,22.46,23.69,22.79,21.52,27.37,24.23,25.86,154.41,41.05,18.09,23.49,8.69,26.91,27.42,18.56,25.85,23.89,14.08,18.06
2007-04-01,17.63,18.0,16.96,23.87,22.87,23.76,22.91,21.85,28.1,24.66,26.29,155.75,41.45,18.35,23.79,8.68,28.12,28.2,18.89,25.8,24.04,14.09,18.09
2007-05-01,17.84,18.18,17.79,24.04,22.94,24.12,23.11,22.1,28.28,24.62,26.24,156.61,41.85,18.62,24.04,9.12,28.15,28.22,19.2,25.92,24.26,14.05,18.74
2007-06-01,18.12,19.04,17.81,24.44,22.79,24.33,23.36,22.15,28.39,24.73,26.21,157.16,42.63,19.91,24.04,8.93,28.21,28.18,19.53,26.01,24.52,15.95,19.12
2007-07-01,18.05,19.2,18.13,24.89,23.14,25.03,23.71,22.47,28.66,24.59,26.53,158.13,43.04,20.48,24.43,8.76,28.63,28.75,19.68,26.6,24.9,15.96,19.97
2007-08-01,18.47,19.49,19.39,26.12,24.27,25.75,24.9,23.83,29.64,25.92,27.92,160.13,44.1,21.82,25.06,8.49,29.63,29.18,20.35,27.38,25.89,16.43,21.4
2007-09-01,18.77,21.23,21.89,27.71,25.81,26.8,26.21,24.19,31.87,27.86,29.99,162.18,46.68,23.68,26.79,8.07,31.46,30.26,21.23,28.81,27.21,18.04,23.99
2007-10-01,19.0,22.45,23.15,28.91,27.04,28.43,27.37,25.56,32.57,28.94,29.95,167.61,48.38,23.99,27.9,8.31,32.62,31.21,22.6,29.63,28.33,19.06,26.51
2007-11-01,19.31,22.46,22.31,29.12,27.31,28.52,27.46,26.12,32.94,29.25,30.29,167.25,47.86,22.94,28.33,8.29,33.02,31.64,22.86,29.67,28.51,19.96,26.22
2007-12-01,19.6,22.77,22.81,29.52,27.68,28.84,27.52,26.44,33.32,29.69,31.13,166.79,48.04,23.8,28.48,8.23,34.01,32.31,23.05,30.26,28.74,20.11,26.48
2008-01-01,20.41,23.39,23.88,31.55,29.56,30.09,28.65,26.71,35.56,31.58,31.88,169.24,41.02,24.23,28.71,8.31,35.16,33.7,23.74,31.93,30.61,20.68,27.41
2008-02-01,21.01,23.68,23.0,31.62,29.74,30.29,29.19,27.5,35.71,32.23,32.18,168.6,41.26,23.53,29.44,8.32,35.24,33.72,23.97,32.15,30.72,22.56,27.06
2008-03-01,21.12,24.15,22.69,32.23,30.08,30.56,29.38,27.56,36.1,32.73,33.38,168.52,42.08,22.88,29.15,8.26,35.41,34.0,25.83,32.6,30.83,22.47,26.21
2008-04-01,21.41,24.09,21.88,32.26,30.25,30.59,29.13,27.92,35.83,32.84,33.51,172.66,43.61,22.35,30.45,8.46,36.21,34.72,26.19,32.41,30.76,23.61,25.97
2008-05-01,21.54,24.04,20.39,32.22,30.15,30.53,29.32,27.79,35.78,32.25,33.57,172.76,44.84,21.78,30.67,8.46,35.59,34.99,26.16,32.43,30.51,25.58,24.15
2008-06-01,21.57,23.67,20.69,33.96,30.08,30.42,29.39,27.68,36.87,32.03,33.26,173.74,48.12,22.33,30.61,8.29,35.35,34.29,26.11,32.67,30.68,22.12,23.88
2008-07-01,21.98,23.32,20.31,34.22,30.25,30.32,29.1,27.94,37.24,31.65,33.49,175.19,48.75,22.63,30.45,8.02,35.79,35.29,26.0,32.8,30.35,21.51,23.65
2008-08-01,22.0,21.86,18.42,31.76,29.52,30.08,28.05,27.73,35.81,30.89,33.41,178.41,46.2,21.32,30.44,8.08,35.68,35.68,26.79,31.82,29.9,20.44,22.16
2008-09-01,21.67,21.48,18.02,29.65,28.17,29.54,27.78,26.85,33.27,30.31,33.32,177.62,43.44,20.27,29.69,8.06,34.81,35.49,27.56,30.84,29.14,18.98,21.04
2008-10-01,21.89,20.23,16.55,27.54,26.69,28.99,27.02,25.91,31.33,29.01,32.34,177.49,40.2,18.13,27.51,8.18,33.74,34.15,26.83,29.95,28.21,16.58,19.3
2008-11-01,22.02,19.13,15.3,25.64,25.34,27.73,25.87,24.54,29.75,27.45,31.3,177.35,36.81,16.34,26.6,8.2,32.65,33.19,26.07,27.74,26.69,14.91,18.04
2008-12-01,21.93,18.61,14.75,24.27,23.71,26.96,24.57,23.83,28.42,25.75,30.43,175.78,35.19,15.53,24.02,8.34,31.68,31.59,25.15,27.2,25.32,13.24,17.38
2009-01-01,21.81,18.7,14.86,23.34,23.17,26.47,23.9,23.25,28.35,25.12,29.47,174.14,33.97,15.61,23.37,8.1,30.61,30.41,24.52,26.62,25.01,14.16,17.38
2009-02-01,21.57,18.83,15.06,23.63,23.25,26.32,23.56,23.52,29.21,25.67,29.89,164.36,33.42,15.84,25.27,8.05,31.06,30.98,22.42,26.32,24.87,14.31,18.76
2009-03-01,21.61,17.72,14.47,23.26,22.83,25.82,23.54,23.38,28.82,25.24,29.45,163.61,34.23,15.58,25.14,7.96,30.74,30.63,21.85,26.03,24.66,13.77,17.58
2009-04-01,21.15,17.78,14.51,23.09,22.83,25.78,23.58,22.91,28.4,25.3,29.94,163.02,34.41,15.84,25.58,8.03,31.15,30.69,20.98,26.03,24.59,13.8,17.81
2009-05-01,20.57,17.71,14.58,22.93,22.72,25.64,23.73,22.69,28.76,25.41,30.07,162.25,34.3,16.72,23.77,8.04,31.44,30.83,20.39,26.05,24.76,14.35,17.86
2009-06-01,20.43,17.83,14.66,23.47,23.22,25.85,23.96,22.66,29.65,26.61,30.43,162.58,34.99,17.56,23.81,8.06,31.77,31.83,19.52,26.64,24.75,14.72,18.09
2009-07-01,20.45,17.47,14.04,23.33,22.85,25.85,24.14,22.68,29.58,26.69,30.35,161.64,34.96,16.57,23.72,8.29,31.94,31.8,19.1,25.97,24.99,14.26,17.58
2009-08-01,20.15,17.37,13.92,23.11,22.28,25.68,23.71,22.23,29.6,26.22,30.24,158.66,35.57,16.45,23.94,8.37,31.53,31.46,18.9,25.64,24.72,13.64,16.76
2009-09-01,19.96,17.17,13.59,22.83,22.1,25.49,23.51,22.18,29.19,26.11,30.18,158.59,34.72,15.38,23.43,8.47,31.43,31.09,18.43,25.52,24.48,13.23,16.79
2009-10-01,19.85,16.93,13.66,22.43,21.69,25.31,22.77,22.15,28.46,25.32,29.82,158.92,34.12,15.34,23.24,8.63,31.07,30.74,17.88,24.98,24.01,12.41,15.95
2009-11-01,19.57,17.19,13.96,22.37,21.63,25.03,22.78,22.02,28.38,25.29,29.65,161.07,34.26,15.55,23.05,8.63,30.99,30.81,17.67,25.12,24.03,12.89,16.4
2009-12-01,19.49,17.19,14.08,22.46,21.9,25.06,22.82,22.55,28.13,24.98,29.19,161.82,34.29,15.74,22.92,8.69,31.03,30.95,17.64,25.26,24.02,13.39,16.55
2010-01-01,19.27,17.32,14.28,22.57,22.51,25.06,22.87,22.38,28.53,25.33,29.06,162.24,33.29,15.89,22.93,8.72,30.82,30.94,17.72,25.45,24.03,13.74,16.59
2010-02-01,19.05,17.13,13.76,22.89,22.26,25.22,22.86,22.16,28.73,25.3,29.43,162.39,33.73,15.69,23.07,8.84,31.01,31.17,17.6,25.13,24.17,14.42,16.43
2010-03-01,18.88,16.7,13.36,22.84,22.21,25.24,22.78,21.83,28.97,25.74,29.5,161.87,33.88,15.56,23.11,8.95,30.92,31.08,17.68,25.22,24.28,14.62,16.07
2010-04-01,18.59,16.4,13.69,22.66,22.15,24.98,22.73,22.0,28.83,25.61,29.64,161.93,34.2,16.09,23.05,8.93,30.92,30.94,17.68,25.28,24.16,14.81,16.65
2010-05-01,18.31,16.33,13.57,22.91,22.33,25.17,22.82,22.09,28.9,25.73,29.86,162.11,34.61,16.63,23.2,9.01,31.26,31.27,17.3,25.49,24.38,15.14,16.53
2010-06-01,17.95,16.25,13.37,23.0,22.32,25.23,22.83,22.23,29.16,25.78,29.82,163.17,35.17,17.44,22.99,9.05,31.47,31.34,17.41,25.55,24.72,15.41,16.48
2010-07-01,17.83,16.81,14.15,23.31,22.78,25.66,23.1,22.74,29.76,26.23,30.24,162.31,35.51,18.89,23.24,8.86,32.08,31.64,18.08,25.96,24.83,15.63,17.21
2010-08-01,17.9,18.26,17.23,24.49,23.93,26.26,24.37,22.86,31.04,27.36,31.01,165.59,36.55,21.06,24.01,8.54,32.51,32.1,18.19,27.14,25.83,16.72,19.25
2010-09-01,18.12,19.51,18.82,25.84,25.29,26.82,24.74,24.26,31.66,27.86,32.19,166.11,37.92,22.17,25.95,8.61,33.52,32.84,18.88,27.76,26.4,17.44,20.82
2010-10-01,18.55,20.06,19.39,26.84,26.22,27.75,25.41,25.25,32.11,28.11,32.88,166.29,38.96,21.97,26.51,9.24,34.39,34.26,20.52,28.59,27.17,17.98,21.36
2010-11-01,18.52,20.56,19.94,27.01,26.57,27.97,25.57,24.75,32.09,28.63,33.12,166.79,38.06,22.1,26.94,8.57,34.66,34.57,20.83,29.03,27.46,17.73,21.87
2010-12-01,18.66,21.64,21.33,27.52,27.03,28.3,27.03,25.24,32.97,29.45,33.52,167.03,39.58,23.03,27.75,8.69,35.17,35.11,20.86,30.19,28.24,18.04,22.78
2011-01-01,19.11,22.91,23.2,29.05,28.97,29.51,28.45,26.18,34.39,30.89,34.89,170.08,40.87,24.63,28.77,9.51,36.48,36.39,22.15,31.8,30.07,18.87,24.75
2011-02-01,19.27,23.76,23.4,29.48,29.2,29.75,28.37,26.52,35.27,31.15,35.12,171.42,40.44,24.96,28.97,9.51,37.42,37.02,22.93,31.9,30.43,19.96,25.22
2011-03-01,19.43,23.9,23.07,29.53,28.73,29.62,28.49,26.89,34.94,31.41,35.17,172.81,40.49,24.48,28.74,8.79,37.79,36.97,23.32,31.92,30.19,19.05,24.79
2011-04-01,19.51,24.08,23.12,29.71,29.14,29.55,28.77,26.75,33.98,31.59,35.42,174.08,40.61,25.5,28.76,8.7,37.62,36.81,23.74,32.0,30.35,18.13,25.19
2011-05-01,19.08,24.4,23.35,29.84,29.14,30.88,29.54,26.26,34.48,31.76,36.02,164.18,40.99,26.08,28.92,7.55,37.31,37.03,23.71,32.29,30.73,18.45,25.89
2011-06-01,19.62,22.8,21.95,29.45,28.8,30.92,28.35,26.85,34.26,30.98,36.04,178.89,40.58,27.03,28.72,7.09,36.47,36.74,23.84,31.92,30.29,18.42,25.1
2011-07-01,19.39,22.11,20.79,28.98,28.51,30.72,28.21,26.74,34.31,30.89,36.31,179.54,40.42,26.94,28.51,7.03,36.89,36.81,24.19,31.96,30.33,18.14,22.82
2011-08-01,20.08,21.97,21.73,29.03,28.03,30.45,27.96,27.07,34.34,30.8,35.97,178.29,40.22,27.05,28.88,6.98,36.91,36.9,23.94,31.64,29.49,17.82,23.09
2011-09-01,20.48,22.06,21.78,28.76,28.17,30.38,27.85,27.21,34.14,30.55,35.64,178.71,39.66,25.17,28.21,7.1,37.0,36.73,23.51,31.47,29.31,17.17,22.81
2011-10-01,20.83,22.29,21.23,28.53,28.02,30.24,27.81,27.37,33.63,30.37,35.24,177.39,39.29,23.42,28.51,7.06,36.55,36.31,23.25,31.43,29.21,16.47,22.45
2011-11-01,21.04,22.5,21.71,28.08,27.74,29.86,27.59,26.9,33.15,30.06,34.86,176.1,38.9,23.36,28.59,7.11,36.38,36.08,22.71,30.44,28.87,16.22,22.46
2011-12-01,21.48,22.95,21.63,28.08,27.73,29.78,27.47,27.19,32.98,29.98,34.62,178.13,38.81,23.18,28.01,7.26,36.1,35.89,22.48,30.41,29.02,15.99,22.45
2012-01-01,21.78,23.23,21.84,28.05,27.7,29.64,27.44,27.04,32.92,29.94,34.85,181.14,38.9,23.13,28.6,7.32,36.31,35.85,22.49,30.48,28.99,15.96,22.51
2012-02-01,21.99,23.82,22.21,28.51,28.09,29.79,27.71,27.16,33.36,30.54,35.06,185.29,39.34,23.49,28.9,7.58,36.4,36.22,22.43,31.0,29.32,16.97,23.01
2012-03-01,22.42,23.97,24.71,29.0,28.68,30.55,28.39,27.7,33.98,31.29,35.69,187.75,39.91,23.58,29.22,7.87,36.94,36.61,22.7,31.64,30.05,17.75,24.02
2012-04-01,22.72,24.77,23.39,29.72,29.21,31.39,28.86,28.34,34.65,31.59,36.09,189.2,40.24,24.09,29.27,7.94,37.54,37.34,22.72,32.05,30.27,18.59,24.57
2012-05-01,22.5,25.38,22.93,29.97,29.6,32.23,29.59,28.73,35.81,32.47,36.61,188.83,40.68,24.12,29.66,9.49,37.98,37.86,23.1,32.74,30.63,19.17,24.53
2012-06-01,22.64,25.19,22.43,30.44,29.77,32.61,29.63,29.22,35.81,32.68,37.18,186.26,40.87,23.54,29.91,9.24,38.48,38.35,22.85,33.14,30.84,19.51,23.92
2012-07-01,23.43,25.09,23.26,30.25,30.4,33.21,30.48,29.56,36.59,33.21,37.9,187.41,41.3,25.09,31.08,8.97,39.65,39.59,22.97,33.61,31.21,22.12,24.76
2012-08-01,23.7,26.13,24.79,31.85,31.26,34.16,31.33,29.83,39.21,35.1,39.07,187.61,43.12,26.68,32.04,8.92,40.85,40.88,24.36,35.25,32.27,24.19,26.54
2012-09-01,24.0,26.61,25.12,32.99,32.09,34.9,31.81,30.3,39.86,36.03,39.38,192.52,44.2,26.58,32.54,8.7,41.89,42.39,24.65,35.98,33.13,24.7,26.8
2012-10-01,23.87,26.99,25.33,33.08,31.84,34.96,31.6,30.45,39.27,36.19,38.96,189.35,44.14,25.97,32.62,8.63,42.15,42.21,24.68,35.77,33.02,24.96,27.15
2012-11-01,23.79,27.01,25.9,32.87,31.98,34.93,32.15,31.26,39.08,35.65,38.68,191.5,43.82,26.48,32.76,8.52,42.46,41.78,24.81,35.71,33.09,25.04,27.59
2012-12-01,23.93,27.62,26.67,33.26,32.47,35.18,32.57,31.61,39.64,35.75,38.88,191.51,42.15,26.46,33.44,8.52,42.77,41.84,24.97,35.75,33.47,24.96,28.05
2013-01-01,24.2,27.7,26.23,33.38,32.58,35.12,32.52,31.54,39.62,35.41,38.88,191.44,43.69,25.96,33.21,8.51,42.32,40.88,24.87,35.8,33.95,24.86,27.66
2013-02-01,24.25,27.38,25.58,33.08,32.27,34.89,32.44,31.38,39.29,35.27,38.61,192.69,43.62,25.53,33.45,8.51,42.01,40.97,25.07,35.66,33.62,25.2,27.18
2013-03-01,24.27,26.96,25.08,32.63,31.9,34.61,32.25,31.24,39.37,34.96,38.51,192.67,43.51,25.08,33.19,8.36,42.08,40.93,25.23,35.44,33.33,25.06,26.46
2013-04-01,24.44,27.08,25.01,32.52,31.69,34.5,31.76,31.15,38.8,34.48,38.31,193.22,43.19,25.01,32.92,8.64,41.45,40.77,25.58,35.24,32.49,24.83,26.42
2013-05-01,23.69,25.94,24.22,31.9,31.28,34.04,31.0,30.88,38.73,34.17,39.59,194.96,42.57,24.61,32.77,7.48,41.38,40.17,25.08,34.71,32.08,25.11,25.96
2013-06-01,23.38,24.7,22.6,31.25,30.6,33.94,30.47,30.85,38.41,33.49,39.49,196.36,42.06,24.63,32.5,7.9,41.15,40.22,25.02,34.33,31.82,24.77,25.13
2013-07-01,23.3,22.84,20.28,30.3,29.56,33.76,30.16,30.3,37.87,32.92,38.44,187.23,41.18,24.41,31.84,6.52,40.61,39.91,25.13,33.72,31.39,24.82,22.7
2013-08-01,23.22,21.65,19.2,28.7,28.27,33.25,29.6,29.03,37.13,32.05,37.93,186.6,40.12,23.38,31.3,6.19,39.68,39.38,25.15,32.98,30.63,24.63,21.53
2013-09-01,22.99,21.3,18.33,27.96,27.73,32.7,27.92,28.44,35.93,29.85,37.33,188.48,39.39,21.53,30.65,6.19,38.61,38.32,24.92,32.19,29.75,23.41,21.27
2013-10-01,23.44,21.39,18.54,27.79,27.45,32.32,27.66,28.51,35.58,31.62,37.04,186.29,39.28,19.85,30.6,6.41,38.57,37.39,25.04,31.74,29.5,20.9,21.96
2013-11-01,23.47,21.43,18.73,27.98,27.73,32.19,27.59,28.39,35.7,31.6,36.65,186.08,39.26,19.51,30.4,6.49,38.37,36.92,24.77,31.72,29.56,20.75,22.1
2013-12-01,23.12,21.31,18.61,27.83,27.74,31.86,27.34,28.43,35.7,31.7,36.72,187.45,39.38,19.29,30.55,6.58,38.1,36.94,24.49,31.84,29.37,20.61,21.97
2014-01-01,23.41,20.69,18.67,27.96,28.26,32.22,27.56,27.94,35.65,31.4,36.35,180.86,39.54,18.98,30.58,6.61,38.5,37.18,24.59,31.71,29.08,20.32,22.37
2014-02-01,23.59,20.72,18.59,27.76,27.96,32.09,27.5,28.25,35.51,30.52,36.18,180.96,39.03,19.16,29.81,6.61,38.07,36.82,24.68,31.59,29.03,19.89,22.04
2014-03-01,23.14,20.96,18.7,27.95,28.07,32.15,27.62,27.88,35.76,31.58,36.16,181.77,39.26,19.26,29.86,6.66,38.08,36.94,24.8,31.58,29.13,19.94,22.26
2014-04-01,22.99,20.81,18.5,28.03,28.08,32.14,27.93,27.96,35.85,31.54,36.22,181.43,39.38,19.73,29.9,6.62,38.24,37.03,24.9,32.45,29.04,20.04,22.32
2014-05-01,22.82,20.71,18.48,27.87,28.04,32.17,27.99,27.96,35.27,31.22,36.2,180.73,39.25,19.73,29.97,6.6,38.14,36.99,24.78,31.56,29.02,19.66,22.24
2014-06-01,22.44,20.58,18.17,28.09,28.26,32.25,28.06,27.97,34.93,31.27,36.06,178.97,39.03,19.63,29.85,6.51,37.81,37.0,24.51,31.63,29.01,19.66,22.06
2014-07-01,22.4,20.4,18.21,27.71,27.79,31.79,27.77,27.99,34.36,30.64,35.83,178.14,38.3,19.3,29.68,6.51,37.44,36.77,24.37,30.96,28.97,20.13,21.57
2014-08-01,22.31,20.42,17.9,27.45,27.5,31.34,27.57,27.53,34.14,30.39,35.66,178.35,37.85,18.98,29.41,6.47,37.32,36.17,24.09,30.59,28.66,19.68,20.8
2014-09-01,21.96,20.45,17.5,27.29,27.19,31.27,27.16,27.45,33.95,30.12,35.13,178.71,37.96,18.34,28.67,6.47,36.94,36.09,23.56,30.58,28.41,18.91,20.19
2014-10-01,22.13,20.48,17.53,26.94,26.83,30.65,26.63,27.33,33.43,29.49,34.62,178.24,37.39,17.78,28.41,6.47,36.52,35.43,23.12,30.27,27.98,18.85,19.93
2014-11-01,22.11,20.75,18.16,26.91,27.02,30.56,26.7,27.53,33.34,29.77,34.62,176.9,37.58,17.92,28.55,6.56,36.47,35.39,22.77,30.05,28.06,18.61,20.52
2014-12-01,22.13,21.23,18.71,27.29,27.26,30.63,26.73,27.87,33.07,29.72,34.84,176.39,38.0,18.22,28.58,6.59,36.88,35.87,22.67,30.23,28.06,18.82,21.06
