date,alimentos de ganado,alimentos de ganado piensos compuestos,alimentos de ganado piensos compuestos para aves,alimentos de ganado piensos compuestos para bovino,alimentos de ganado piensos compuestos para conejos,alimentos de ganado piensos compuestos para ovino y caprino,alimentos de ganado piensos compuestos para porcino,alimentos de ganado piensos simples,bienes y servicios de uso corriente,fertilizantes,fertilizantes compuestos,fertilizantes enmiendas,fertilizantes simples,fertilizantes simples fosfatados,fertilizantes simples nitrogenados,fertilizantes simples potasicos,indices de precios pagados por los agricultores,indices mensuales y anuales ano base 2020 100,nota los datos del ultimo ano han de considerarse provisionales,nota los datos mensuales de xxxx han de considerarse provisionales,semillas y plantones,semillas y plantones plantones,semillas y plantones semillas
2005-01-01,75.20,77.03,73.90,76.48,77.77,74.92,79.81,71.01,73.35,68.46,62.60,84.09,73.64,64.97,78.57,48.43,,,,,74.76,66.41,79.77
2005-02-01,75.45,77.16,74.46,76.27,78.30,74.34,79.86,71.84,73.67,68.49,62.55,84.09,73.74,64.36,78.69,48.81,,,,,74.86,66.41,79.96
2005-03-01,75.94,77.64,74.34,76.66,78.82,75.35,80.74,72.38,74.35,69.34,63.06,84.09,75.10,65.46,79.85,51.32,,,,,74.80,66.41,79.84
2005-04-01,75.97,77.42,75.34,75.55,78.94,76.16,80.08,73.49,74.91,69.58,63.22,84.09,75.45,65.50,80.23,51.58,,,,,74.80,66.41,79.84
2005-05-01,76.14,77.52,75.70,74.89,78.90,76.30,80.43,73.97,74.71,68.90,63.31,84.09,73.90,65.99,78.46,50.47,,,,,74.80,66.41,79.84
2005-06-01,76.51,77.86,74.74,77.18,79.35,76.77,80.53,74.54,75.29,69.23,63.88,84.09,74.07,66.96,78.75,49.56,,,,,74.80,66.41,79.84
2005-07-01,77.41,78.61,75.73,77.20,78.67,78.15,81.57,76.13,76.19,69.66,64.34,84.09,74.55,67.22,78.96,51.66,,,,,74.80,66.41,79.84
2005-08-01,77.74,78.83,75.02,78.21,79.27,77.98,82.01,76.88,76.61,69.78,64.64,84.09,74.54,67.42,78.95,51.55,,,,,74.80,66.41,79.84
2005-09-01,78.32,79.50,76.18,78.40,79.72,77.77,82.72,77.11,77.16,70.26,64.51,84.09,75.68,66.15,80.48,51.60,,,,,74.72,66.41,79.69
2005-10-01,78.62,79.76,75.61,78.30,79.23,77.85,83.80,77.62,77.32,70.66,65.19,84.09,75.89,66.94,80.67,51.64,,,,,74.96,66.90,79.66
2005-11-01,78.70,79.87,75.78,78.66,79.35,77.76,83.74,77.63,77.00,70.82,65.76,84.09,75.69,66.91,80.38,51.88,,,,,74.96,66.90,79.66
2005-12-01,78.91,80.08,75.55,78.98,79.57,78.53,84.13,77.78,77.09,71.32,65.56,84.09,76.97,66.91,81.85,52.58,,,,,74.96,66.90,79.66
2006-01-01,77.96,78.65,74.29,78.10,78.86,78.73,82.04,78.95,77.28,70.62,66.41,72.16,76.58,67.14,81.20,53.39,,,,,74.96,66.90,79.66
2006-02-01,78.04,78.87,74.67,78.27,77.77,78.85,82.29,78.42,77.38,70.38,66.20,72.16,76.26,67.02,80.91,52.84,,,,,74.96,66.90,79.66
2006-03-01,78.56,79.91,75.12,79.86,79.38,78.88,83.49,76.70,77.57,70.29,66.18,72.16,76.09,66.69,80.60,53.51,,,,,74.27,66.90,78.33
2006-04-01,77.70,78.86,74.94,77.94,78.52,78.45,82.27,76.59,77.77,70.77,66.83,72.16,76.49,66.59,81.06,53.79,,,,,74.17,66.90,78.14
2006-05-01,77.38,78.84,74.64,77.75,78.56,77.78,82.60,74.90,77.80,70.68,66.36,72.16,76.73,67.13,81.34,53.69,,,,,74.17,66.90,78.14
2006-06-01,76.65,78.36,74.77,77.26,78.07,77.52,81.70,73.07,77.57,70.96,66.54,72.16,77.18,67.22,81.77,54.39,,,,,74.34,66.90,78.46
2006-07-01,76.09,77.90,74.05,77.41,78.60,76.98,81.00,72.04,77.52,70.30,65.77,72.16,76.50,67.24,81.02,53.82,,,,,74.34,66.90,78.46
2006-08-01,76.61,78.47,74.49,77.47,78.00,77.58,82.03,72.34,77.80,70.30,65.77,72.16,76.50,66.97,81.11,53.45,,,,,74.34,66.90,78.46
2006-09-01,77.75,79.81,75.13,77.78,78.34,77.97,84.59,72.63,78.02,70.55,66.13,72.16,76.68,67.58,81.29,53.38,,,,,74.34,66.90,78.46
2006-10-01,78.76,80.67,76.10,78.54,80.81,79.97,85.17,74.44,78.38,70.49,66.01,72.16,76.67,67.93,81.12,54.13,,,,,78.46,66.90,86.47
2006-11-01,80.04,81.89,77.28,78.98,80.97,80.84,86.96,75.99,79.00,70.75,66.22,72.16,77.03,67.03,81.55,54.65,,,,,78.26,67.43,85.54
2006-12-01,80.62,82.55,77.72,80.00,81.64,81.00,87.64,76.26,79.26,71.24,66.33,72.16,77.98,67.44,82.62,55.16,,,,,78.26,67.43,85.54
2007-01-01,81.89,83.93,78.80,81.25,81.72,83.98,89.24,77.07,79.60,70.84,66.22,70.45,77.86,67.60,82.46,55.15,,,,,78.24,67.43,85.50
2007-02-01,82.78,84.96,79.81,82.34,82.47,84.71,90.28,77.45,79.97,71.19,66.64,70.45,77.86,67.73,82.71,53.72,,,,,78.20,67.43,85.42
2007-03-01,82.77,84.72,79.03,82.84,80.74,85.36,90.02,78.46,80.29,71.59,67.09,70.45,78.28,67.32,83.12,54.55,,,,,78.74,67.43,86.47
2007-04-01,83.75,85.86,80.96,83.29,81.98,86.90,90.97,78.80,81.14,72.77,68.64,70.45,79.33,68.30,84.13,55.86,,,,,78.74,67.43,86.47
2007-05-01,84.48,86.36,80.94,84.14,82.92,87.20,91.61,80.58,81.75,74.27,71.15,70.45,80.17,69.03,84.99,56.58,,,,,78.74,67.43,86.47
2007-06-01,85.35,87.06,80.84,84.97,83.11,87.46,92.85,82.24,82.39,74.50,72.01,70.45,79.84,68.87,84.81,55.36,,,,,78.74,67.43,86.47
2007-07-01,86.53,88.49,82.19,86.52,84.31,87.77,94.41,82.34,83.23,75.03,72.84,70.45,80.19,70.07,85.11,55.57,,,,,80.67,71.23,86.49
2007-08-01,89.73,91.98,84.75,89.66,89.40,91.46,98.58,84.45,84.82,76.38,74.57,70.45,81.43,70.77,85.68,60.72,,,,,80.66,71.23,86.46
2007-09-01,94.53,97.03,89.29,93.82,90.75,98.16,104.57,88.42,87.46,79.82,79.73,70.45,83.91,75.31,87.74,64.67,,,,,80.36,71.23,85.88
2007-10-01,98.12,100.63,90.90,98.11,95.90,101.72,109.01,92.11,89.61,81.96,83.53,70.45,84.88,77.97,89.48,60.54,,,,,83.74,71.57,92.11
2007-11-01,98.82,101.38,92.05,98.58,98.00,102.96,109.50,92.64,90.98,85.00,87.94,70.45,87.19,83.23,91.76,61.73,,,,,86.12,71.57,96.74
2007-12-01,100.32,102.80,94.30,99.35,99.20,104.15,110.78,94.54,92.30,91.31,91.46,70.45,90.93,87.64,95.50,65.11,,,,,86.12,71.57,96.74
2008-01-01,103.99,106.57,97.57,104.77,100.21,109.20,114.06,97.94,94.97,97.40,102.29,71.59,99.95,93.90,104.65,74.40,,,,,86.12,71.57,96.74
2008-02-01,104.62,107.17,97.98,105.34,103.18,111.24,114.47,98.78,96.19,104.64,112.45,71.59,105.80,98.90,109.96,83.55,,,,,85.73,71.57,95.97
2008-03-01,105.93,108.76,99.94,105.87,103.40,112.09,116.57,98.94,97.87,111.35,121.72,71.59,111.37,107.69,115.82,85.96,,,,,85.21,71.57,94.96
2008-04-01,106.75,109.56,101.35,105.80,104.75,113.49,117.34,99.90,99.04,114.77,127.17,71.59,113.52,106.29,117.64,91.49,,,,,85.21,71.57,94.96
2008-05-01,106.71,109.66,101.75,105.29,104.27,112.60,117.73,99.21,100.87,123.76,137.83,71.59,122.64,119.08,126.44,100.55,,,,,85.21,71.57,94.96
2008-06-01,108.44,111.67,100.24,105.61,103.85,112.79,123.39,99.81,102.70,128.06,143.25,71.59,126.72,121.72,130.36,106.05,,,,,85.21,71.57,94.96
2008-07-01,108.98,112.46,102.15,104.81,104.83,112.15,124.45,99.30,103.82,133.55,148.65,71.59,133.35,124.00,136.64,116.42,,,,,85.22,71.57,94.98
2008-08-01,105.73,108.97,102.64,103.39,104.04,109.89,116.86,96.86,102.16,139.05,155.66,71.59,138.48,130.76,142.64,115.89,,,,,85.74,72.63,94.94
2008-09-01,102.27,105.07,102.09,101.22,100.73,106.52,109.65,95.24,100.40,142.97,158.15,71.59,144.51,136.32,148.74,121.69,,,,,85.74,72.63,94.94
2008-10-01,97.69,100.03,98.62,98.57,97.21,100.69,102.23,92.39,97.71,145.51,162.31,71.59,145.99,142.06,149.25,126.65,,,,,85.45,72.63,94.39
2008-11-01,93.07,94.86,95.66,93.90,92.07,95.94,95.25,89.96,94.27,142.19,160.08,71.59,141.00,142.40,143.06,126.15,,,,,85.46,72.63,94.39
2008-12-01,89.22,90.41,91.94,89.92,89.40,89.33,90.13,88.53,91.06,137.20,156.70,71.59,133.51,150.51,132.97,126.49,,,,,84.50,70.74,94.39
2009-01-01,87.18,87.75,88.75,88.57,87.23,87.46,86.96,89.19,89.57,130.78,146.89,66.47,129.08,155.69,126.09,131.69,,,,,84.50,70.74,94.39
2009-02-01,87.64,88.37,90.23,87.71,88.24,90.96,87.49,88.95,89.25,124.98,140.30,66.47,123.73,151.56,119.65,131.94,,,,,84.64,69.93,95.47
2009-03-01,86.64,87.42,89.08,86.81,87.72,89.80,86.65,87.67,88.11,119.12,132.04,66.47,119.02,147.08,113.71,134.10,,,,,84.57,69.93,95.31
2009-04-01,86.52,87.39,89.85,86.63,85.95,90.12,86.28,87.08,87.68,112.70,123.39,66.47,113.49,144.65,107.39,131.77,,,,,84.57,69.93,95.31
2009-05-01,86.52,87.28,90.27,86.89,85.13,88.65,85.81,87.58,87.62,110.80,122.44,66.47,110.33,128.25,104.49,132.92,,,,,84.57,69.93,95.31
2009-06-01,87.82,88.86,92.33,87.15,85.02,91.43,87.80,87.73,88.30,106.77,117.70,66.47,106.20,118.88,100.97,127.75,,,,,84.57,69.93,95.31
2009-07-01,87.50,88.71,92.21,87.65,85.09,91.44,87.23,86.64,88.21,104.86,115.69,66.47,104.01,109.42,98.34,131.27,,,,,84.57,69.93,95.31
2009-08-01,86.71,87.95,91.48,86.70,83.41,90.81,86.60,85.71,87.68,101.70,110.65,66.47,102.04,101.96,97.87,123.31,,,,,84.57,69.93,95.31
2009-09-01,85.72,87.06,90.81,85.98,83.22,89.84,85.43,84.26,86.60,96.43,103.77,66.47,97.29,92.80,93.95,115.93,,,,,83.30,69.93,92.86
2009-10-01,84.52,85.71,89.77,84.60,83.11,87.76,83.89,83.61,84.89,85.50,88.53,66.47,88.34,87.60,84.60,107.82,,,,,80.94,70.74,87.49
2009-11-01,84.39,85.57,89.65,84.48,82.62,87.45,83.77,83.52,84.91,83.75,87.35,66.47,85.72,82.91,81.84,106.85,,,,,79.27,70.74,84.25
2009-12-01,84.53,85.68,89.30,84.52,84.61,86.60,84.15,83.82,84.82,83.36,85.96,66.47,86.22,84.75,82.84,104.01,,,,,77.23,70.74,80.29
2010-01-01,84.75,85.49,88.13,84.83,83.75,86.80,84.40,83.90,85.75,86.56,89.21,72.16,87.17,88.05,85.55,106.00,,,,,78.78,73.46,80.85
2010-02-01,85.09,86.17,88.57,85.03,84.33,86.80,85.51,83.36,86.06,87.93,89.75,72.16,89.62,83.76,89.18,101.50,,,,,78.78,73.46,80.85
2010-03-01,84.97,86.18,88.78,85.17,83.17,87.54,85.35,82.81,86.39,88.35,90.21,72.16,90.10,85.29,89.40,103.89,,,,,78.78,73.46,80.85
2010-04-01,84.86,85.87,89.00,84.77,83.48,87.19,84.74,83.31,86.69,89.68,92.29,72.16,91.15,85.00,90.82,102.46,,,,,77.06,74.16,77.51
2010-05-01,85.48,86.63,89.63,85.30,83.87,87.53,85.76,83.49,87.02,89.43,92.64,72.16,90.34,84.85,90.35,98.05,,,,,77.06,74.16,77.51
2010-06-01,85.50,87.07,89.84,86.00,84.18,87.41,86.22,82.36,87.12,88.61,92.20,72.16,88.99,83.85,89.11,95.42,,,,,77.06,74.16,77.51
2010-07-01,86.51,88.23,91.17,86.71,87.05,88.80,87.46,82.95,87.79,89.62,94.19,72.16,89.43,86.00,89.46,95.81,,,,,77.06,74.16,77.51
2010-08-01,89.84,91.74,94.03,89.91,87.70,92.96,91.58,85.81,89.48,91.02,96.79,72.16,90.21,88.48,90.38,94.60,,,,,77.06,74.16,77.51
2010-09-01,93.09,95.18,97.08,91.37,90.42,97.28,96.27,88.58,91.52,95.47,102.22,72.16,94.98,91.86,95.76,94.76,,,,,77.06,74.16,77.51
2010-10-01,95.71,98.25,99.47,94.29,94.29,98.73,99.91,89.95,93.54,98.95,106.00,72.16,99.13,91.39,100.46,96.70,,,,,82.14,74.16,85.97
2010-11-01,96.10,98.65,100.02,95.07,93.82,100.07,99.98,90.34,94.11,100.34,107.28,72.16,100.94,93.00,102.55,96.19,,,,,83.00,74.16,87.40
2010-12-01,98.32,100.74,101.22,97.55,101.77,103.26,102.07,92.96,95.82,103.25,109.85,72.16,104.88,93.57,107.08,96.84,,,,,81.99,74.16,85.71
2011-01-01,102.99,105.58,106.00,102.47,99.56,107.92,107.20,97.21,99.08,107.38,113.50,73.86,110.03,95.05,112.95,97.79,,,,,82.34,75.00,85.71
2011-02-01,103.99,106.52,107.23,103.44,100.76,108.51,107.97,98.41,100.13,110.02,115.72,73.86,113.67,96.25,117.05,98.81,,,,,82.34,75.00,85.71
2011-03-01,103.49,106.39,106.32,103.25,101.65,108.59,108.28,96.87,100.27,110.51,115.99,73.86,114.46,99.58,117.61,100.39,,,,,82.34,75.00,85.71
2011-04-01,103.80,106.96,107.21,103.45,101.15,108.18,108.97,96.44,100.66,110.69,117.57,73.86,113.54,100.86,116.33,101.41,,,,,82.81,75.00,86.50
2011-05-01,104.06,108.38,109.26,105.89,99.60,108.99,109.65,93.43,100.44,109.27,117.09,73.86,110.99,97.48,113.51,101.54,,,,,82.81,75.00,86.50
2011-06-01,103.27,107.62,108.93,104.94,102.89,107.30,108.64,92.56,100.19,111.61,119.77,73.86,113.66,99.15,116.49,102.16,,,,,82.81,75.00,86.50
2011-07-01,102.12,106.83,109.12,104.68,101.73,107.02,106.97,90.40,100.11,112.80,120.54,73.86,115.49,101.29,118.44,102.73,,,,,84.88,75.00,89.97
2011-08-01,101.88,106.12,108.65,102.51,102.77,107.66,106.74,91.45,100.02,113.92,121.99,73.86,116.61,100.39,119.70,103.77,,,,,84.88,75.00,89.97
2011-09-01,101.49,105.45,108.01,102.31,103.48,105.74,105.86,91.81,100.07,115.21,123.44,73.86,118.10,102.15,121.40,103.41,,,,,84.88,75.00,89.97
2011-10-01,100.76,104.66,106.75,101.99,103.24,105.43,105.02,91.28,99.91,117.58,125.83,73.86,121.06,101.67,124.73,104.97,,,,,84.88,75.00,89.97
2011-11-01,99.67,103.05,104.52,100.79,102.31,104.93,103.41,91.64,99.38,116.86,125.57,73.86,119.79,101.63,123.32,104.17,,,,,83.84,75.00,88.21
2011-12-01,99.74,102.92,103.82,101.16,103.35,103.59,103.41,92.27,99.45,117.24,125.69,73.86,120.49,102.00,123.96,105.65,,,,,83.84,75.00,88.21
2012-01-01,100.06,103.08,104.93,100.80,103.04,104.72,103.24,93.05,99.99,116.97,125.35,76.13,119.59,101.29,122.92,105.90,,,,,86.44,81.33,88.21
2012-02-01,101.25,104.14,104.96,101.74,103.48,106.29,104.93,94.60,100.71,116.46,124.55,76.13,119.19,101.06,122.53,105.26,,,,,86.44,81.33,88.21
2012-03-01,104.04,106.59,108.36,104.19,105.18,108.34,106.92,98.39,102.25,116.06,124.39,76.13,118.49,100.96,121.74,105.02,,,,,86.44,81.33,88.21
2012-04-01,105.88,108.37,108.97,105.94,106.38,109.73,109.43,100.46,103.49,116.73,124.27,77.27,119.66,101.58,122.99,105.87,,,,,86.89,81.33,88.97
2012-05-01,107.86,109.77,110.53,107.83,107.69,111.86,110.42,104.06,104.38,117.02,124.33,77.27,120.23,102.06,123.63,105.85,,,,,86.89,81.33,88.97
2012-06-01,108.53,111.17,112.87,108.25,110.25,112.51,111.83,102.70,104.58,118.07,125.30,77.27,121.62,101.20,125.41,105.05,,,,,86.89,81.33,88.97
2012-07-01,110.37,111.94,114.47,109.88,110.49,116.13,111.46,107.57,106.11,118.99,126.39,77.27,122.63,101.25,126.51,105.77,,,,,86.89,81.33,88.97
2012-08-01,115.11,116.60,118.65,113.63,111.02,121.76,116.99,112.59,108.83,119.17,126.45,77.27,122.95,102.39,126.73,106.64,,,,,86.89,81.33,88.97
2012-09-01,117.51,119.66,120.87,116.00,114.32,124.19,120.93,113.18,110.33,119.80,127.59,77.27,123.35,103.20,127.26,105.60,,,,,86.89,81.33,88.97
2012-10-01,117.00,119.22,119.71,115.62,114.16,123.52,120.90,112.45,109.81,118.53,127.24,77.27,120.97,105.86,124.13,107.15,,,,,86.89,81.33,88.97
2012-11-01,116.68,118.77,118.55,116.06,116.68,123.37,120.23,112.55,109.39,118.26,127.48,77.27,120.21,101.39,123.71,105.35,,,,,86.89,81.33,88.97
2012-12-01,117.49,119.70,119.52,116.99,118.16,124.86,121.07,113.01,109.81,118.96,127.78,77.27,121.43,102.87,124.98,105.98,,,,,86.89,81.33,88.97
2013-01-01,117.65,120.16,119.16,117.95,118.27,124.01,121.85,112.31,110.13,118.20,126.47,77.27,120.93,102.24,124.44,105.96,,,,,87.89,81.33,90.64
2013-02-01,116.83,119.25,118.15,117.23,117.42,123.90,120.82,111.75,109.99,118.63,124.99,77.27,123.05,102.96,126.84,106.43,,,,,87.89,81.33,90.64
2013-03-01,115.73,118.06,117.03,116.33,117.46,123.06,119.37,110.91,109.27,118.29,124.54,77.27,122.70,103.24,126.40,106.38,,,,,87.89,81.33,90.64
2013-04-01,115.26,117.29,116.89,114.33,116.88,121.47,118.95,111.23,108.52,117.68,123.44,75.00,122.97,107.67,126.23,108.40,,,,,87.89,81.33,90.64
2013-05-01,113.72,116.00,117.41,112.66,115.56,120.76,116.78,108.98,107.51,116.11,122.54,75.00,120.43,107.01,123.51,106.42,,,,,87.89,81.33,90.64
2013-06-01,112.32,115.03,118.10,112.20,115.02,119.15,114.59,106.38,106.54,115.43,122.21,75.00,119.28,107.06,122.19,106.15,,,,,84.04,81.33,84.22
2013-07-01,109.33,112.21,114.73,110.80,112.15,116.65,111.30,102.83,105.29,115.14,122.20,75.00,118.67,106.82,121.41,106.76,,,,,84.04,81.33,84.22
2013-08-01,105.94,108.56,112.66,108.77,108.55,114.09,105.78,100.11,103.69,113.60,120.50,75.00,116.88,105.86,119.39,106.54,,,,,84.04,81.33,84.22
2013-09-01,103.88,106.38,111.35,106.04,106.46,109.49,103.59,98.38,102.52,110.26,115.27,75.00,114.24,105.06,116.40,105.92,,,,,84.04,81.33,84.22
2013-10-01,103.18,105.52,110.18,104.89,106.96,110.69,102.83,98.15,101.82,108.01,111.96,75.00,112.30,98.01,114.94,102.27,,,,,84.04,81.33,84.22
2013-11-01,103.46,105.81,110.08,104.96,106.49,110.49,103.53,98.36,101.89,107.69,110.85,75.00,112.55,97.00,115.32,102.04,,,,,84.25,81.33,84.56
2013-12-01,102.95,105.44,109.75,104.10,105.76,110.96,103.34,97.48,101.68,107.74,110.51,75.00,112.94,101.72,115.65,100.80,,,,,84.25,81.33,84.56
2014-01-01,103.09,105.49,109.17,103.70,104.87,110.57,104.08,97.88,101.75,107.18,110.05,70.45,113.38,97.29,116.19,102.90,,,,,84.25,81.33,84.56
2014-02-01,102.71,104.81,108.36,103.56,104.13,108.45,103.29,98.34,102.25,109.03,111.46,70.45,116.06,97.00,119.40,102.47,,,,,94.64,87.02,97.98
2014-03-01,103.10,105.23,108.66,103.90,102.51,110.23,103.81,98.63,102.55,110.63,113.85,69.31,117.73,98.81,121.33,101.78,,,,,94.64,87.02,97.98
2014-04-01,103.12,105.24,108.29,103.92,103.79,110.33,103.97,98.69,102.50,110.33,113.31,69.31,117.54,97.57,121.22,101.47,,,,,94.64,87.02,97.98
2014-05-01,102.85,105.20,108.95,103.83,103.79,109.68,103.60,97.78,102.20,109.07,111.85,69.31,116.14,97.86,119.60,100.98,,,,,94.64,87.02,97.98
2014-06-01,102.61,105.51,108.95,103.90,102.89,109.33,104.31,95.97,101.95,107.64,111.25,69.31,113.65,99.58,117.05,96.86,,,,,94.64,87.02,97.98
2014-07-01,101.45,104.29,108.18,102.96,102.89,107.77,102.66,94.97,101.56,106.78,111.08,69.31,112.00,99.53,115.10,96.85,,,,,94.64,87.02,97.98
2014-08-01,100.66,103.34,107.29,101.90,101.34,106.87,101.77,94.58,101.29,107.19,111.11,69.31,112.81,99.53,115.99,97.48,,,,,94.64,87.02,97.98
2014-09-01,99.44,102.47,105.75,101.20,100.80,104.52,101.28,92.40,100.68,107.96,111.79,69.31,113.88,97.91,117.33,97.69,,,,,94.64,87.02,97.98
2014-10-01,98.19,100.91,103.87,99.71,99.40,103.00,99.87,91.97,99.80,108.31,112.09,69.31,114.34,99.24,117.72,98.27,,,,,94.64,87.02,97.98
2014-11-01,98.52,101.06,104.38,99.66,100.88,103.92,99.80,92.83,100.04,108.55,112.39,69.31,114.59,99.20,117.98,98.51,,,,,94.64,87.02,97.98
2014-12-01,99.37,102.00,105.41,99.77,102.66,103.66,101.21,93.44,99.87,109.26,113.02,69.31,115.56,99.77,119.10,98.44,,,,,94.64,87.02,97.98
2015-01-01,100.32,102.65,105.97,101.30,102.71,105.13,101.26,94.42,100.46,110.72,114.39,73.86,115.91,98.18,120.40,102.96,,,,,93.59,86.69,96.25
2015-02-01,100.26,102.65,105.83,101.60,102.31,105.47,101.19,94.13,100.61,111.45,115.11,73.86,116.84,98.25,121.75,101.88,,,,,94.07,86.69,96.94
2015-03-01,100.68,102.94,106.09,101.51,102.01,105.60,101.71,95.05,101.16,111.23,116.30,73.86,115.61,98.34,120.13,102.07,,,,,94.37,86.69,97.35
2015-04-01,100.35,102.70,106.58,102.35,104.23,106.75,100.37,94.38,100.75,109.85,114.32,73.86,114.27,97.74,118.50,102.00,,,,,94.57,86.69,97.63
2015-05-01,100.87,103.43,106.39,102.22,104.01,106.83,102.05,94.14,101.41,110.76,116.13,73.86,114.79,97.93,119.19,101.70,,,,,94.19,86.69,97.09
2015-06-01,100.49,102.89,106.04,102.34,103.75,106.28,101.14,94.33,101.30,110.94,117.69,73.86,114.10,98.15,118.06,103.03,,,,,94.67,86.69,97.78
2015-07-01,99.95,101.95,106.00,100.77,100.60,106.51,99.97,95.23,101.09,110.50,118.43,73.86,112.75,97.97,116.30,103.35,,,,,94.58,86.69,97.65
2015-08-01,100.37,102.65,106.66,101.21,102.64,107.25,100.73,94.67,100.79,110.80,119.25,73.86,112.77,97.90,116.47,102.45,,,,,95.16,86.69,98.47
2015-09-01,99.83,102.14,106.00,101.06,102.41,106.09,100.21,93.96,100.26,110.86,119.37,73.86,112.79,97.83,116.53,102.33,,,,,95.93,86.69,99.54
2015-10-01,99.67,101.83,105.38,101.47,102.41,106.17,99.71,94.36,99.98,110.19,118.97,73.86,111.77,98.35,115.10,102.66,,,,,97.31,86.69,101.46
2015-11-01,99.74,101.88,105.05,101.23,103.01,105.92,100.10,94.50,100.06,110.14,119.22,73.86,111.51,98.11,114.87,102.17,,,,,97.89,86.69,102.28
2015-12-01,99.34,101.57,105.04,100.42,103.56,106.43,99.73,93.76,99.48,109.20,118.35,73.86,110.26,98.06,113.38,101.48,,,,,98.13,86.69,102.60
2016-01-01,99.45,101.53,104.00,102.45,104.53,105.84,99.37,94.43,98.43,107.55,117.89,73.86,107.39,95.95,109.96,101.43,,,,,99.64,93.17,102.15
2016-02-01,98.56,100.65,103.69,101.60,103.12,104.69,98.20,93.49,97.51,107.24,117.33,73.86,107.18,96.31,109.77,100.62,,,,,99.64,93.17,102.15
2016-03-01,97.41,99.20,101.85,100.61,101.79,103.78,96.74,93.45,97.12,107.46,117.17,73.86,107.70,96.75,110.36,100.80,,,,,99.64,93.17,102.15
2016-04-01,96.58,98.13,101.59,98.32,101.75,102.74,95.68,93.50,96.53,105.45,114.46,70.45,106.62,96.78,109.01,100.47,,,,,99.64,93.17,102.15
2016-05-01,97.82,98.47,101.67,97.71,95.27,102.59,96.88,98.12,97.22,102.59,112.20,70.45,102.59,96.66,103.67,101.60,,,,,99.64,93.17,102.15
2016-06-01,97.99,98.73,102.00,97.00,94.79,103.67,97.49,97.96,97.77,101.15,110.49,70.45,100.98,96.57,101.60,101.65,,,,,99.64,93.17,102.15
2016-07-01,97.36,98.62,102.26,96.89,94.90,103.72,97.15,95.34,97.47,100.09,109.27,70.45,99.74,96.48,99.91,102.30,,,,,99.64,93.17,102.15
2016-08-01,96.30,97.65,101.81,96.24,94.08,103.00,95.71,93.96,97.04,100.63,109.99,70.45,100.31,96.40,100.72,101.80,,,,,99.64,93.17,102.15
2016-09-01,95.52,96.88,100.34,97.52,94.01,100.60,94.58,93.10,96.52,98.19,106.56,70.45,97.90,96.21,97.80,100.87,,,,,99.64,93.17,102.15
2016-10-01,95.19,96.64,98.75,99.21,92.90,100.23,94.33,92.37,96.61,95.78,103.89,70.45,95.02,96.18,94.22,100.13,,,,,99.64,93.17,102.15
2016-11-01,94.81,96.07,98.07,97.17,91.93,100.06,94.41,92.72,96.56,95.83,102.50,70.45,96.07,96.26,95.56,100.08,,,,,100.05,93.17,102.71
2016-12-01,94.94,96.10,98.02,96.37,89.64,98.55,95.06,93.24,97.16,95.71,101.94,70.45,96.22,96.38,95.78,99.79,,,,,100.05,93.17,102.71
2017-01-01,95.24,96.44,98.14,96.32,89.83,98.88,95.70,93.39,98.02,96.56,102.90,70.45,97.23,92.70,97.46,100.36,,,,,100.25,93.87,102.71
2017-02-01,95.72,96.92,98.54,96.56,89.83,98.83,96.38,93.91,97.71,97.11,103.31,70.45,98.02,92.90,98.59,99.57,,,,,100.25,93.87,102.71
2017-03-01,95.45,96.72,98.34,96.34,90.64,98.71,96.13,93.40,97.22,97.47,102.67,70.45,99.13,93.18,100.18,98.28,,,,,100.25,93.87,102.71
2017-04-01,95.34,96.56,98.67,96.40,91.31,98.04,95.63,93.44,97.19,97.57,102.45,74.43,98.33,93.09,99.06,98.92,,,,,100.25,93.87,102.71
2017-05-01,95.23,96.23,98.19,96.30,90.75,97.70,95.31,94.11,96.91,97.68,102.38,74.43,98.60,92.88,99.16,100.75,,,,,100.25,93.87,102.71
2017-06-01,95.21,96.13,97.90,95.60,90.90,98.65,95.46,94.37,96.81,97.27,102.55,74.43,97.69,92.64,98.04,100.62,,,,,100.25,93.87,102.71
2017-07-01,95.58,96.52,97.73,95.95,90.94,98.44,96.23,94.74,96.98,96.07,102.46,74.43,95.43,92.58,95.11,100.76,,,,,100.25,93.87,102.71
2017-08-01,95.26,96.18,97.57,95.89,91.19,97.80,95.69,94.43,96.96,95.70,102.25,74.43,94.85,92.57,94.56,99.53,,,,,100.25,93.87,102.71
2017-09-01,95.12,96.20,97.92,95.89,90.34,97.86,95.57,93.70,97.16,96.15,101.98,74.43,95.91,92.71,95.89,99.54,,,,,100.25,93.87,102.71
2017-10-01,95.13,96.09,97.28,96.08,90.68,97.76,95.60,94.17,97.59,96.85,101.66,74.43,97.48,92.70,98.24,97.51,,,,,100.25,93.87,102.71
2017-11-01,95.63,96.59,98.13,96.39,91.83,98.35,95.95,94.71,98.10,96.72,101.36,74.43,97.43,92.71,98.12,97.82,,,,,99.73,93.87,101.98
2017-12-01,96.59,97.17,98.29,96.49,92.57,98.71,96.97,97.09,98.99,96.56,100.89,74.43,97.44,92.66,98.17,97.67,,,,,99.73,93.87,101.98
2018-01-01,97.12,97.78,98.49,97.36,92.97,98.98,97.74,97.32,99.70,96.57,100.64,74.43,97.64,92.32,98.53,97.23,,,,,102.95,105.20,101.98
2018-02-01,97.92,98.32,99.00,97.78,93.46,99.62,98.35,99.15,100.53,99.90,100.21,93.18,98.99,91.95,100.59,95.52,,,,,102.95,105.20,101.98
2018-03-01,98.55,98.79,99.09,97.77,93.20,100.34,99.25,100.29,99.90,100.19,100.50,93.18,99.35,92.81,100.76,96.72,,,,,102.95,105.20,101.98
2018-04-01,99.53,99.34,99.76,98.16,93.64,100.70,99.80,102.94,100.65,99.94,100.57,93.18,98.84,94.51,100.16,94.89,,,,,102.95,105.20,101.98
2018-05-01,98.77,98.20,99.38,98.27,94.12,100.53,97.56,103.59,100.97,99.49,100.36,93.18,98.09,93.89,99.36,94.40,,,,,102.95,105.20,101.98
2018-06-01,98.44,98.14,98.95,98.67,94.27,100.49,97.49,102.24,101.07,99.45,100.18,93.18,98.14,92.88,99.52,94.57,,,,,102.95,105.20,101.98
2018-07-01,98.14,97.99,99.65,98.55,94.20,99.78,96.92,101.44,101.20,99.69,101.41,93.18,97.76,93.13,98.96,94.88,,,,,102.95,105.20,101.98
2018-08-01,97.99,97.86,98.14,98.73,94.27,99.65,97.43,101.16,101.47,100.61,102.93,93.18,98.53,92.49,99.83,96.16,,,,,102.95,105.20,101.98
2018-09-01,98.16,98.23,97.90,99.28,95.24,100.63,97.97,100.63,101.86,102.55,105.14,93.18,100.80,93.70,102.41,97.24,,,,,102.95,105.20,101.98
2018-10-01,98.81,98.89,97.40,99.18,95.31,99.74,99.74,101.18,102.20,102.70,105.17,93.18,101.06,94.07,102.68,97.42,,,,,102.95,105.20,101.98
2018-11-01,99.14,99.06,97.58,99.67,95.86,100.43,99.72,102.14,102.21,102.97,105.32,93.18,101.48,93.79,103.07,98.60,,,,,104.07,105.20,103.54
2018-12-01,99.38,99.08,97.47,99.86,96.12,100.16,99.76,103.17,101.82,102.59,105.04,93.18,100.91,93.07,102.48,98.34,,,,,102.91,105.20,101.91
2019-01-01,99.99,99.85,97.68,100.27,95.19,100.18,101.12,103.24,102.65,108.37,107.90,110.22,105.28,93.83,107.90,99.05,,,,,103.29,104.42,102.76
2019-02-01,100.25,100.19,97.90,99.81,95.12,99.93,101.91,103.21,102.66,108.70,108.24,110.22,105.72,95.04,108.33,98.85,,,,,102.84,103.60,102.46
2019-03-01,100.15,100.10,97.94,100.17,94.57,99.80,101.58,103.07,102.50,108.42,107.92,110.22,105.40,95.79,107.82,98.85,,,,,102.39,102.75,102.16
2019-04-01,99.60,99.56,97.77,99.50,93.68,98.57,100.99,102.47,102.42,107.48,106.84,110.22,104.30,97.07,106.14,99.50,,,,,101.93,101.90,101.86
2019-05-01,99.21,99.07,97.30,99.31,93.53,99.07,100.24,102.42,102.03,106.91,106.12,110.22,103.67,97.85,105.28,99.17,,,,,101.48,101.09,101.57
2019-06-01,99.75,99.50,97.73,99.94,94.20,99.99,100.54,103.42,101.96,106.70,106.74,110.22,102.85,96.99,104.31,99.39,,,,,101.03,100.24,101.26
2019-07-01,99.73,99.41,97.43,99.85,93.97,99.90,100.56,103.66,102.17,106.68,106.35,110.22,103.07,95.51,104.76,99.45,,,,,101.03,100.24,101.26
2019-08-01,99.55,99.22,97.30,99.76,93.94,99.75,100.30,103.49,101.70,106.27,105.57,110.22,102.82,94.72,104.61,98.97,,,,,101.03,100.24,101.26
2019-09-01,99.54,99.16,97.11,99.92,93.57,100.14,100.20,103.63,101.55,106.00,104.91,110.22,102.73,94.37,104.60,98.67,,,,,101.03,100.24,101.26
2019-10-01,99.37,98.82,96.56,100.08,93.50,99.91,99.73,104.11,101.72,106.27,104.60,110.22,103.47,94.24,105.14,101.36,,,,,101.03,100.24,101.26
2019-11-01,99.47,98.64,96.51,99.43,94.42,99.48,99.66,105.23,101.72,106.97,104.96,110.22,104.59,95.19,106.65,100.21,,,,,100.59,100.24,100.65
2019-12-01,99.16,98.20,96.00,99.27,94.16,98.92,99.14,105.44,101.20,106.07,104.11,110.22,103.40,94.49,105.56,97.91,,,,,100.59,100.24,100.65
2020-01-01,99.29,98.30,95.93,99.90,93.87,98.65,99.16,105.66,101.54,106.40,103.34,111.36,104.24,98.76,106.13,97.69,,,,,99.37,99.82,99.11
2020-02-01,99.54,99.31,99.06,99.19,99.45,98.78,99.62,103.12,101.02,103.70,101.85,101.13,102.97,98.19,104.46,98.26,,,,,99.37,99.82,99.11
2020-03-01,100.01,99.90,99.29,100.13,99.61,100.10,100.21,103.15,100.02,101.54,100.91,101.13,99.41,98.75,99.72,98.92,,,,,99.37,99.82,99.11
2020-04-01,100.11,100.23,99.78,100.58,99.56,101.40,100.32,102.40,99.04,100.54,100.18,98.29,98.78,97.12,99.02,99.59,,,,,99.37,99.82,99.11
2020-05-01,99.37,99.79,99.53,99.99,99.45,100.90,99.83,100.52,98.33,100.08,99.28,98.29,98.49,98.30,98.59,98.89,,,,,99.37,99.82,99.11
2020-06-01,98.17,98.68,98.80,99.32,99.16,99.21,98.36,98.96,98.15,99.45,98.41,98.29,97.86,97.93,98.12,97.12,,,,,99.37,99.82,99.11
2020-07-01,96.69,97.98,97.87,98.74,98.68,97.89,97.75,94.56,97.47,98.63,97.65,98.29,96.78,95.40,97.17,96.37,,,,,99.37,99.82,99.11
2020-08-01,96.99,98.35,97.86,99.14,98.34,97.58,98.43,94.59,97.78,98.68,97.64,98.29,96.91,97.12,97.04,96.75,,,,,99.37,99.82,99.11
2020-09-01,97.35,98.60,99.21,98.77,98.90,98.45,98.28,95.36,98.25,99.53,98.13,98.29,98.21,97.73,98.65,96.67,,,,,99.37,99.82,99.11
2020-10-01,99.36,100.03,100.16,100.25,99.72,100.56,99.92,99.56,98.94,99.69,98.04,98.29,98.59,97.80,99.33,95.37,,,,,99.37,99.82,99.11
2020-11-01,101.91,102.77,102.86,102.67,101.71,103.72,102.81,101.52,100.46,98.89,97.74,98.29,97.24,97.91,97.62,95.17,,,,,99.79,99.82,99.69
2020-12-01,103.29,104.23,104.06,103.07,103.05,105.18,104.85,102.64,101.57,99.72,99.00,98.29,97.99,98.01,98.85,93.43,,,,,99.79,99.82,99.69
2021-01-01,106.01,106.52,106.28,105.49,104.63,107.00,107.22,107.02,104.34,102.28,102.07,99.43,100.53,101.76,101.28,95.66,,,,,100.97,102.98,100.09
2021-02-01,106.85,107.44,106.21,107.43,105.34,108.69,108.18,107.56,104.08,104.95,103.51,103.41,103.61,103.80,104.83,96.58,,,,,100.97,102.98,100.09
2021-03-01,107.95,109.07,107.67,108.46,106.01,110.40,110.18,106.78,105.80,107.47,104.59,103.41,107.76,105.08,109.95,96.98,,,,,100.97,102.98,100.09
2021-04-01,109.89,111.26,109.77,109.52,108.01,111.75,113.01,107.81,107.63,109.24,105.00,103.41,110.92,105.77,113.88,97.31,,,,,100.23,102.98,99.06
2021-05-01,111.28,112.63,111.03,110.98,109.04,112.42,114.48,109.28,108.89,112.16,106.70,103.41,115.41,106.01,119.75,96.49,,,,,100.97,102.98,100.09
2021-06-01,112.16,113.92,112.31,112.06,110.20,114.77,115.75,108.71,109.90,114.18,109.57,103.41,117.40,106.31,122.28,96.42,,,,,100.97,102.98,100.09
2021-07-01,111.83,113.78,111.93,111.67,109.30,114.87,115.86,107.66,110.70,119.08,116.88,103.41,121.93,112.08,126.03,105.00,,,,,100.97,102.98,100.09
2021-08-01,112.71,114.50,112.96,112.54,110.08,116.15,116.31,109.14,112.35,124.08,124.27,103.41,126.61,117.02,130.25,112.45,,,,,100.97,102.98,100.09
2021-09-01,114.32,116.38,114.69,113.99,112.23,119.26,118.33,109.81,115.59,133.87,135.14,103.41,138.25,118.43,144.71,114.56,,,,,100.97,102.98,100.09
2021-10-01,117.49,119.71,118.29,116.58,113.82,121.55,122.01,112.40,121.14,157.62,148.32,103.41,175.36,122.99,187.86,140.42,,,,,100.97,102.98,100.09
2021-11-01,122.57,125.19,123.16,121.69,118.34,126.61,128.05,116.19,125.21,174.47,160.12,103.41,200.01,125.91,218.39,145.63,,,,,101.33,102.98,100.60
2021-12-01,125.99,129.33,126.04,126.84,124.63,129.11,132.49,117.03,129.83,184.35,167.99,103.41,213.85,125.18,235.75,149.30,,,,,101.33,102.98,100.60
2022-01-01,127.98,131.02,127.18,129.32,125.63,131.48,134.14,120.17,131.40,190.29,174.98,94.88,223.08,126.10,248.43,143.35,,,,,103.30,102.49,103.53
2022-02-01,131.53,134.57,131.73,133.26,128.75,134.74,137.00,123.87,134.71,196.21,181.89,88.07,231.82,129.87,257.86,151.88,,,,,104.12,105.37,103.53
2022-03-01,138.95,141.36,139.54,139.49,135.25,145.32,143.17,133.78,145.40,212.08,194.36,88.07,254.14,135.34,283.33,168.27,,,,,104.12,105.37,103.53
2022-04-01,150.14,153.46,149.81,149.57,148.85,156.08,157.19,141.91,148.37,223.46,205.83,87.50,268.60,140.95,294.75,209.52,,,,,104.12,105.37,103.53
2022-05-01,153.24,156.53,152.63,151.59,152.04,158.43,160.90,145.19,150.67,226.14,213.04,87.50,268.91,145.13,294.07,213.12,,,,,104.12,105.37,103.53
2022-06-01,155.54,158.63,154.47,153.53,153.70,158.56,163.40,148.31,154.04,226.64,218.20,87.50,266.38,145.98,290.18,216.41,,,,,104.12,105.37,103.53
2022-07-01,154.00,156.93,153.65,152.15,154.03,155.57,161.10,147.35,154.45,228.97,225.92,87.50,265.66,147.41,289.58,213.23,,,,,104.12,105.37,103.53
2022-08-01,154.15,157.05,155.25,153.74,153.96,158.60,159.54,147.61,155.99,231.78,229.47,87.50,268.72,153.20,292.80,212.97,,,,,104.12,105.37,103.53
2022-09-01,154.95,157.47,155.68,154.48,155.18,159.13,159.79,149.83,154.53,240.72,237.99,87.50,280.25,164.58,306.66,209.80,,,,,104.12,105.37,103.53
2022-10-01,156.30,158.57,156.56,155.05,157.59,158.99,161.28,152.13,153.49,242.75,240.91,87.50,282.22,167.80,308.77,209.84,,,,,104.12,105.37,103.53
2022-11-01,156.90,159.35,157.29,156.19,162.58,161.09,161.64,152.11,152.08,239.30,239.11,87.50,276.75,164.73,302.23,209.23,,,,,104.89,105.37,104.62
2022-12-01,156.09,158.34,156.25,155.79,161.96,159.99,160.39,151.98,150.53,231.72,234.32,87.50,265.29,160.10,289.29,201.41,,,,,104.89,105.37,104.62
2023-01-01,156.35,157.06,154.83,154.33,155.33,158.26,159.06,152.68,147.47,222.25,230.48,96.02,245.87,163.16,266.23,189.70,,,,,107.28,106.91,107.41
2023-02-01,155.86,156.28,154.53,153.52,153.78,158.72,157.96,153.70,149.05,214.45,223.60,96.02,235.63,159.60,254.54,182.94,,,,,109.74,107.72,110.51
2023-03-01,154.67,155.26,153.90,153.38,152.74,158.40,156.36,151.63,145.69,203.32,214.38,96.02,220.61,159.13,236.42,175.40,,,,,111.60,108.35,112.83
2023-04-01,150.36,150.62,151.02,150.04,152.27,153.69,150.32,149.05,141.75,190.61,205.45,96.02,202.36,156.76,214.56,166.44,,,,,113.57,109.29,115.18
2023-05-01,147.11,146.46,146.83,147.78,150.61,148.75,145.44,150.46,138.67,180.04,198.83,96.02,186.64,156.44,194.06,166.20,,,,,114.91,109.86,116.81
2023-06-01,144.06,141.87,139.48,143.26,149.50,144.31,141.97,155.30,137.41,174.78,196.84,96.02,177.91,145.17,184.25,164.40,,,,,115.80,110.25,117.90
2023-07-01,141.26,137.38,136.66,139.93,149.96,142.23,135.90,161.21,135.78,168.17,191.27,96.02,169.05,142.15,174.56,156.41,,,,,116.34,110.56,118.53
2023-08-01,139.08,134.17,133.29,136.15,145.97,139.71,132.94,164.35,135.05,163.02,183.64,96.02,164.42,137.69,169.37,154.52,,,,,116.84,110.64,119.18
2023-09-01,136.97,132.10,132.41,133.63,144.49,135.88,130.66,162.04,134.55,160.56,177.83,96.02,163.69,137.28,169.44,149.56,,,,,117.20,110.88,119.58
2023-10-01,137.57,132.10,132.83,132.50,143.30,134.93,131.04,165.70,134.42,158.16,174.61,96.02,161.28,128.52,166.99,151.00,,,,,117.97,111.32,120.47
2023-11-01,135.20,130.16,129.08,130.33,142.08,135.31,129.77,161.07,131.68,156.47,171.67,96.02,160.06,126.94,166.42,146.70,,,,,119.10,111.46,121.99
2023-12-01,136.56,131.77,130.62,136.16,140.82,135.17,130.00,161.21,132.27,157.47,168.99,96.02,163.82,139.30,169.68,148.08,,,,,119.31,111.54,122.25
2024-01-01,136.82,132.41,135.60,134.06,141.79,136.86,129.64,159.48,132.64,153.54,165.99,96.59,158.20,140.66,162.33,147.25,0.00,0.00,0.00,0.00,119.88,113.96,122.12
2024-02-01,132.32,128.53,127.78,128.22,137.33,135.57,128.07,151.82,129.43,152.30,164.22,97.16,156.92,141.91,160.76,145.98,0.00,0.00,0.00,0.00,120.03,113.96,122.31
2024-03-01,129.76,125.92,125.47,125.52,135.28,130.76,125.55,149.54,127.42,149.59,161.90,97.73,153.17,141.71,157.03,140.13,0.00,0.00,0.00,0.00,120.18,113.96,122.52
2024-04-01,127.39,123.94,122.31,123.40,131.61,129.18,124.16,145.16,125.52,147.29,161.16,97.73,149.27,135.92,152.84,138.75,0.00,0.00,0.00,0.00,120.81,115.90,122.66
2024-05-01,125.48,121.94,121.45,122.73,130.45,126.99,121.14,143.69,124.65,145.91,160.53,97.73,147.05,137.11,149.92,138.12,0.00,0.00,0.00,0.00,120.91,115.90,122.80
2024-06-01,124.75,122.44,121.29,122.68,129.59,126.66,122.26,136.65,124.85,145.48,159.51,97.73,146.93,136.06,149.63,139.44,0.00,0.00,0.00,0.00,121.09,115.90,123.05
2024-07-01,122.39,121.16,120.41,121.93,128.37,124.23,120.70,128.74,124.02,144.29,159.54,97.73,144.62,134.00,147.13,137.95,0.00,0.00,0.00,0.00,121.72,117.83,123.19
2024-08-01,120.51,121.74,120.15,121.24,124.62,123.41,122.40,114.22,123.46,143.81,159.45,97.73,143.78,132.73,146.81,134.65,0.00,0.00,0.00,0.00,121.99,117.83,123.57
2024-09-01,119.39,120.43,119.43,120.10,124.30,123.11,120.65,114.03,121.98,144.38,159.66,97.73,144.71,131.77,148.11,134.78,0.00,0.00,0.00,0.00,122.09,117.83,123.69
2024-10-01,119.90,120.87,120.12,120.62,124.23,123.85,120.92,114.92,122.26,144.86,159.80,97.73,145.53,131.67,149.18,134.94,0.00,0.00,0.00,0.00,122.26,117.83,123.94
2024-11-01,120.69,121.96,120.95,121.64,126.57,125.13,122.10,114.17,123.87,144.73,159.23,97.73,145.68,136.45,148.82,135.01,0.00,0.00,0.00,0.00,122.71,117.83,124.55
2024-12-01,121.75,123.13,122.21,122.22,127.21,126.15,123.49,114.67,125.06,146.31,160.58,97.73,147.78,137.45,151.29,135.85,0.00,0.00,0.00,0.00,122.77,117.83,124.64
2025-01-01,123.79,124.27,124.69,120.26,134.23,124.15,125.38,121.36,126.27,148.02,162.12,95.45,150.54,141.02,156.53,125.54,0.00,0.00,0.00,0.00,123.57,121.69,124.28
2025-02-01,125.45,125.86,125.92,122.11,134.23,125.10,127.14,123.38,127.80,149.02,164.34,95.45,150.94,126.53,158.80,124.94,0.00,0.00,0.00,0.00,123.55,121.69,124.25
2025-03-01,126.60,127.27,127.31,122.85,135.93,125.27,128.94,123.16,127.04,150.80,164.85,93.75,154.40,122.86,163.66,125.40,0.00,0.00,0.00,0.00,123.55,121.69,124.25
2025-04-01,126.05,126.67,125.64,125.35,133.37,123.76,127.76,122.88,125.74,152.40,165.88,93.75,156.75,120.31,167.10,124.99,0.00,0.00,0.00,0.00,122.69,121.69,123.07
2025-05-01,125.03,125.56,124.01,125.61,131.50,120.56,126.56,122.31,125.31,153.54,167.18,92.05,158.45,127.79,168.16,126.59,0.00,0.00,0.00,0.00,122.69,121.69,123.07
2025-06-01,124.21,124.77,122.21,126.02,131.64,121.73,125.55,121.34,125.88,154.44,166.78,92.05,160.44,137.69,169.15,129.22,0.00,0.00,0.00,0.00,122.62,121.69,122.98
2025-07-01,124.25,125.82,123.86,129.82,135.93,116.83,125.76,116.20,126.52,155.59,168.59,92.05,161.41,147.67,168.97,130.88,0.00,0.00,0.00,0.00,122.41,124.17,121.74
2025-08-01,123.27,124.60,122.91,129.62,134.23,116.25,123.98,116.40,126.20,155.95,169.41,92.05,161.53,150.64,168.86,130.47,0.00,0.00,0.00,0.00,122.54,124.17,121.92
2025-09-01,122.58,123.98,122.51,129.16,134.56,115.77,123.16,115.37,125.80,157.08,170.73,92.05,162.80,151.58,170.20,131.60,0.00,0.00,0.00,0.00,122.54,124.17,121.92
2025-10-01,122.50,123.73,122.16,129.02,134.09,115.83,122.88,116.19,126.06,159.96,173.58,92.05,166.37,158.28,173.52,134.65,0.00,0.00,0.00,0.00,121.65,124.17,120.70
2025-11-01,122.05,123.02,122.43,127.13,133.59,116.98,122.00,117.05,126.09,161.18,174.61,92.05,168.01,167.41,173.95,138.16,0.00,0.00,0.00,0.00,121.25,124.17,120.15
2025-12-01,122.15,123.19,122.43,126.96,132.22,117.71,122.36,116.85,126.64,160.75,174.21,92.05,167.45,168.79,173.93,133.78,0.00,0.00,0.00,0.00,121.25,124.17,120.15
2026-01-01,118.98,119.90,118.11,122.50,127.79,117.82,119.70,114.24,124.51,159.12,174.53,90.91,164.37,156.22,171.82,131.16,0.00,0.00,0.00,0.00,122.80,130.31,119.97
2026-02-01,118.24,118.92,115.98,122.02,128.51,115.76,119.10,114.73,123.68,162.36,178.15,90.91,168.09,155.91,175.89,135.38,0.00,0.00,0.00,0.00,122.92,130.31,120.13
2026-03-01,120.14,120.77,117.09,124.33,131.68,117.70,121.06,116.90,129.32,175.01,187.43,90.91,186.00,166.30,197.41,139.24,0.00,0.00,0.00,0.00,122.71,130.31,119.85
2026-04-01,0.00,0.00,0.00,0.00,0.00,0.00,0.00,0.00,0.00,0.00,0.00,0.00,0.00,0.00,0.00,0.00,0.00,0.00,0.00,0.00,0.00,0.00,0.00
2026-05-01,0.00,0.00,0.00,0.00,0.00,0.00,0.00,0.00,0.00,0.00,0.00,0.00,0.00,0.00,0.00,0.00,0.00,0.00,0.00,0.00,0.00,0.00,0.00
2026-06-01,0.00,0.00,0.00,0.00,0.00,0.00,0.00,0.00,0.00,0.00,0.00,0.00,0.00,0.00,0.00,0.00,0.00,0.00,0.00,0.00,0.00,0.00,0.00
2026-07-01,0.00,0.00,0.00,0.00,0.00,0.00,0.00,0.00,0.00,0.00,0.00,0.00,0.00,0.00,0.00,0.00,0.00,0.00,0.00,0.00,0.00,0.00,0.00
2026-08-01,0.00,0.00,0.00,0.00,0.00,0.00,0.00,0.00,0.00,0.00,0.00,0.00,0.00,0.00,0.00,0.00,0.00,0.00,0.00,0.00,0.00,0.00,0.00
2026-09-01,0.00,0.00,0.00,0.00,0.00,0.00,0.00,0.00,0.00,0.00,0.00,0.00,0.00,0.00,0.00,0.00,0.00,0.00,0.00,0.00,0.00,0.00,0.00
2026-10-01,0.00,0.00,0.00,0.00,0.00,0.00,0.00,0.00,0.00,0.00,0.00,0.00,0.00,0.00,0.00,0.00,0.00,0.00,0.00,0.00,0.00,0.00,0.00
2026-11-01,0.00,0.00,0.00,0.00,0.00,0.00,0.00,0.00,0.00,0.00,0.00,0.00,0.00,0.00,0.00,0.00,0.00,0.00,0.00,0.00,0.00,0.00,0.00
2026-12-01,0.00,0.00,0.00,0.00,0.00,0.00,0.00,0.00,0.00,0.00,0.00,0.00,0.00,0.00,0.00,0.00,0.00,0.00,0.00,0.00,0.00,0.00,0.00
