week_start,Wheat_Global_Proxy_USD,ZC_USD
2002-12-24,329.8,236.4
2002-12-31,326.14285714285717,238.39285714285714
2003-01-07,314.2142857142857,231.60714285714286
2003-01-14,316.82142857142856,234.71428571428572
2003-01-21,316.7142857142857,237.25
2003-01-28,327.35714285714283,238.5
2003-02-04,331.35714285714283,240.39285714285714
2003-02-11,330.7142857142857,234.92857142857142
2003-02-18,315.4642857142857,231.42857142857142
2003-02-25,318.10714285714283,237.89285714285714
2003-03-04,310.5,233.89285714285714
2003-03-11,290.89285714285717,231.32142857142858
2003-03-18,281.07142857142856,228.17857142857142
2003-03-25,284.82142857142856,238.85714285714286
2003-04-01,285.57142857142856,240.64285714285714
2003-04-08,284.64285714285717,240.46428571428572
2003-04-15,291.85714285714283,236.82142857142858
2003-04-22,278.9642857142857,233.39285714285714
2003-04-29,301.39285714285717,247.89285714285714
2003-05-06,333.17857142857144,253.78571428571428
2003-05-13,327.07142857142856,244.85714285714286
2003-05-20,323.7142857142857,243.53571428571428
2003-05-27,319.10714285714283,238.71428571428572
2003-06-03,325.9642857142857,241.67857142857142
2003-06-10,314.32142857142856,242.78571428571428
2003-06-17,299.2142857142857,235.85714285714286
2003-06-24,303.92857142857144,228.82142857142858
2003-07-01,308.7857142857143,225.75
2003-07-08,326.5,209.25
2003-07-15,340.7142857142857,206.75
2003-07-22,348.2142857142857,207.67857142857142
2003-07-29,356.0,211.57142857142858
2003-08-05,369.85714285714283,218.57142857142858
2003-08-12,367.14285714285717,226.17857142857142
2003-08-19,363.0357142857143,230.53571428571428
2003-08-26,354.0357142857143,237.03571428571428
2003-09-02,342.2857142857143,230.10714285714286
2003-09-09,348.82142857142856,225.25
2003-09-16,354.60714285714283,225.82142857142858
2003-09-23,356.5,222.25
2003-09-30,329.82142857142856,219.53571428571428
2003-10-07,330.7142857142857,215.71428571428572
2003-10-14,358.0,227.10714285714286
2003-10-21,371.10714285714283,244.75
2003-10-28,373.7142857142857,235.57142857142858
2003-11-04,399.67857142857144,238.25
2003-11-11,382.10714285714283,235.5
2003-11-18,400.89285714285717,242.03571428571428
2003-11-25,407.25,246.82142857142858
2003-12-02,397.85714285714283,251.78571428571428
2003-12-09,391.14285714285717,250.60714285714286
2003-12-16,368.57142857142856,240.10714285714286
2003-12-23,390.2142857142857,247.92857142857142
2003-12-30,391.2857142857143,251.32142857142858
2004-01-06,395.25,269.85714285714283
2004-01-13,388.14285714285717,276.0
2004-01-20,383.32142857142856,275.2857142857143
2004-01-27,379.7142857142857,275.25
2004-02-03,383.25,282.4642857142857
2004-02-10,372.4642857142857,283.60714285714283
2004-02-17,385.7857142857143,293.5
2004-02-24,369.82142857142856,291.17857142857144
2004-03-02,358.32142857142856,293.25
2004-03-09,387.5357142857143,309.85714285714283
2004-03-16,410.2142857142857,309.57142857142856
2004-03-23,412.60714285714283,322.07142857142856
2004-03-30,414.7857142857143,329.75
2004-04-06,392.89285714285717,314.5
2004-04-13,382.0,305.57142857142856
2004-04-20,378.4642857142857,311.75
2004-04-27,395.39285714285717,310.9642857142857
2004-05-04,362.10714285714283,290.75
2004-05-11,370.0357142857143,292.57142857142856
2004-05-18,370.4642857142857,301.60714285714283
2004-05-25,371.7857142857143,312.17857142857144
2004-06-01,355.42857142857144,291.10714285714283
2004-06-08,352.89285714285717,278.75
2004-06-15,343.7857142857143,274.10714285714283
2004-06-22,335.64285714285717,260.0
2004-06-29,334.07142857142856,246.5
2004-07-06,334.57142857142856,241.10714285714286
2004-07-13,328.5357142857143,226.82142857142858
2004-07-20,315.60714285714283,219.17857142857142
2004-07-27,317.32142857142856,222.85714285714286
2004-08-03,304.39285714285717,220.5
2004-08-10,308.39285714285717,228.46428571428572
2004-08-17,306.9642857142857,225.78571428571428
2004-08-24,309.39285714285717,226.28571428571428
2004-08-31,314.7857142857143,215.64285714285714
2004-09-07,333.0,213.89285714285714
2004-09-14,325.67857142857144,208.46428571428572
2004-09-21,310.57142857142856,206.71428571428572
2004-09-28,303.32142857142856,204.85714285714286
2004-10-05,313.9642857142857,205.28571428571428
2004-10-12,312.10714285714283,203.78571428571428
2004-10-19,317.5,204.57142857142858
2004-10-26,304.4642857142857,199.25
2004-11-02,303.9642857142857,198.78571428571428
2004-11-09,311.57142857142856,201.85714285714286
2004-11-16,296.39285714285717,197.42857142857142
2004-11-23,288.4642857142857,194.07142857142858
2004-11-30,287.0357142857143,194.60714285714286
2004-12-07,297.7857142857143,202.03571428571428
2004-12-14,308.07142857142856,206.53571428571428
2004-12-21,306.2142857142857,205.25
2004-12-28,305.07142857142856,204.75
2005-01-04,303.07142857142856,200.82142857142858
2005-01-11,296.42857142857144,196.96428571428572
2005-01-18,292.42857142857144,196.92857142857142
2005-01-25,289.2142857142857,195.60714285714286
2005-02-01,293.42857142857144,197.0
2005-02-08,296.7142857142857,199.53571428571428
2005-02-15,315.2857142857143,207.64285714285714
2005-02-22,330.89285714285717,210.32142857142858
2005-03-01,340.0357142857143,212.35714285714286
2005-03-08,359.0,221.60714285714286
2005-03-15,339.67857142857144,211.60714285714286
2005-03-22,328.92857142857144,212.78571428571428
2005-03-29,312.32142857142856,205.71428571428572
2005-04-05,308.5357142857143,206.35714285714286
2005-04-12,308.4642857142857,209.07142857142858
2005-04-19,319.17857142857144,207.60714285714286
2005-04-26,309.2142857142857,199.53571428571428
2005-05-03,302.14285714285717,197.17857142857142
2005-05-10,311.39285714285717,210.64285714285714
2005-05-17,334.10714285714283,222.46428571428572
2005-05-24,327.35714285714283,219.92857142857142
2005-05-31,315.67857142857144,214.64285714285714
2005-06-07,322.67857142857144,224.42857142857142
2005-06-14,337.17857142857144,231.71428571428572
2005-06-21,325.92857142857144,216.89285714285714
2005-06-28,330.5,227.25
2005-07-05,338.0357142857143,244.21428571428572
2005-07-12,334.64285714285717,240.64285714285714
2005-07-19,328.7142857142857,235.96428571428572
2005-07-26,324.7857142857143,225.32142857142858
2005-08-02,322.17857142857144,220.28571428571428
2005-08-09,319.5357142857143,210.71428571428572
2005-08-16,315.25,207.03571428571428
2005-08-23,305.85714285714283,204.0
2005-08-30,308.85714285714283,203.85714285714286
2005-09-06,319.5,202.46428571428572
2005-09-13,328.5,207.07142857142858
2005-09-20,336.75,204.42857142857142
2005-09-27,342.89285714285717,204.42857142857142
2005-10-04,341.5,203.46428571428572
2005-10-11,330.7142857142857,202.10714285714286
2005-10-18,321.42857142857144,198.0
2005-10-25,313.42857142857144,195.96428571428572
2005-11-01,311.75,195.07142857142858
2005-11-08,305.17857142857144,193.03571428571428
2005-11-15,297.2142857142857,190.53571428571428
2005-11-22,302.57142857142856,188.57142857142858
2005-11-29,296.57142857142856,189.82142857142858
2005-12-06,313.0,201.60714285714286
2005-12-13,330.42857142857144,211.89285714285714
2005-12-20,339.2857142857143,214.85714285714286
2005-12-27,337.64285714285717,216.03571428571428
2006-01-03,331.9642857142857,213.14285714285714
2006-01-10,327.42857142857144,206.85714285714286
2006-01-17,339.35714285714283,215.89285714285714
2006-01-24,349.2142857142857,221.32142857142858
2006-01-31,356.07142857142856,221.60714285714286
2006-02-07,358.60714285714283,223.5
2006-02-14,368.14285714285717,225.75
2006-02-21,370.82142857142856,227.78571428571428
2006-02-28,372.9642857142857,223.46428571428572
2006-03-07,357.0357142857143,222.5
2006-03-14,346.2142857142857,219.96428571428572
2006-03-21,344.35714285714283,229.14285714285714
2006-03-28,348.2857142857143,239.67857142857142
2006-04-04,359.85714285714283,237.89285714285714
2006-04-11,352.92857142857144,237.07142857142858
2006-04-18,347.2142857142857,234.46428571428572
2006-04-25,356.92857142857144,232.21428571428572
2006-05-02,383.0,238.28571428571428
2006-05-09,413.32142857142856,257.2142857142857
2006-05-16,416.25,253.17857142857142
2006-05-23,403.4642857142857,256.10714285714283
2006-05-30,381.75,246.17857142857142
2006-06-06,363.32142857142856,238.17857142857142
2006-06-13,364.67857142857144,229.64285714285714
2006-06-20,372.4642857142857,229.89285714285714
2006-06-27,384.2142857142857,242.03571428571428
2006-07-04,377.7857142857143,253.39285714285714
2006-07-11,401.75,242.46428571428572
2006-07-18,389.85714285714283,237.71428571428572
2006-07-25,396.39285714285717,243.82142857142858
2006-08-01,381.82142857142856,232.60714285714286
2006-08-08,368.4642857142857,220.53571428571428
2006-08-15,371.7857142857143,223.78571428571428
2006-08-22,395.7857142857143,228.25
2006-08-29,401.10714285714283,230.14285714285714
2006-09-05,388.9642857142857,232.07142857142858
2006-09-12,412.9642857142857,252.32142857142858
2006-09-19,433.64285714285717,259.89285714285717
2006-09-26,458.07142857142856,270.10714285714283
2006-10-03,516.8571428571429,298.67857142857144
2006-10-10,516.2857142857143,315.35714285714283
2006-10-17,512.75,327.7142857142857
2006-10-24,491.5,336.4642857142857
2006-10-31,489.7857142857143,347.42857142857144
2006-11-07,476.5357142857143,353.67857142857144
2006-11-14,489.60714285714283,364.92857142857144
2006-11-21,495.7142857142857,372.7857142857143
2006-11-28,479.57142857142856,357.60714285714283
2006-12-05,481.75,362.10714285714283
2006-12-12,502.64285714285717,377.32142857142856
2006-12-19,506.42857142857144,388.2857142857143
2006-12-26,479.5357142857143,374.0
2007-01-02,465.92857142857144,377.75
2007-01-09,470.35714285714283,405.7142857142857
2007-01-16,467.2142857142857,405.35714285714283
2007-01-23,461.07142857142856,401.82142857142856
2007-01-30,457.0357142857143,401.32142857142856
2007-02-06,460.42857142857144,411.7857142857143
2007-02-13,478.67857142857144,426.25
2007-02-20,467.75,416.0
2007-02-27,464.92857142857144,411.75
2007-03-06,457.10714285714283,397.5
2007-03-13,462.10714285714283,404.60714285714283
2007-03-20,449.07142857142856,384.2857142857143
2007-03-27,436.89285714285717,360.60714285714283
2007-04-03,465.0,365.57142857142856
2007-04-10,489.89285714285717,361.9642857142857
2007-04-17,498.89285714285717,363.07142857142856
2007-04-24,482.92857142857144,374.42857142857144
2007-05-01,477.7142857142857,358.4642857142857
2007-05-08,483.85714285714283,370.32142857142856
2007-05-15,488.7142857142857,374.7857142857143
2007-05-22,511.7142857142857,381.92857142857144
2007-05-29,524.8928571428571,381.35714285714283
2007-06-05,590.9285714285714,408.64285714285717
2007-06-12,595.6785714285714,384.82142857142856
2007-06-19,594.1428571428571,340.85714285714283
2007-06-26,586.4285714285714,328.2857142857143
2007-07-03,606.4285714285714,339.2857142857143
2007-07-10,613.6071428571429,322.89285714285717
2007-07-17,643.8571428571429,316.2142857142857
2007-07-24,642.1785714285714,324.5357142857143
2007-07-31,668.5714285714286,333.32142857142856
2007-08-07,675.2142857142857,327.64285714285717
2007-08-14,712.1071428571429,341.07142857142856
2007-08-21,750.8214285714286,325.7857142857143
2007-08-28,821.7857142857143,329.5
2007-09-04,842.7857142857143,333.4642857142857
2007-09-11,865.8571428571429,365.92857142857144
2007-09-18,918.8928571428571,375.14285714285717
2007-09-25,911.1428571428571,347.2857142857143
2007-10-02,859.1428571428571,346.60714285714283
2007-10-09,839.2142857142857,365.5
2007-10-16,817.8571428571429,366.32142857142856
2007-10-23,794.8928571428571,374.5
2007-10-30,773.9642857142857,385.0
2007-11-06,753.6428571428571,378.57142857142856
2007-11-13,802.3214285714286,384.25
2007-11-20,853.1428571428571,384.7857142857143
2007-11-27,882.1785714285714,395.32142857142856
2007-12-04,926.8571428571429,414.64285714285717
2007-12-11,956.0714285714286,439.07142857142856
2007-12-18,911.6785714285714,450.14285714285717
2007-12-25,917.7857142857143,462.82142857142856
2008-01-01,901.4642857142857,483.17857142857144
2008-01-08,943.3571428571429,502.89285714285717
2008-01-15,929.9285714285714,491.5
2008-01-22,941.1428571428571,500.64285714285717
2008-01-29,1050.142857142857,506.39285714285717
2008-02-05,1023.0,507.64285714285717
2008-02-12,1037.357142857143,521.3571428571429
2008-02-19,1139.5714285714287,538.5714285714286
2008-02-26,1094.0,544.7142857142857
2008-03-04,1194.857142857143,553.2142857142857
2008-03-11,1045.642857142857,520.5357142857143
2008-03-18,1014.5,551.25
2008-03-25,945.75,591.5714285714286
2008-04-01,914.5357142857143,590.4642857142857
2008-04-08,891.3214285714286,600.4642857142857
2008-04-15,818.0,581.4642857142857
2008-04-22,795.9642857142857,600.4285714285714
2008-04-29,796.7142857142857,607.5
2008-05-06,776.8571428571429,594.6785714285714
2008-05-13,765.0714285714286,596.9642857142857
2008-05-20,756.9285714285714,595.75
2008-05-27,786.3571428571429,633.3928571428571
2008-06-03,851.9285714285714,705.4285714285714
2008-06-10,879.8928571428571,730.3571428571429
2008-06-17,892.6428571428571,740.6785714285714
2008-06-24,864.2142857142857,739.5714285714286
2008-07-01,817.5357142857143,686.7857142857143
2008-07-08,810.9285714285714,631.9285714285714
2008-07-15,798.8214285714286,577.0
2008-07-22,791.8928571428571,580.0
2008-07-29,774.6428571428571,512.3571428571429
2008-08-05,824.5,527.4642857142857
2008-08-12,867.6428571428571,578.6071428571429
2008-08-19,800.0357142857143,572.5357142857143
2008-08-26,745.75,544.5
2008-09-02,708.5,535.6785714285714
2008-09-09,712.7857142857143,543.1785714285714
2008-09-16,728.9642857142857,552.7142857142857
2008-09-23,653.5,471.5
2008-09-30,585.9642857142857,418.7857142857143
2008-10-07,567.3214285714286,400.60714285714283
2008-10-14,528.8571428571429,389.0
2008-10-21,535.9285714285714,401.5357142857143
2008-10-28,536.75,387.25
2008-11-04,539.6071428571429,377.85714285714283
2008-11-11,514.1785714285714,360.5357142857143
2008-11-18,538.5714285714286,352.07142857142856
2008-11-25,480.17857142857144,313.7142857142857
2008-12-02,492.75,338.5357142857143
2008-12-09,554.6785714285714,384.35714285714283
2008-12-16,586.6428571428571,401.32142857142856
2008-12-23,607.3214285714286,405.7857142857143
2008-12-30,624.9285714285714,413.4642857142857
2009-01-06,574.0357142857143,378.2857142857143
2009-01-13,573.5714285714286,389.10714285714283
2009-01-20,579.2142857142857,382.07142857142856
2009-01-27,555.8928571428571,370.5
2009-02-03,544.2142857142857,368.39285714285717
2009-02-10,519.8571428571429,352.25
2009-02-17,513.7142857142857,354.85714285714283
2009-02-24,507.07142857142856,349.9642857142857
2009-03-03,509.89285714285717,368.82142857142856
2009-03-10,547.5357142857143,393.75
2009-03-17,518.3571428571429,389.5357142857143
2009-03-24,544.5357142857143,400.42857142857144
2009-03-31,530.9642857142857,394.25
2009-04-07,522.0714285714286,382.9642857142857
2009-04-14,522.3928571428571,375.57142857142856
2009-04-21,533.6071428571429,393.60714285714283
2009-04-28,561.1785714285714,406.2857142857143
2009-05-05,579.3928571428571,417.9642857142857
2009-05-12,601.1428571428571,426.85714285714283
2009-05-19,627.5,431.60714285714283
2009-05-26,637.9642857142857,444.0357142857143
2009-06-02,593.8214285714286,433.17857142857144
2009-06-09,561.8571428571429,402.67857142857144
2009-06-16,538.3214285714286,385.14285714285717
2009-06-23,506.7142857142857,351.35714285714283
2009-06-30,490.32142857142856,342.57142857142856
2009-07-07,530.1071428571429,331.7142857142857
2009-07-14,525.6428571428571,316.92857142857144
2009-07-21,521.3214285714286,330.60714285714283
2009-07-28,512.7142857142857,336.85714285714283
2009-08-04,485.2142857142857,323.39285714285717
2009-08-11,465.42857142857144,318.92857142857144
2009-08-18,471.07142857142856,322.5
2009-08-25,452.92857142857144,309.17857142857144
2009-09-01,437.5,308.82142857142856
2009-09-08,457.4642857142857,324.39285714285717
2009-09-15,456.2857142857143,330.07142857142856
2009-09-22,448.17857142857144,337.82142857142856
2009-09-29,463.4642857142857,358.60714285714283
2009-10-06,502.82142857142856,376.42857142857144
2009-10-13,538.9642857142857,395.10714285714283
2009-10-20,501.64285714285717,370.75
2009-10-27,508.2142857142857,376.25
2009-11-03,531.9285714285714,390.92857142857144
2009-11-10,563.5714285714286,395.75
2009-11-17,548.1428571428571,391.2857142857143
2009-11-24,549.2142857142857,385.82142857142856
2009-12-01,519.4642857142857,378.75
2009-12-08,528.7857142857143,400.0
2009-12-15,524.2142857142857,405.35714285714283
2009-12-22,543.2142857142857,414.9642857142857
2009-12-29,563.0357142857143,420.7857142857143
2010-01-05,529.0,384.92857142857144
2010-01-12,500.42857142857144,367.85714285714283
2010-01-19,483.57142857142856,359.92857142857144
2010-01-26,475.2142857142857,355.07142857142856
2010-02-02,488.0,360.57142857142856
2010-02-09,491.5,360.85714285714283
2010-02-16,500.35714285714283,374.39285714285717
2010-02-23,489.35714285714283,369.0357142857143
2010-03-02,474.14285714285717,356.60714285714283
2010-03-09,486.10714285714283,371.92857142857144
2010-03-16,471.42857142857144,360.32142857142856
2010-03-23,458.0357142857143,347.7857142857143
2010-03-30,465.5357142857143,347.75
2010-04-06,481.4642857142857,359.14285714285717
2010-04-13,488.4642857142857,354.82142857142856
2010-04-20,484.32142857142856,359.42857142857144
2010-04-27,498.39285714285717,363.67857142857144
2010-05-04,472.92857142857144,363.0357142857143
2010-05-11,470.25,363.42857142857144
2010-05-18,461.5357142857143,365.2857142857143
2010-05-25,442.85714285714283,347.2857142857143
2010-06-01,435.42857142857144,343.2857142857143
2010-06-08,458.92857142857144,357.64285714285717
2010-06-15,459.5357142857143,345.60714285714283
2010-06-22,471.92857142857144,352.92857142857144
2010-06-29,514.3928571428571,371.14285714285717
2010-07-06,566.1785714285714,384.2857142857143
2010-07-13,590.3928571428571,375.07142857142856
2010-07-20,630.2857142857143,380.07142857142856
2010-07-27,723.1428571428571,399.82142857142856
2010-08-03,703.2142857142857,404.7857142857143
2010-08-10,669.8571428571429,416.92857142857144
2010-08-17,665.5357142857143,415.25
2010-08-24,686.3928571428571,437.7857142857143
2010-08-31,701.5,456.7142857142857
2010-09-07,726.0,496.89285714285717
2010-09-14,718.1071428571429,511.85714285714283
2010-09-21,673.3928571428571,487.25
2010-09-28,683.7142857142857,504.85714285714283
2010-10-05,705.1785714285714,565.75
2010-10-12,675.0714285714286,560.1428571428571
2010-10-19,705.5357142857143,577.4285714285714
2010-10-26,712.4285714285714,583.8928571428571
2010-11-02,697.1071428571429,556.3214285714286
2010-11-09,644.3214285714286,530.25
2010-11-16,646.75,533.7142857142857
2010-11-23,702.6428571428571,548.25
2010-11-30,741.6785714285714,557.3571428571429
2010-12-07,749.4285714285714,587.2857142857143
2010-12-14,778.5714285714286,609.5357142857143
2010-12-21,792.1785714285714,623.6428571428571
2010-12-28,787.7142857142857,605.0357142857143
2011-01-04,771.5,633.3928571428571
2011-01-11,805.8214285714286,653.6071428571429
2011-01-18,836.2142857142857,648.5357142857143
2011-01-25,851.3928571428571,670.3928571428571
2011-02-01,868.9642857142857,694.9285714285714
2011-02-08,838.1071428571429,702.6785714285714
2011-02-15,774.8928571428571,700.3928571428571
2011-02-22,789.5714285714286,722.4642857142857
2011-03-01,721.6428571428571,679.7857142857143
2011-03-08,701.3571428571429,659.0714285714286
2011-03-15,728.1071428571429,689.3214285714286
2011-03-22,747.3571428571429,701.0357142857143
2011-03-29,789.1785714285714,764.7142857142857
2011-04-05,754.8214285714286,752.0357142857143
2011-04-12,791.9642857142857,740.3571428571429
2011-04-19,780.7142857142857,752.2857142857143
2011-04-26,736.7857142857143,704.2142857142857
2011-05-03,720.6428571428571,685.3571428571429
2011-05-10,792.7142857142857,742.0357142857143
2011-05-17,807.5714285714286,750.0714285714286
2011-05-24,778.8928571428571,756.1428571428571
2011-05-31,749.7857142857143,768.4285714285714
2011-06-07,696.1071428571429,723.7142857142857
2011-06-14,646.8571428571429,682.2857142857143
2011-06-21,606.0714285714286,656.1428571428571
2011-06-28,626.5,662.3928571428571
2011-07-05,682.3214285714286,703.6428571428571
2011-07-12,690.5714285714286,690.2142857142857
2011-07-19,685.4285714285714,676.9642857142857
2011-07-26,689.1071428571429,695.8928571428571
2011-08-02,688.8571428571429,691.3214285714286
2011-08-09,723.5357142857143,709.25
2011-08-16,755.1428571428571,738.8928571428571
2011-08-23,736.8928571428571,750.9642857142857
2011-08-30,710.4642857142857,733.5357142857143
2011-09-06,693.0,704.7857142857143
2011-09-13,652.9285714285714,661.9642857142857
2011-09-20,632.4642857142857,620.1428571428571
2011-09-27,612.4642857142857,598.75
2011-10-04,626.4642857142857,635.5714285714286
2011-10-11,627.9642857142857,645.75
2011-10-18,639.3928571428571,650.7857142857143
2011-10-25,632.5714285714286,652.4285714285714
2011-11-01,629.8571428571429,647.25
2011-11-08,607.5,623.8571428571429
2011-11-15,581.0714285714286,588.8214285714286
2011-11-22,600.5357142857143,592.1785714285714
2011-11-29,582.5357142857143,584.8928571428571
2011-12-06,583.6785714285714,583.1428571428571
2011-12-13,616.0357142857143,614.3571428571429
2011-12-20,645.9285714285714,638.9642857142857
2011-12-27,637.6071428571429,648.2142857142857
2012-01-03,619.1785714285714,623.6428571428571
2012-01-10,605.2142857142857,605.3571428571429
2012-01-17,641.3928571428571,634.9285714285714
2012-01-24,661.4285714285714,641.3214285714286
2012-01-31,646.7857142857143,637.3214285714286
2012-02-07,637.5714285714286,637.3571428571429
2012-02-14,640.8928571428571,638.75
2012-02-21,663.3928571428571,655.0357142857143
2012-02-28,643.0714285714286,653.5714285714286
2012-03-06,662.3928571428571,671.8571428571429
2012-03-13,648.5714285714286,648.1428571428571
2012-03-20,646.3928571428571,632.1071428571429
2012-03-27,644.0357142857143,657.5714285714286
2012-04-03,629.5,635.0
2012-04-10,616.3571428571429,614.3214285714286
2012-04-17,631.25,633.5357142857143
2012-04-24,615.4285714285714,657.1071428571429
2012-05-01,597.0714285714286,631.6785714285714
2012-05-08,655.5,622.3928571428571
2012-05-15,679.7142857142857,592.5
2012-05-22,638.7142857142857,558.6071428571429
2012-05-29,628.25,587.1071428571429
2012-06-05,616.3571428571429,586.9285714285714
2012-06-12,660.75,597.6071428571429
2012-06-19,732.6071428571429,656.5714285714286
2012-06-26,787.8928571428571,732.5357142857143
2012-07-03,826.0,760.7857142857143
2012-07-10,919.6428571428571,804.6428571428571
2012-07-17,896.1071428571429,796.4642857142857
2012-07-24,888.7142857142857,807.2857142857143
2012-07-31,892.8928571428571,804.0
2012-08-07,861.2142857142857,792.8214285714286
2012-08-14,879.0714285714286,813.1785714285714
2012-08-21,870.8214285714286,802.0
2012-08-28,872.5714285714286,797.3928571428571
2012-09-04,880.9642857142857,777.6428571428571
2012-09-11,884.8928571428571,747.8928571428571
2012-09-18,887.25,742.6071428571429
2012-09-25,867.2142857142857,753.25
2012-10-02,864.4642857142857,750.3214285714286
2012-10-09,862.6071428571429,752.3214285714286
2012-10-16,870.7142857142857,746.7142857142857
2012-10-23,864.8571428571429,742.9642857142857
2012-10-30,885.5714285714286,739.75
2012-11-06,845.2857142857143,724.2142857142857
2012-11-13,845.7857142857143,742.9285714285714
2012-11-20,857.3571428571429,751.8571428571429
2012-11-27,842.9642857142857,742.1071428571429
2012-12-04,804.1785714285714,720.0714285714286
2012-12-11,798.7857142857143,707.0714285714286
2012-12-18,781.5,696.4642857142857
2012-12-25,758.3571428571429,688.1785714285714
2013-01-01,750.8571428571429,699.0714285714286
2013-01-08,784.25,727.5357142857143
2013-01-15,777.6071428571429,723.3214285714286
2013-01-22,773.9642857142857,735.3571428571429
2013-01-29,758.1071428571429,717.6428571428571
2013-02-05,738.25,697.8571428571429
2013-02-12,725.6071428571429,693.7142857142857
2013-02-19,708.1071428571429,714.3214285714286
2013-02-26,689.3214285714286,721.4642857142857
2013-03-05,712.1428571428571,728.6428571428571
2013-03-12,726.9642857142857,727.5357142857143
2013-03-19,706.6428571428571,711.3928571428571
2013-03-26,688.8928571428571,634.4642857142857
2013-04-02,708.5714285714286,650.5
2013-04-09,704.3928571428571,653.0
2013-04-16,694.1428571428571,643.0
2013-04-23,713.5,692.1428571428571
2013-04-30,699.3928571428571,684.0
2013-05-07,690.6071428571429,667.8928571428571
2013-05-14,692.8571428571429,654.5357142857143
2013-05-21,701.3214285714286,661.2857142857143
2013-05-28,700.8214285714286,662.7142857142857
2013-06-04,685.3214285714286,652.6785714285714
2013-06-11,695.6428571428571,668.9285714285714
2013-06-18,661.5357142857143,668.5
2013-06-25,654.1071428571429,677.0
2013-07-02,673.3214285714286,703.8214285714286
2013-07-09,665.4285714285714,541.8571428571429
2013-07-16,652.3928571428571,506.2142857142857
2013-07-23,658.6428571428571,485.60714285714283
2013-07-30,640.1428571428571,468.64285714285717
2013-08-06,632.0357142857143,470.67857142857144
2013-08-13,635.5,492.7142857142857
2013-08-20,646.1428571428571,500.2857142857143
2013-08-27,635.1785714285714,493.0
2013-09-03,631.7857142857143,465.82142857142856
2013-09-10,646.6428571428571,454.17857142857144
2013-09-17,672.7857142857143,453.64285714285717
2013-09-24,685.1428571428571,441.2142857142857
2013-10-01,691.5714285714286,438.92857142857144
2013-10-08,694.7142857142857,441.5357142857143
2013-10-15,695.8571428571429,440.75
2013-10-22,672.5714285714286,429.0
2013-10-29,653.4642857142857,424.75
2013-11-05,645.0357142857143,427.0357142857143
2013-11-12,648.1428571428571,419.5
2013-11-19,652.3571428571429,417.64285714285717
2013-11-26,642.9285714285714,422.67857142857144
2013-12-03,625.1428571428571,425.2857142857143
2013-12-10,615.0714285714286,429.32142857142856
2013-12-17,607.8571428571429,430.2857142857143
2013-12-24,603.6071428571429,422.64285714285717
2013-12-31,584.0357142857143,425.85714285714283
2014-01-07,569.1071428571429,427.39285714285717
2014-01-14,564.6785714285714,427.5357142857143
2014-01-21,557.3928571428571,432.39285714285717
2014-01-28,578.4285714285714,442.35714285714283
2014-02-04,593.2857142857143,442.9642857142857
2014-02-11,610.8928571428571,451.89285714285717
2014-02-18,601.7142857142857,454.75
2014-02-25,640.5714285714286,477.82142857142856
2014-03-04,678.0,476.4642857142857
2014-03-11,695.1785714285714,481.2142857142857
2014-03-18,702.3571428571429,489.85714285714283
2014-03-25,676.7142857142857,501.5
2014-04-01,667.0357142857143,500.75
2014-04-08,690.5,497.60714285714283
2014-04-15,686.7857142857143,501.5
2014-04-22,706.1785714285714,503.25
2014-04-29,721.6428571428571,507.82142857142856
2014-05-06,683.9285714285714,490.0357142857143
2014-05-13,660.8571428571429,476.57142857142856
2014-05-20,635.2142857142857,469.57142857142856
2014-05-27,615.4642857142857,458.0
2014-06-03,592.3214285714286,446.07142857142856
2014-06-10,585.5714285714286,447.35714285714283
2014-06-17,580.6071428571429,442.89285714285717
2014-06-24,565.4642857142857,419.07142857142856
2014-07-01,530.1071428571429,403.0357142857143
2014-07-08,539.0,376.5357142857143
2014-07-15,532.5714285714286,362.4642857142857
2014-07-22,530.7142857142857,357.92857142857144
2014-07-29,553.3928571428571,356.14285714285717
2014-08-05,543.3571428571429,361.7857142857143
2014-08-12,547.1785714285714,363.07142857142856
2014-08-19,548.3571428571429,358.67857142857144
2014-08-26,533.8571428571429,347.32142857142856
2014-09-02,511.07142857142856,337.57142857142856
2014-09-09,486.89285714285717,337.32142857142856
2014-09-16,475.67857142857144,325.75
2014-09-23,482.57142857142856,322.89285714285717
2014-09-30,499.17857142857144,337.57142857142856
2014-10-07,512.2142857142857,349.5357142857143
2014-10-14,519.2857142857143,353.7142857142857
2014-10-21,532.1785714285714,372.42857142857144
2014-10-28,522.4642857142857,368.85714285714283
2014-11-04,545.7857142857143,378.89285714285717
2014-11-11,546.7857142857143,372.0357142857143
2014-11-18,564.2142857142857,375.07142857142856
2014-11-25,605.1071428571429,376.07142857142856
2014-12-02,613.7857142857143,388.82142857142856
2014-12-09,634.6785714285714,409.32142857142856
2014-12-16,616.6428571428571,412.2142857142857
2014-12-23,591.5357142857143,400.07142857142856
2014-12-30,574.0714285714286,400.32142857142856
2015-01-06,538.8928571428571,387.10714285714283
2015-01-13,532.8928571428571,387.0357142857143
2015-01-20,508.67857142857144,374.2857142857143
2015-01-27,517.75,383.07142857142856
2015-02-03,528.2142857142857,387.10714285714283
2015-02-10,522.0,386.57142857142856
2015-02-17,509.2857142857143,380.7857142857143
2015-02-24,492.67857142857144,380.39285714285717
2015-03-03,504.75,379.10714285714283
2015-03-10,518.6071428571429,379.0357142857143
2015-03-17,514.1428571428571,391.82142857142856
2015-03-24,530.7857142857143,385.5
2015-03-31,525.4642857142857,379.4642857142857
2015-04-07,495.42857142857144,376.5
2015-04-14,493.42857142857144,369.67857142857144
2015-04-21,470.85714285714283,361.0357142857143
2015-04-28,472.0357142857143,359.9642857142857
2015-05-05,495.89285714285717,361.25
2015-05-12,516.1071428571429,362.14285714285717
2015-05-19,488.0357142857143,353.2142857142857
2015-05-26,513.1071428571429,359.32142857142856
2015-06-02,512.75,357.57142857142856
2015-06-09,488.9642857142857,354.17857142857144
2015-06-16,537.0714285714286,375.07142857142856
2015-06-23,589.3928571428571,412.85714285714283
2015-06-30,579.5714285714286,421.92857142857144
2015-07-07,565.8928571428571,425.39285714285717
2015-07-14,518.7142857142857,399.2857142857143
2015-07-21,500.5357142857143,371.7142857142857
2015-07-28,504.7142857142857,370.85714285714283
2015-08-04,506.82142857142856,368.5357142857143
2015-08-11,499.39285714285717,366.2142857142857
2015-08-18,486.17857142857144,364.2142857142857
2015-08-25,467.0357142857143,352.85714285714283
2015-09-01,468.5,363.75
2015-09-08,487.2142857142857,381.0
2015-09-15,502.89285714285717,385.25
2015-09-22,511.42857142857144,388.57142857142856
2015-09-29,513.9642857142857,389.57142857142856
2015-10-06,501.89285714285717,378.57142857142856
2015-10-13,490.57142857142856,378.2857142857143
2015-10-20,515.0357142857143,381.0357142857143
2015-10-27,520.9642857142857,375.85714285714283
2015-11-03,496.07142857142856,360.67857142857144
2015-11-10,488.7142857142857,362.5357142857143
2015-11-17,476.42857142857144,363.0357142857143
2015-11-24,463.89285714285717,370.7142857142857
2015-12-01,478.82142857142856,372.35714285714283
2015-12-08,487.10714285714283,375.2142857142857
2015-12-15,470.0357142857143,365.9642857142857
2015-12-22,470.2857142857143,359.64285714285717
2015-12-29,469.4642857142857,354.5357142857143
2016-01-05,474.0357142857143,359.17857142857144
2016-01-12,474.4642857142857,368.2142857142857
2016-01-19,478.9642857142857,369.9642857142857
2016-01-26,471.92857142857144,368.64285714285717
2016-02-02,458.2857142857143,360.0
2016-02-09,462.5357142857143,364.42857142857144
2016-02-16,446.32142857142856,358.32142857142856
2016-02-23,449.10714285714283,354.14285714285717
2016-03-01,466.2142857142857,361.89285714285717
2016-03-08,467.2857142857143,367.57142857142856
2016-03-15,464.0357142857143,369.7142857142857
2016-03-22,473.2142857142857,360.57142857142856
2016-03-29,464.2142857142857,359.64285714285717
2016-04-05,457.17857142857144,371.7857142857143
2016-04-12,480.0,380.0
2016-04-19,476.39285714285717,385.39285714285717
2016-04-26,458.57142857142856,377.35714285714283
2016-05-03,457.35714285714283,378.7857142857143
2016-05-10,472.64285714285717,394.85714285714283
2016-05-17,473.9642857142857,406.64285714285717
2016-05-24,485.2857142857143,414.4642857142857
2016-05-31,504.4642857142857,425.9642857142857
2016-06-07,481.42857142857144,433.42857142857144
2016-06-14,458.39285714285717,393.0357142857143
2016-06-21,428.57142857142856,365.85714285714283
2016-06-28,417.9642857142857,345.35714285714283
2016-07-05,423.2142857142857,354.0357142857143
2016-07-12,422.0,339.35714285714283
2016-07-19,413.17857142857144,333.9642857142857
2016-07-26,409.82142857142856,324.07142857142856
2016-08-02,419.92857142857144,322.5357142857143
2016-08-09,425.64285714285717,331.2857142857143
2016-08-16,396.9642857142857,323.07142857142856
2016-08-23,368.9642857142857,311.10714285714283
2016-08-30,374.92857142857144,324.4642857142857
2016-09-06,392.0,330.25
2016-09-13,405.35714285714283,337.7142857142857
2016-09-20,401.17857142857144,332.7857142857143
2016-09-27,396.57142857142856,343.10714285714283
2016-10-04,411.10714285714283,347.7857142857143
2016-10-11,417.7857142857143,353.39285714285717
2016-10-18,408.32142857142856,353.42857142857144
2016-10-25,414.7142857142857,349.17857142857144
2016-11-01,407.2857142857143,345.0357142857143
2016-11-08,402.42857142857144,342.25
2016-11-15,401.10714285714283,350.0
2016-11-22,384.0,338.0357142857143
2016-11-29,393.7857142857143,350.7142857142857
2016-12-06,403.9642857142857,355.39285714285717
2016-12-13,397.89285714285717,347.89285714285717
2016-12-20,404.75,350.67857142857144
2016-12-27,418.42857142857144,357.5357142857143
2017-01-03,425.2857142857143,358.4642857142857
2017-01-10,428.39285714285717,366.35714285714283
2017-01-17,424.7142857142857,364.32142857142856
2017-01-24,427.67857142857144,364.14285714285717
2017-01-31,439.4642857142857,370.85714285714283
2017-02-07,446.75,372.39285714285717
2017-02-14,435.7142857142857,366.57142857142856
2017-02-21,430.32142857142856,371.39285714285717
2017-02-28,428.0,363.0357142857143
2017-03-07,429.2857142857143,362.89285714285717
2017-03-14,424.89285714285717,358.42857142857144
2017-03-21,424.4642857142857,360.32142857142856
2017-03-28,425.67857142857144,362.10714285714283
2017-04-04,430.60714285714283,369.5
2017-04-11,411.9642857142857,359.82142857142856
2017-04-18,412.57142857142856,359.89285714285717
2017-04-25,433.67857142857144,363.25
2017-05-02,423.5357142857143,360.85714285714283
2017-05-09,429.42857142857144,370.07142857142856
2017-05-16,434.5357142857143,372.5357142857143
2017-05-23,430.64285714285717,371.7142857142857
2017-05-30,442.35714285714283,383.42857142857144
2017-06-06,453.07142857142856,380.9642857142857
2017-06-13,463.5,364.2857142857143
2017-06-20,481.9642857142857,363.75
2017-06-27,525.3571428571429,380.67857142857144
2017-07-04,509.75,373.85714285714283
2017-07-11,502.32142857142856,380.67857142857144
2017-07-18,480.4642857142857,373.67857142857144
2017-07-25,459.7857142857143,365.89285714285717
2017-08-01,448.32142857142856,364.82142857142856
2017-08-08,421.67857142857144,353.85714285714283
2017-08-15,407.5,342.17857142857144
2017-08-22,411.14285714285717,337.32142857142856
2017-08-29,418.2142857142857,343.67857142857144
2017-09-05,432.5357142857143,347.14285714285717
2017-09-12,448.17857142857144,351.5
2017-09-19,452.7142857142857,354.0357142857143
2017-09-26,443.7142857142857,349.82142857142856
2017-10-03,436.2142857142857,350.2857142857143
2017-10-10,430.2857142857143,347.35714285714283
2017-10-17,431.9642857142857,350.25
2017-10-24,423.5,348.2857142857143
2017-10-31,429.75,345.14285714285717
2017-11-07,425.07142857142856,340.5
2017-11-14,419.92857142857144,343.89285714285717
2017-11-21,412.7857142857143,341.42857142857144
2017-11-28,397.85714285714283,339.60714285714283
2017-12-05,402.42857142857144,341.10714285714283
2017-12-12,423.5357142857143,350.14285714285717
2017-12-19,426.25,351.82142857142856
2017-12-26,431.82142857142856,351.67857142857144
2018-01-02,427.0,347.5357142857143
2018-01-09,421.7142857142857,350.92857142857144
2018-01-16,433.9642857142857,354.92857142857144
2018-01-23,449.92857142857144,361.14285714285717
2018-01-30,450.0357142857143,362.75
2018-02-06,459.35714285714283,367.32142857142856
2018-02-13,451.75,366.32142857142856
2018-02-20,484.10714285714283,374.85714285714283
2018-02-27,494.14285714285717,381.7142857142857
2018-03-06,479.0,384.0357142857143
2018-03-13,456.25,376.0357142857143
2018-03-20,450.39285714285717,381.7857142857143
2018-03-27,463.0,387.39285714285717
2018-04-03,481.2142857142857,387.7857142857143
2018-04-10,467.17857142857144,379.60714285714283
2018-04-17,483.92857142857144,385.82142857142856
2018-04-24,527.2857142857143,397.2857142857143
2018-05-01,503.2142857142857,392.5
2018-05-08,502.92857142857144,399.0357142857143
2018-05-15,531.2857142857143,405.4642857142857
2018-05-22,528.2142857142857,395.42857142857144
2018-05-29,517.3928571428571,378.89285714285717
2018-06-05,509.35714285714283,366.7857142857143
2018-06-12,489.2857142857143,356.10714285714283
2018-06-19,485.39285714285717,350.17857142857144
2018-06-26,500.7857142857143,345.9642857142857
2018-07-03,484.85714285714283,334.85714285714283
2018-07-10,504.7142857142857,350.32142857142856
2018-07-17,527.8214285714286,359.42857142857144
2018-07-24,555.3928571428571,368.64285714285717
2018-07-31,559.6428571428571,365.07142857142856
2018-08-07,547.3214285714286,362.60714285714283
2018-08-14,523.1071428571429,352.35714285714283
2018-08-21,510.9642857142857,346.14285714285717
2018-08-28,494.25,353.35714285714283
2018-09-04,484.4642857142857,342.7857142857143
2018-09-11,518.3571428571429,351.60714285714283
2018-09-18,515.0357142857143,360.10714285714283
2018-09-25,517.8571428571429,367.17857142857144
2018-10-02,514.1785714285714,369.17857142857144
2018-10-09,517.6071428571429,371.35714285714283
2018-10-16,502.7857142857143,367.4642857142857
2018-10-23,505.9642857142857,367.89285714285717
2018-10-30,506.17857142857144,371.75
2018-11-06,508.0357142857143,366.64285714285717
2018-11-13,499.42857142857144,360.57142857142856
2018-11-20,506.67857142857144,361.82142857142856
2018-11-27,516.8571428571429,373.39285714285717
2018-12-04,521.5357142857143,375.89285714285717
2018-12-11,522.2857142857143,378.0
2018-12-18,512.5714285714286,375.67857142857144
2018-12-25,511.14285714285717,379.2142857142857
2019-01-01,518.1071428571429,379.32142857142856
2019-01-08,515.5357142857143,378.42857142857144
2019-01-15,520.9285714285714,379.60714285714283
2019-01-22,519.7142857142857,378.5
2019-01-29,520.5714285714286,377.0357142857143
2019-02-05,511.4642857142857,375.5357142857143
2019-02-12,488.7857142857143,373.7857142857143
2019-02-19,457.5,364.92857142857144
2019-02-26,438.75,359.10714285714283
2019-03-05,449.10714285714283,363.92857142857144
2019-03-12,463.2142857142857,375.0357142857143
2019-03-19,463.7142857142857,367.75
2019-03-26,467.39285714285717,362.67857142857144
2019-04-02,462.39285714285717,360.67857142857144
2019-04-09,446.92857142857144,359.14285714285717
2019-04-16,435.2142857142857,350.57142857142856
2019-04-23,426.7857142857143,359.4642857142857
2019-04-30,424.07142857142856,348.7142857142857
2019-05-07,454.4642857142857,372.32142857142856
2019-05-14,481.2142857142857,397.17857142857144
2019-05-21,501.17857142857144,422.92857142857144
2019-05-28,505.89285714285717,418.85714285714283
2019-06-04,528.9642857142857,439.2142857142857
2019-06-11,528.25,446.0357142857143
2019-06-18,535.5714285714286,434.0357142857143
2019-06-25,515.8928571428571,427.64285714285717
2019-07-02,526.1785714285714,442.9642857142857
2019-07-09,503.10714285714283,432.7142857142857
2019-07-16,494.25,419.10714285714283
2019-07-23,490.85714285714283,402.82142857142856
2019-07-30,494.82142857142856,408.2142857142857
2019-08-06,471.25,369.14285714285717
2019-08-13,468.7142857142857,361.35714285714283
2019-08-20,463.2142857142857,358.85714285714283
2019-08-27,457.07142857142856,346.82142857142856
2019-09-03,482.7857142857143,351.2142857142857
2019-09-10,486.17857142857144,371.17857142857144
2019-09-17,484.0,372.75
2019-09-24,491.9642857142857,387.32142857142856
2019-10-01,500.9642857142857,392.92857142857144
2019-10-08,521.9285714285714,392.92857142857144
2019-10-15,518.7857142857143,387.14285714285717
2019-10-22,512.75,388.39285714285717
2019-10-29,512.1428571428571,378.67857142857144
2019-11-05,506.82142857142856,373.67857142857144
2019-11-12,512.7857142857143,368.4642857142857
2019-11-19,537.25,368.17857142857144
2019-11-26,534.0357142857143,368.4642857142857
2019-12-03,536.3571428571429,364.64285714285717
2019-12-10,546.6071428571429,387.82142857142856
2019-12-17,548.4642857142857,388.89285714285717
2019-12-24,556.75,387.82142857142856
2019-12-31,558.3928571428571,384.85714285714283
2020-01-07,568.6785714285714,387.0357142857143
2020-01-14,575.8214285714286,388.7142857142857
2020-01-21,560.8571428571429,382.07142857142856
2020-01-28,558.1785714285714,381.64285714285717
2020-02-04,544.8571428571429,379.60714285714283
2020-02-11,555.3928571428571,378.67857142857144
2020-02-18,533.1071428571429,368.4642857142857
2020-02-25,523.5,379.9642857142857
2020-03-03,516.9642857142857,373.64285714285717
2020-03-10,522.6071428571429,344.39285714285717
2020-03-17,569.5357142857143,346.57142857142856
2020-03-24,554.0,334.64285714285717
2020-03-31,554.1785714285714,330.89285714285717
2020-04-07,539.1785714285714,323.32142857142856
2020-04-14,537.9642857142857,315.35714285714283
2020-04-21,523.0714285714286,308.39285714285717
2020-04-28,527.4285714285714,315.5
2020-05-05,509.75,320.07142857142856
2020-05-12,507.39285714285717,319.0357142857143
2020-05-19,513.8214285714286,323.17857142857144
2020-05-26,514.9642857142857,327.75
2020-06-02,503.92857142857144,329.60714285714283
2020-06-09,488.10714285714283,331.0
2020-06-16,480.14285714285717,320.82142857142856
2020-06-23,490.60714285714283,340.42857142857144
2020-06-30,518.9642857142857,344.64285714285717
2020-07-07,534.25,332.0357142857143
2020-07-14,533.1785714285714,326.4642857142857
2020-07-21,529.6071428571429,317.75
2020-07-28,503.9642857142857,310.17857142857144
2020-08-04,496.2857142857143,319.32142857142856
2020-08-11,519.6071428571429,326.92857142857144
2020-08-18,534.3214285714286,342.17857142857144
2020-08-25,544.3214285714286,347.7142857142857
2020-09-01,535.4642857142857,357.2142857142857
2020-09-08,558.5714285714286,372.2857142857143
2020-09-15,549.1785714285714,366.67857142857144
2020-09-22,566.8214285714286,376.07142857142856
2020-09-29,594.4285714285714,389.32142857142856
2020-10-06,611.2857142857143,398.07142857142856
2020-10-13,629.9642857142857,414.5357142857143
2020-10-20,606.25,404.17857142857144
2020-10-27,605.25,404.75
2020-11-03,596.1071428571429,412.5
2020-11-10,594.6428571428571,422.07142857142856
2020-11-17,596.5714285714286,424.10714285714283
2020-11-24,570.7142857142857,418.14285714285717
2020-12-01,589.5714285714286,421.64285714285717
2020-12-08,603.6071428571429,430.89285714285717
2020-12-15,623.7142857142857,447.82142857142856
2020-12-22,633.6428571428571,476.14285714285717
2020-12-29,643.1428571428571,493.32142857142856
2021-01-05,665.25,523.25
2021-01-12,654.25,515.0357142857143
2021-01-19,658.2857142857143,536.1785714285714
2021-01-26,643.6071428571429,548.5357142857143
2021-02-02,640.6428571428571,544.5357142857143
2021-02-09,650.4285714285714,546.0714285714286
2021-02-16,663.8214285714286,555.0357142857143
2021-02-23,652.9642857142857,555.8214285714286
2021-03-02,640.75,553.9285714285714
2021-03-09,634.7857142857143,554.5
2021-03-16,619.8571428571429,551.0714285714286
2021-03-23,611.5,555.6071428571429
2021-03-30,627.8214285714286,568.5
2021-04-06,645.2857142857143,584.2142857142857
2021-04-13,689.4642857142857,634.4285714285714
2021-04-20,737.6428571428571,712.0357142857143
2021-04-27,757.5714285714286,758.2857142857143
2021-05-04,737.8928571428571,719.8571428571429
2021-05-11,682.1428571428571,658.8571428571429
2021-05-18,662.0,648.1071428571429
2021-05-25,683.4285714285714,675.8214285714286
2021-06-01,681.8928571428571,686.0714285714286
2021-06-08,660.8571428571429,656.9285714285714
2021-06-15,648.0,649.4285714285714
2021-06-22,650.4285714285714,700.2142857142857
2021-06-29,616.8928571428571,647.5714285714286
2021-07-06,665.4642857142857,608.7857142857143
2021-07-13,693.3214285714286,557.9642857142857
2021-07-20,693.8214285714286,549.5357142857143
2021-07-27,720.1428571428571,553.6785714285714
2021-08-03,743.6428571428571,561.0714285714286
2021-08-10,728.9285714285714,550.1428571428571
2021-08-17,718.5357142857143,551.5
2021-08-24,709.1428571428571,518.5714285714286
2021-08-31,689.7142857142857,500.89285714285717
2021-09-07,701.5714285714286,520.6428571428571
2021-09-14,712.25,524.8214285714286
2021-09-21,732.8928571428571,538.8928571428571
2021-09-28,741.5,533.7142857142857
2021-10-05,730.1785714285714,523.1071428571429
2021-10-12,747.25,535.5
2021-10-19,766.0357142857143,558.0357142857143
2021-10-26,777.5714285714286,562.0357142857143
2021-11-02,801.8571428571429,568.1071428571429
2021-11-09,821.1071428571429,572.5714285714286
2021-11-16,835.9642857142857,582.4285714285714
2021-11-23,792.8214285714286,579.2857142857143
2021-11-30,786.7142857142857,586.9285714285714
2021-12-07,774.6428571428571,589.9642857142857
2021-12-14,807.1071428571429,602.1071428571429
2021-12-21,781.0357142857143,600.1071428571429
2021-12-28,758.6071428571429,603.5714285714286
2022-01-04,751.6071428571429,596.5714285714286
2022-01-11,776.75,609.4285714285714
2022-01-18,792.75,628.75
2022-01-25,760.9642857142857,623.0714285714286
2022-02-01,785.3214285714286,644.1428571428571
2022-02-08,792.6428571428571,650.5
2022-02-15,853.1785714285714,669.4642857142857
2022-02-22,1188.75,742.4285714285714
2022-03-01,1177.357142857143,755.7142857142857
2022-03-08,1086.107142857143,742.2857142857143
2022-03-15,1105.107142857143,753.8928571428571
2022-03-22,1008.2857142857143,738.0714285714286
2022-03-29,1038.3214285714287,761.5357142857143
2022-04-05,1097.7857142857142,783.6071428571429
2022-04-12,1081.7142857142858,801.6071428571429
2022-04-19,1061.5,812.8214285714286
2022-04-26,1075.75,798.9642857142857
2022-05-03,1135.9285714285713,795.75
2022-05-10,1208.9285714285713,787.3214285714286
2022-05-17,1158.392857142857,775.2857142857143
2022-05-24,1066.357142857143,739.0357142857143
2022-05-31,1074.7142857142858,765.25
2022-06-07,1050.3214285714287,779.0357142857143
2022-06-14,956.3571428571429,758.6785714285714
2022-06-21,871.8928571428571,754.4642857142857
2022-06-28,839.9285714285714,759.5
2022-07-05,795.4285714285714,680.25
2022-07-12,789.6785714285714,581.3928571428571
2022-07-19,800.6071428571429,605.8571428571429
2022-07-26,778.3571428571429,603.25
2022-08-02,798.5357142857143,627.6785714285714
2022-08-09,763.0357142857143,621.5
2022-08-16,781.75,660.4285714285714
2022-08-23,797.3928571428571,671.7857142857143
2022-08-30,827.1071428571429,685.2142857142857
2022-09-06,851.7142857142857,691.3571428571429
2022-09-13,882.8928571428571,682.0357142857143
2022-09-20,899.0714285714286,672.3214285714286
2022-09-27,890.9642857142857,681.8571428571429
2022-10-04,884.6785714285714,693.0357142857143
2022-10-11,850.4642857142857,682.7857142857143
2022-10-18,834.3214285714286,682.4642857142857
2022-10-25,859.2142857142857,685.5714285714286
2022-11-01,817.8214285714286,662.1428571428571
2022-11-08,811.5357142857143,665.7142857142857
2022-11-15,786.3214285714286,663.8214285714286
2022-11-22,750.9285714285714,650.2142857142857
2022-11-29,715.7857142857143,631.1785714285714
2022-12-06,743.9642857142857,648.0714285714286
2022-12-13,765.2857142857143,660.1071428571429
2022-12-20,783.7142857142857,676.9642857142857
2022-12-27,755.75,659.6428571428571
2023-01-03,740.9285714285714,665.6785714285714
2023-01-10,742.4285714285714,678.2142857142857
2023-01-17,742.6071428571429,678.5
2023-01-24,757.8214285714286,678.8928571428571
2023-01-31,768.5714285714286,677.6785714285714
2023-02-07,772.6785714285714,678.9642857142857
2023-02-14,730.7857142857143,663.2142857142857
2023-02-21,696.1428571428571,640.8928571428571
2023-02-28,670.7857142857143,630.3214285714286
2023-03-07,698.8571428571429,630.5714285714286
2023-03-14,682.1428571428571,636.75
2023-03-21,695.9285714285714,653.8571428571429
2023-03-28,681.2857142857143,648.3214285714286
2023-04-04,678.0714285714286,658.8571428571429
2023-04-11,675.6071428571429,668.5357142857143
2023-04-18,626.2142857142857,639.1785714285714
2023-04-25,628.2857142857143,647.0
2023-05-02,626.7857142857143,639.5
2023-05-09,622.9285714285714,564.8571428571429
2023-05-16,612.4285714285714,591.2142857142857
2023-05-23,609.8571428571429,601.6428571428571
2023-05-30,626.5,604.6785714285714
2023-06-06,660.8214285714286,625.9285714285714
2023-06-13,722.4285714285714,643.9642857142857
2023-06-20,660.9642857142857,584.9642857142857
2023-06-27,640.6428571428571,558.7142857142857
2023-07-04,637.0,583.5714285714286
2023-07-11,695.9642857142857,527.3928571428571
2023-07-18,723.3214285714286,536.3571428571429
2023-07-25,640.5714285714286,488.9642857142857
2023-08-01,638.1071428571429,479.39285714285717
2023-08-08,605.9285714285714,474.39285714285717
2023-08-15,599.6071428571429,470.92857142857144
2023-08-22,572.8571428571429,466.42857142857144
2023-08-29,570.6071428571429,469.07142857142856
2023-09-05,580.7857142857143,469.9642857142857
2023-09-12,582.6071428571429,476.7142857142857
2023-09-19,565.8214285714286,480.42857142857144
2023-09-26,568.0357142857143,490.82142857142856
2023-10-03,571.1428571428571,491.07142857142856
2023-10-10,582.8571428571429,494.64285714285717
2023-10-17,577.4642857142857,482.25
2023-10-24,566.7142857142857,476.25
2023-10-31,577.8214285714286,468.82142857142856
2023-11-07,559.6071428571429,471.7142857142857
2023-11-14,550.8928571428571,466.67857142857144
2023-11-21,562.1785714285714,458.85714285714283
2023-11-28,614.75,465.57142857142856
2023-12-05,609.3214285714286,469.35714285714283
2023-12-12,615.8571428571429,473.0
2023-12-19,627.2857142857143,473.9642857142857
2023-12-26,613.7857142857143,464.14285714285717
2024-01-02,601.25,453.2142857142857
2024-01-09,589.3928571428571,444.75
2024-01-16,602.3928571428571,447.85714285714283
2024-01-23,599.2857142857143,444.5357142857143
2024-01-30,595.1428571428571,433.7142857142857
2024-02-06,575.5714285714286,421.82142857142856
2024-02-13,575.75,407.35714285714283
2024-02-20,570.25,411.57142857142856
2024-02-27,533.0714285714286,421.9642857142857
2024-03-05,530.0357142857143,430.92857142857144
2024-03-12,550.1785714285714,439.0
2024-03-19,555.2857142857143,437.85714285714283
2024-03-26,559.4642857142857,433.10714285714283
2024-04-02,557.3928571428571,433.75
2024-04-09,546.5714285714286,431.42857142857144
2024-04-16,594.5357142857143,440.2142857142857
2024-04-23,594.4642857142857,445.0
2024-04-30,632.8571428571429,452.32142857142856
2024-05-07,658.5714285714286,455.60714285714283
2024-05-14,695.5714285714286,462.57142857142856
2024-05-21,686.6785714285714,452.85714285714283
2024-05-28,642.8214285714286,446.2142857142857
2024-06-04,615.6071428571429,452.0
2024-06-11,573.25,441.2142857142857
2024-06-18,550.8214285714286,412.07142857142856
2024-06-25,565.2142857142857,405.85714285714283
2024-07-02,545.5714285714286,400.85714285714283
2024-07-09,538.0,392.42857142857144
2024-07-16,535.1428571428571,399.42857142857144
2024-07-23,533.0357142857143,387.0357142857143
2024-07-30,540.8571428571429,381.75
2024-08-06,531.2142857142857,375.5
2024-08-13,514.1071428571429,371.89285714285717
2024-08-20,520.5357142857143,371.4642857142857
2024-08-27,552.9642857142857,385.17857142857144
2024-09-03,564.9642857142857,386.10714285714283
2024-09-10,571.5714285714286,406.7142857142857
2024-09-17,582.0,415.39285714285717
2024-09-24,595.8571428571429,426.9642857142857
2024-10-01,598.1428571428571,419.07142857142856
2024-10-08,579.6428571428571,405.0357142857143
2024-10-15,573.6071428571429,416.0357142857143
2024-10-22,568.1428571428571,412.89285714285717
2024-10-29,571.9285714285714,425.9642857142857
2024-11-05,542.6428571428571,425.14285714285717
2024-11-12,547.2857142857143,427.14285714285717
2024-11-19,535.3571428571429,420.75
2024-11-26,540.9285714285714,426.92857142857144
2024-12-03,535.0,433.4642857142857
2024-12-10,538.3214285714286,443.60714285714283
2024-12-17,541.5,451.5
2024-12-24,540.6785714285714,454.42857142857144
2024-12-31,535.0714285714286,462.4642857142857
2025-01-07,541.7142857142857,479.57142857142856
2025-01-14,548.2142857142857,486.82142857142856
2025-01-21,555.4642857142857,485.7857142857143
2025-01-28,578.8571428571429,490.60714285714283
2025-02-04,586.9285714285714,492.57142857142856
2025-02-11,593.1785714285714,495.35714285714283
2025-02-18,553.6428571428571,466.5357142857143
2025-02-25,531.3571428571429,447.39285714285717
2025-03-04,544.2142857142857,450.57142857142856
2025-03-11,561.2857142857143,463.35714285714283
2025-03-18,534.7857142857143,454.75
2025-03-25,534.25,459.2857142857143
2025-04-01,546.2857142857143,480.17857142857144
2025-04-08,547.4642857142857,482.7857142857143
2025-04-15,531.6428571428571,477.57142857142856
2025-04-22,518.4285714285714,464.4642857142857
2025-04-29,511.5357142857143,442.64285714285717
2025-05-06,516.7142857142857,441.9642857142857
2025-05-13,542.3214285714286,457.7857142857143
2025-05-20,533.8928571428571,449.85714285714283
2025-05-27,546.8571428571429,440.35714285714283
2025-06-03,538.3571428571429,440.17857142857144
2025-06-10,562.4642857142857,431.35714285714283
2025-06-17,530.2857142857143,415.39285714285717
2025-06-24,544.7142857142857,427.9642857142857
2025-07-01,542.5714285714286,408.25
2025-07-08,540.7857142857143,406.67857142857144
2025-07-15,541.2142857142857,400.25
2025-07-22,523.6428571428571,391.0357142857143
2025-07-29,513.6071428571429,383.0
2025-08-05,507.17857142857144,379.5357142857143
2025-08-12,504.0,384.92857142857144
2025-08-19,511.82142857142856,391.25
2025-08-26,505.75,399.35714285714283
2025-09-02,501.89285714285717,399.64285714285717
2025-09-09,525.5714285714286,425.0357142857143
2025-09-16,519.5714285714286,423.42857142857144
2025-09-23,513.8928571428571,418.89285714285717
2025-09-30,504.10714285714283,417.25
2025-10-07,501.35714285714283,418.5357142857143
2025-10-14,508.4642857142857,423.39285714285717
2025-10-21,530.5,431.35714285714283
2025-10-28,538.1785714285714,430.2142857142857
2025-11-04,532.1785714285714,432.75
2025-11-11,533.6428571428571,429.17857142857144
2025-11-18,528.6428571428571,431.0357142857143
2025-11-25,537.0357142857143,435.75
2025-12-02,534.5,434.5
2025-12-09,510.5,441.7857142857143
2025-12-16,519.0,449.5
2025-12-23,508.17857142857144,439.39285714285717
2025-12-30,515.8214285714286,445.5
2026-01-06,514.1071428571429,422.5357142857143
2026-01-13,520.0,426.5357142857143
2026-01-20,533.8928571428571,428.60714285714283
2026-01-27,529.6785714285714,429.92857142857144
2026-02-03,541.8571428571429,430.2142857142857
2026-02-10,559.0714285714286,427.60714285714283
2026-02-17,578.3214285714286,433.60714285714283
2026-02-24,590.0,440.25
2026-03-03,602.7142857142857,446.25
2026-03-10,597.8571428571429,462.5
2026-03-17,599.3571428571429,463.17857142857144
2026-03-24,601.9642857142857,453.82142857142856
2026-03-31,580.1428571428571,445.32142857142856
2026-04-07,591.4642857142857,447.0357142857143
2026-04-14,605.25,454.35714285714283
2026-04-21,630.0,466.0
2026-04-28,610.8928571428571,459.07142857142856
2026-05-05,643.7857142857143,459.0357142857143
2026-05-12,654.0714285714286,467.14285714285717
2026-05-19,622.8214285714286,452.75
2026-05-26,588.6785714285714,427.57142857142856
2026-06-02,585.1785714285714,415.32142857142856
2026-06-09,603.0714285714286,417.17857142857144
2026-06-16,585.1071428571429,411.60714285714283
2026-06-23,586.3214285714286,419.39285714285717
2026-06-30,617.4285714285714,437.10714285714283
2026-07-07,665.5357142857143,442.10714285714283
2026-07-14,673.625,460.625
