asset_id,sequence_id,cycle_id,cycle_index,rows,start_time,end_time,duration_h,observed_h_from_rows,median_dt_min,production_rows,production_row_pct,cip_rows,maintenance_rows,informative_row_pct,low_info_prod_pct,informative_within_production_pct,low_info_within_production_pct,max_stage,stage_mode,start_severity,end_severity,max_severity,severity_increase,fouling_onset_events,clog_onset_events,clog_rows,has_unplanned_horizon,phase_set,last_maintenance_type_mode,maintenance_events,planned_maint_events,unplanned_maint_events,maintenance_duration_min,maintenance_types,fault_types
asset_00,asset_00_C00001,asset_00_C00001,1,1570,2026-01-01 05:57:00+00:00,2026-01-02 08:06:00+00:00,26.15,26.166666666666668,1.0,1524,97.07006369426752,46,0,19.61783439490446,80.38216560509555,17.191601049868765,82.80839895013123,2,stable,4.69436e-05,4.25699e-05,0.0012155,-4.373700000000002e-06,1,0,0,0,"CIP_acid,CIP_alkaline,production",none,1,1,0,46.0,scheduled_CIP,preventive
asset_00,asset_00_C00002,asset_00_C00002,2,767,2026-01-03 01:59:00+00:00,2026-01-03 14:45:00+00:00,12.766666666666667,12.783333333333333,1.0,716,93.35071707953064,37,14,34.02868318122555,65.97131681877445,29.329608938547487,70.6703910614525,2,stable,4.25804e-05,9.91593e-05,0.001224302,5.6578899999999995e-05,1,1,18,1,"CIP_acid,CIP_alkaline,maintenance,production",scheduled_CIP,2,1,1,51.0,"scheduled_CIP,unclog","clogging,preventive"
asset_00,asset_00_C00003,asset_00_C00003,3,797,2026-01-03 20:01:00+00:00,2026-01-04 09:17:00+00:00,13.266666666666667,13.283333333333333,1.0,752,94.35382685069008,45,0,25.59598494353827,74.40401505646173,21.143617021276594,78.8563829787234,2,stable,9.91599e-05,4.38964e-05,0.0016830816,-5.52635e-05,1,0,0,0,"CIP_acid,CIP_alkaline,production",scheduled_CIP,1,1,0,45.0,scheduled_CIP,preventive
asset_00,asset_00_C00004,asset_00_C00004,4,1092,2026-01-05 09:33:00+00:00,2026-01-06 03:44:00+00:00,18.183333333333334,18.2,1.0,1054,96.52014652014653,38,0,18.04029304029304,81.95970695970696,15.085388994307399,84.91461100569259,2,stable,4.38972e-05,0.0001023789,0.0017541303,5.84817e-05,1,0,0,0,"CIP_acid,CIP_alkaline,production",scheduled_CIP,1,1,0,38.0,scheduled_CIP,preventive
asset_00,asset_00_C00005,asset_00_C00005,5,1200,2026-01-06 21:06:00+00:00,2026-01-07 17:05:00+00:00,19.983333333333334,20.0,1.0,1159,96.58333333333333,41,0,28.583333333333332,71.41666666666666,26.056945642795515,73.94305435720449,2,stable,0.0001023795,5.26741e-05,0.001773233,-4.97054e-05,1,0,0,0,"CIP_acid,CIP_alkaline,production",scheduled_CIP,1,1,0,41.0,scheduled_CIP,preventive
asset_00,asset_00_C00006,asset_00_C00006,6,628,2026-01-08 07:50:00+00:00,2026-01-08 18:17:00+00:00,10.45,10.466666666666667,1.0,585,93.15286624203821,43,0,45.54140127388535,54.45859872611465,41.53846153846154,58.46153846153847,2,stable,5.26823e-05,4.01557e-05,0.0013734421,-1.2526600000000003e-05,1,0,0,0,"CIP_acid,CIP_alkaline,production",scheduled_CIP,1,1,0,43.0,scheduled_CIP,preventive
asset_00,asset_00_C00007,asset_00_C00007,7,782,2026-01-09 18:26:00+00:00,2026-01-10 07:27:00+00:00,13.016666666666667,13.033333333333333,1.0,729,93.22250639386189,53,0,46.03580562659847,53.96419437340153,42.11248285322359,57.8875171467764,2,stable,4.01585e-05,3.91426e-05,0.0012286942,-1.0158999999999982e-06,1,0,0,0,"CIP_acid,CIP_alkaline,production",scheduled_CIP,1,1,0,53.0,scheduled_CIP,preventive
asset_00,asset_00_C00008,asset_00_C00008,8,1637,2026-01-11 05:31:00+00:00,2026-01-12 08:47:00+00:00,27.266666666666666,27.283333333333335,1.0,1579,96.45693341478314,44,14,25.595601710445937,74.40439828955407,22.86257124762508,77.13742875237493,2,stable,3.91432e-05,4.29267e-05,0.0018734885,3.783499999999995e-06,1,1,18,1,"CIP_acid,CIP_alkaline,maintenance,production",scheduled_CIP,2,1,1,58.0,"scheduled_CIP,unclog","clogging,preventive"
asset_00,asset_00_C00009,asset_00_C00009,9,1355,2026-01-12 20:16:00+00:00,2026-01-13 18:50:00+00:00,22.566666666666666,22.583333333333332,1.0,1315,97.0479704797048,40,0,9.52029520295203,90.47970479704797,6.768060836501902,93.2319391634981,2,stable,4.29269e-05,8.585e-05,0.0014633335,4.29231e-05,1,0,0,0,"CIP_acid,CIP_alkaline,production",scheduled_CIP,1,1,0,40.0,scheduled_CIP,preventive
asset_00,asset_00_C00010,asset_00_C00010,10,1474,2026-01-14 13:37:00+00:00,2026-01-15 14:10:00+00:00,24.55,24.566666666666666,1.0,1433,97.21845318860244,41,0,22.25237449118046,77.74762550881954,20.02791346824843,79.97208653175157,2,stable,8.58505e-05,4.91264e-05,0.0016907002,-3.6724099999999996e-05,1,0,0,0,"CIP_acid,CIP_alkaline,production",scheduled_CIP,1,1,0,41.0,scheduled_CIP,preventive
asset_00,asset_00_C00011,asset_00_C00011,11,997,2026-01-15 20:49:00+00:00,2026-01-16 13:25:00+00:00,16.6,16.616666666666667,1.0,947,94.98495486459377,35,15,16.850551654964896,83.1494483450351,12.460401267159451,87.53959873284055,2,stable,4.91273e-05,8.32918e-05,0.0014301391,3.41645e-05,1,1,21,1,"CIP_acid,CIP_alkaline,maintenance,production",scheduled_CIP,2,1,1,50.0,"scheduled_CIP,unclog","clogging,preventive"
asset_00,asset_00_C00012,asset_00_C00012,12,452,2026-01-16 19:13:00+00:00,2026-01-17 02:44:00+00:00,7.516666666666667,7.533333333333333,1.0,420,92.92035398230088,32,0,42.92035398230089,57.07964601769911,38.57142857142858,61.42857142857143,2,stable,8.33035e-05,0.0001242507,0.0020792563,4.09472e-05,1,0,0,0,"CIP_acid,CIP_alkaline,production",scheduled_CIP,1,1,0,32.0,scheduled_CIP,preventive
asset_00,asset_00_C00013,asset_00_C00013,13,787,2026-01-17 23:45:00+00:00,2026-01-18 12:51:00+00:00,13.1,13.116666666666667,1.0,748,95.04447268106735,39,0,20.96569250317662,79.03430749682337,16.844919786096256,83.15508021390374,2,stable,0.0001242517,0.0001471388,0.0016240598,2.2887100000000007e-05,1,0,0,0,"CIP_acid,CIP_alkaline,production",scheduled_CIP,1,1,0,39.0,scheduled_CIP,preventive
asset_00,asset_00_C00014,asset_00_C00014,14,689,2026-01-19 00:03:00+00:00,2026-01-19 11:31:00+00:00,11.466666666666667,11.483333333333333,1.0,615,89.25979680696662,44,30,73.29462989840349,26.705370101596515,70.08130081300813,29.91869918699187,2,advanced,0.0001471708,4.51407e-05,0.0018352378,-0.00010203009999999999,1,1,22,1,"CIP_acid,CIP_alkaline,maintenance,production",scheduled_CIP,2,1,1,74.0,"scheduled_CIP,unclog","clogging,preventive"
asset_00,asset_00_C00015,asset_00_C00015,15,1498,2026-01-19 21:07:00+00:00,2026-01-20 22:04:00+00:00,24.95,24.966666666666665,1.0,1416,94.5260347129506,46,36,31.775700934579437,68.22429906542055,27.82485875706215,72.17514124293785,2,stable,4.51413e-05,3.44621e-05,0.0019264518,-1.0679199999999998e-05,1,1,20,1,"CIP_acid,CIP_alkaline,maintenance,production",scheduled_CIP,2,1,1,82.0,"scheduled_CIP,unclog","clogging,preventive"
asset_00,asset_00_C00016,asset_00_C00016,16,1529,2026-01-21 11:06:00+00:00,2026-01-22 12:34:00+00:00,25.466666666666665,25.483333333333334,1.0,1459,95.42184434270766,46,24,22.3675604970569,77.6324395029431,18.64290610006854,81.35709389993147,2,stable,3.44623e-05,2.12819e-05,0.0012625063,-1.3180399999999997e-05,1,1,10,1,"CIP_acid,CIP_alkaline,maintenance,production",scheduled_CIP,2,1,1,70.0,"scheduled_CIP,unclog","clogging,preventive"
asset_00,asset_00_C00017,asset_00_C00017,17,928,2026-01-22 19:13:00+00:00,2026-01-23 10:40:00+00:00,15.45,15.466666666666667,1.0,884,95.25862068965517,44,0,18.857758620689655,81.14224137931035,14.819004524886878,85.18099547511312,2,stable,2.12831e-05,5.00984e-05,0.0012155,2.8815300000000002e-05,1,0,0,0,"CIP_acid,CIP_alkaline,production",scheduled_CIP,1,1,0,44.0,scheduled_CIP,preventive
asset_00,asset_00_C00018,asset_00_C00018,18,1322,2026-01-24 00:47:00+00:00,2026-01-24 22:48:00+00:00,22.016666666666666,22.033333333333335,1.0,1281,96.89863842662632,41,0,14.22087745839637,85.77912254160364,11.475409836065573,88.52459016393442,2,stable,5.00986e-05,6.95641e-05,0.0012155,1.9465499999999992e-05,1,0,0,0,"CIP_acid,CIP_alkaline,production",scheduled_CIP,1,1,0,41.0,scheduled_CIP,preventive
asset_01,asset_01_C00001,asset_01_C00001,1,967,2026-01-01 03:54:00+00:00,2026-01-01 20:00:00+00:00,16.1,16.116666666666667,1.0,930,96.17373319544984,37,0,28.541882109617372,71.45811789038262,25.6989247311828,74.3010752688172,2,stable,6.30002e-05,0.0002688357,0.002491023,0.0002058355,1,0,0,0,"CIP_acid,CIP_alkaline,production",none,1,1,0,37.0,scheduled_CIP,preventive
asset_01,asset_01_C00002,asset_01_C00002,2,1483,2026-01-02 07:18:00+00:00,2026-01-03 08:00:00+00:00,24.7,24.716666666666665,1.0,1441,97.16790289952799,0,42,50.101146325016856,49.89885367498314,48.64677307425399,51.35322692574601,2,stable,0.0002688371,9.43167e-05,0.0028631459,-0.00017452039999999998,1,0,0,1,"maintenance,production",scheduled_CIP,1,0,1,42.0,CIP_extra,fouling
asset_01,asset_01_C00003,asset_01_C00003,3,1298,2026-01-04 02:48:00+00:00,2026-01-05 00:25:00+00:00,21.616666666666667,21.633333333333333,1.0,1263,97.30354391371341,35,0,18.7211093990755,81.2788906009245,16.468725257323833,83.53127474267616,2,stable,9.43171e-05,0.0001810646,0.0013748337,8.67475e-05,1,0,0,0,"CIP_acid,CIP_alkaline,production",CIP_extra,1,1,0,35.0,scheduled_CIP,preventive
asset_01,asset_01_C00004,asset_01_C00004,4,1248,2026-01-05 22:34:00+00:00,2026-01-06 19:21:00+00:00,20.783333333333335,20.8,1.0,1208,96.7948717948718,40,0,20.993589743589745,79.00641025641025,18.37748344370861,81.62251655629139,2,stable,0.0001810649,9.31508e-05,0.0019849092,-8.791409999999999e-05,1,0,0,0,"CIP_acid,CIP_alkaline,production",scheduled_CIP,1,1,0,40.0,scheduled_CIP,preventive
asset_01,asset_01_C00005,asset_01_C00005,5,1486,2026-01-06 23:26:00+00:00,2026-01-08 00:11:00+00:00,24.75,24.766666666666666,1.0,1431,96.29878869448183,38,17,31.35935397039031,68.64064602960968,28.721174004192875,71.27882599580713,2,stable,9.31514e-05,0.0001638376,0.0025327824,7.06862e-05,1,1,18,1,"CIP_acid,CIP_alkaline,maintenance,production",scheduled_CIP,2,1,1,55.0,"scheduled_CIP,unclog","clogging,preventive"
asset_01,asset_01_C00006,asset_01_C00006,6,1398,2026-01-08 08:27:00+00:00,2026-01-09 07:44:00+00:00,23.283333333333335,23.3,1.0,1356,96.99570815450643,0,42,29.25608011444921,70.74391988555078,27.064896755162245,72.93510324483776,2,stable,0.0001638383,0.0001411,0.0026463216,-2.2738300000000006e-05,1,0,0,1,"maintenance,production",scheduled_CIP,1,0,1,42.0,CIP_extra,fouling
asset_01,asset_01_C00007,asset_01_C00007,7,1169,2026-01-09 18:52:00+00:00,2026-01-10 14:20:00+00:00,19.466666666666665,19.483333333333334,1.0,1129,96.57827202737383,40,0,14.029084687767323,85.97091531223268,10.983170947741364,89.01682905225864,2,stable,0.0001411004,0.0001387273,0.001649507,-2.3730999999999926e-06,1,0,0,0,"CIP_acid,CIP_alkaline,production",CIP_extra,1,1,0,40.0,scheduled_CIP,preventive
asset_01,asset_01_C00008,asset_01_C00008,8,1462,2026-01-11 00:16:00+00:00,2026-01-12 00:37:00+00:00,24.35,24.366666666666667,1.0,1427,97.60601915184678,35,0,43.296853625171,56.703146374829004,41.906096706377014,58.093903293622986,2,stable,0.0001387284,0.0001442732,0.0018204671,5.544800000000015e-06,1,0,0,0,"CIP_acid,CIP_alkaline,production",scheduled_CIP,1,1,0,35.0,scheduled_CIP,preventive
asset_01,asset_01_C00009,asset_01_C00009,9,783,2026-01-12 20:44:00+00:00,2026-01-13 09:46:00+00:00,13.033333333333333,13.05,1.0,712,90.93231162196679,37,34,39.20817369093231,60.79182630906769,33.146067415730336,66.85393258426966,2,stable,0.0001442748,0.0001393828,0.0023580266,-4.89200000000002e-06,1,1,28,1,"CIP_acid,CIP_alkaline,maintenance,production",scheduled_CIP,2,1,1,71.0,"scheduled_CIP,unclog","clogging,preventive"
asset_01,asset_01_C00010,asset_01_C00010,10,1224,2026-01-14 03:59:00+00:00,2026-01-15 00:22:00+00:00,20.383333333333333,20.4,1.0,1169,95.50653594771242,37,18,29.73856209150327,70.26143790849673,26.43284858853721,73.56715141146279,2,stable,0.0001393837,0.0001605417,0.002573748,2.115799999999999e-05,1,1,28,1,"CIP_acid,CIP_alkaline,maintenance,production",scheduled_CIP,2,1,1,55.0,"scheduled_CIP,unclog","clogging,preventive"
asset_01,asset_01_C00011,asset_01_C00011,11,1100,2026-01-15 12:41:00+00:00,2026-01-16 07:00:00+00:00,18.316666666666666,18.333333333333332,1.0,1026,93.27272727272727,29,45,57.72727272727273,42.27272727272727,54.67836257309941,45.32163742690059,2,stable,0.0001605455,0.0003115033,0.0024189426,0.0001509578,1,1,25,1,"CIP_acid,CIP_alkaline,maintenance,production",scheduled_CIP,2,1,1,74.0,"scheduled_CIP,unclog","clogging,preventive"
asset_01,asset_01_C00012,asset_01_C00012,12,1224,2026-01-16 23:50:00+00:00,2026-01-17 20:13:00+00:00,20.383333333333333,20.4,1.0,1172,95.7516339869281,38,14,16.42156862745098,83.57843137254902,12.713310580204778,87.28668941979522,2,stable,0.0003115036,8.36649e-05,0.0015908124,-0.00022783870000000003,1,1,14,1,"CIP_acid,CIP_alkaline,maintenance,production",scheduled_CIP,2,1,1,52.0,"scheduled_CIP,unclog","clogging,preventive"
asset_01,asset_01_C00013,asset_01_C00013,13,826,2026-01-18 04:36:00+00:00,2026-01-18 18:21:00+00:00,13.75,13.766666666666667,1.0,748,90.55690072639226,38,40,68.8861985472155,31.113801452784507,65.64171122994652,34.35828877005348,2,stable,8.3683e-05,0.0001121238,0.0015013104,2.8440799999999994e-05,1,1,11,1,"CIP_acid,CIP_alkaline,maintenance,production",scheduled_CIP,2,1,1,78.0,"scheduled_CIP,unclog","clogging,preventive"
asset_01,asset_01_C00014,asset_01_C00014,14,1702,2026-01-19 09:55:00+00:00,2026-01-20 14:16:00+00:00,28.35,28.366666666666667,1.0,1657,97.3560517038778,45,0,34.01880141010576,65.98119858989423,32.22691611345805,67.77308388654194,2,stable,0.0001121241,0.0001020752,0.0019802083,-1.0048900000000005e-05,1,0,0,0,"CIP_acid,CIP_alkaline,production",scheduled_CIP,1,1,0,45.0,scheduled_CIP,preventive
asset_01,asset_01_C00015,asset_01_C00015,15,1292,2026-01-20 21:53:00+00:00,2026-01-21 19:24:00+00:00,21.516666666666666,21.533333333333335,1.0,1253,96.9814241486068,39,0,15.944272445820435,84.05572755417957,13.32801276935355,86.67198723064645,2,stable,0.0001020756,0.0001744396,0.0022857693,7.236399999999999e-05,1,0,0,0,"CIP_acid,CIP_alkaline,production",scheduled_CIP,1,1,0,39.0,scheduled_CIP,preventive
asset_01,asset_01_C00016,asset_01_C00016,16,920,2026-01-22 07:06:00+00:00,2026-01-22 22:25:00+00:00,15.316666666666666,15.333333333333334,1.0,873,94.8913043478261,47,0,64.13043478260869,35.869565217391305,62.19931271477663,37.80068728522337,2,stable,0.0001744464,0.0001563269,0.0020956482,-1.8119500000000015e-05,1,0,0,0,"CIP_acid,CIP_alkaline,production",scheduled_CIP,1,1,0,47.0,scheduled_CIP,preventive
asset_01,asset_01_C00017,asset_01_C00017,17,1094,2026-01-23 22:10:00+00:00,2026-01-24 16:23:00+00:00,18.216666666666665,18.233333333333334,1.0,1060,96.89213893967093,34,0,43.69287020109689,56.30712979890311,41.88679245283019,58.11320754716981,2,stable,0.0001563286,0.0002116348,0.0021135796,5.530619999999999e-05,1,0,0,0,"CIP_acid,CIP_alkaline,production",scheduled_CIP,1,1,0,34.0,scheduled_CIP,preventive
asset_01,asset_01_C00018,asset_01_C00018,18,699,2026-01-25 05:53:00+00:00,2026-01-25 17:31:00+00:00,11.633333333333333,11.65,1.0,667,95.42203147353362,0,32,50.21459227467812,49.78540772532189,47.82608695652174,52.17391304347826,2,stable,0.0002116432,0.0003393281,0.0029128933,0.0001276849,1,0,0,1,"maintenance,production",scheduled_CIP,1,0,1,32.0,CIP_extra,fouling
asset_02,asset_02_C00001,asset_02_C00001,1,1408,2026-01-01 02:53:00+00:00,2026-01-02 02:20:00+00:00,23.45,23.466666666666665,1.0,1380,98.01136363636364,28,0,45.17045454545455,54.82954545454546,44.05797101449275,55.94202898550724,2,stable,6.69009e-05,0.0003002611,0.0019390719,0.00023336020000000002,1,0,0,0,"CIP_acid,CIP_alkaline,production",none,1,1,0,28.0,scheduled_CIP,preventive
asset_02,asset_02_C00002,asset_02_C00002,2,1093,2026-01-02 15:59:00+00:00,2026-01-03 10:11:00+00:00,18.2,18.216666666666665,1.0,1056,96.61482159194877,37,0,34.76669716376944,65.23330283623055,32.48106060606061,67.51893939393939,2,stable,0.0003002618,0.0002511657,0.0025110738,-4.9096100000000026e-05,1,0,0,0,"CIP_acid,CIP_alkaline,production",scheduled_CIP,1,1,0,37.0,scheduled_CIP,preventive
asset_02,asset_02_C00003,asset_02_C00003,3,1288,2026-01-04 05:44:00+00:00,2026-01-05 03:11:00+00:00,21.45,21.466666666666665,1.0,1256,97.51552795031056,32,0,21.428571428571427,78.57142857142857,19.426751592356688,80.57324840764332,2,stable,0.0002511664,0.0003401472,0.0023876582,8.898080000000001e-05,1,0,0,0,"CIP_acid,CIP_alkaline,production",scheduled_CIP,1,1,0,32.0,scheduled_CIP,preventive
asset_02,asset_02_C00004,asset_02_C00004,4,797,2026-01-05 12:46:00+00:00,2026-01-06 02:02:00+00:00,13.266666666666667,13.283333333333333,1.0,731,91.7189460476788,44,22,61.98243412797992,38.01756587202008,58.5499316005472,41.4500683994528,2,stable,0.000340153,9.03788e-05,0.001871847,-0.0002497742,1,1,27,1,"CIP_acid,CIP_alkaline,maintenance,production",scheduled_CIP,2,1,1,66.0,"scheduled_CIP,unclog","clogging,preventive"
asset_02,asset_02_C00005,asset_02_C00005,5,1418,2026-01-06 17:41:00+00:00,2026-01-07 17:18:00+00:00,23.616666666666667,23.633333333333333,1.0,1371,96.6854724964739,37,10,29.055007052186177,70.94499294781383,26.622902990517872,73.37709700948213,2,stable,9.03796e-05,0.0001795456,0.0023501998,8.916599999999999e-05,1,1,28,1,"CIP_acid,CIP_alkaline,maintenance,production",scheduled_CIP,2,1,1,47.0,"scheduled_CIP,unclog","clogging,preventive"
asset_02,asset_02_C00006,asset_02_C00006,6,930,2026-01-08 03:06:00+00:00,2026-01-08 18:35:00+00:00,15.483333333333333,15.5,1.0,847,91.0752688172043,45,38,30.215053763440856,69.78494623655914,23.376623376623375,76.62337662337663,2,stable,0.0001795467,0.0001199638,0.0027407045,-5.958290000000001e-05,1,1,11,1,"CIP_acid,CIP_alkaline,maintenance,production",scheduled_CIP,2,1,1,83.0,"scheduled_CIP,unclog","clogging,preventive"
asset_02,asset_02_C00007,asset_02_C00007,7,1008,2026-01-09 00:56:00+00:00,2026-01-09 17:43:00+00:00,16.783333333333335,16.8,1.0,955,94.7420634920635,43,10,26.091269841269842,73.90873015873017,21.98952879581152,78.01047120418848,2,stable,0.000119965,0.0001325208,0.0020034137,1.2555799999999993e-05,1,1,15,1,"CIP_acid,CIP_alkaline,maintenance,production",scheduled_CIP,2,1,1,53.0,"scheduled_CIP,unclog","clogging,preventive"
asset_02,asset_02_C00008,asset_02_C00008,8,493,2026-01-10 01:22:00+00:00,2026-01-10 09:34:00+00:00,8.2,8.216666666666667,1.0,452,91.68356997971603,41,0,59.02636916835699,40.97363083164301,55.309734513274336,44.690265486725664,2,stable,0.0001325421,0.0001240042,0.0021489084,-8.537900000000012e-06,1,0,0,0,"CIP_acid,CIP_alkaline,production",scheduled_CIP,1,1,0,41.0,scheduled_CIP,preventive
asset_02,asset_02_C00009,asset_02_C00009,9,1133,2026-01-11 01:54:00+00:00,2026-01-11 20:46:00+00:00,18.866666666666667,18.883333333333333,1.0,1086,95.85172109443954,37,10,27.802294792586054,72.19770520741395,24.677716390423573,75.32228360957643,2,stable,0.0001240051,0.0001783203,0.001745968,5.43152e-05,1,1,30,1,"CIP_acid,CIP_alkaline,maintenance,production",scheduled_CIP,2,1,1,47.0,"scheduled_CIP,unclog","clogging,preventive"
asset_02,asset_02_C00010,asset_02_C00010,10,1040,2026-01-12 07:21:00+00:00,2026-01-13 00:40:00+00:00,17.316666666666666,17.333333333333332,1.0,978,94.03846153846153,38,24,37.40384615384615,62.59615384615385,33.43558282208589,66.56441717791411,2,stable,0.0001783227,0.0002974738,0.0025013494,0.00011915109999999996,1,1,28,1,"CIP_acid,CIP_alkaline,maintenance,production",scheduled_CIP,2,1,1,62.0,"scheduled_CIP,unclog","clogging,preventive"
asset_02,asset_02_C00011,asset_02_C00011,11,1736,2026-01-13 05:38:00+00:00,2026-01-14 10:33:00+00:00,28.916666666666668,28.933333333333334,1.0,1702,98.04147465437788,34,0,36.923963133640555,63.076036866359445,35.66392479435957,64.33607520564041,2,stable,0.0002974743,0.0003262711,0.0020679153,2.8796799999999988e-05,1,0,0,0,"CIP_acid,CIP_alkaline,production",scheduled_CIP,1,1,0,34.0,scheduled_CIP,preventive
asset_02,asset_02_C00012,asset_02_C00012,12,1374,2026-01-14 20:52:00+00:00,2026-01-15 19:45:00+00:00,22.883333333333333,22.9,1.0,1334,97.08879184861718,40,0,31.077147016011647,68.92285298398836,29.01049475262369,70.98950524737631,2,stable,0.0003262717,0.0001340587,0.0021213006,-0.00019221300000000002,1,0,0,0,"CIP_acid,CIP_alkaline,production",scheduled_CIP,1,1,0,40.0,scheduled_CIP,preventive
asset_02,asset_02_C00013,asset_02_C00013,13,481,2026-01-16 05:29:00+00:00,2026-01-16 13:29:00+00:00,8.0,8.016666666666667,1.0,442,91.89189189189189,39,0,72.76507276507277,27.234927234927238,70.36199095022624,29.638009049773757,2,advanced,0.0001341041,0.0003453449,0.0026154328,0.00021124080000000002,1,0,0,0,"CIP_acid,CIP_alkaline,production",scheduled_CIP,1,1,0,39.0,scheduled_CIP,preventive
asset_02,asset_02_C00014,asset_02_C00014,14,1362,2026-01-16 16:50:00+00:00,2026-01-17 15:31:00+00:00,22.683333333333334,22.7,1.0,1315,96.54919236417034,47,0,47.87077826725404,52.12922173274597,46.00760456273764,53.99239543726235,2,stable,0.0003453458,0.0001086275,0.0015117168,-0.0002367183,1,0,0,0,"CIP_acid,CIP_alkaline,production",scheduled_CIP,1,1,0,47.0,scheduled_CIP,preventive
asset_02,asset_02_C00015,asset_02_C00015,15,654,2026-01-18 14:29:00+00:00,2026-01-19 01:22:00+00:00,10.883333333333333,10.9,1.0,614,93.88379204892966,40,0,60.24464831804281,39.75535168195719,57.65472312703584,42.34527687296417,2,stable,0.0001086619,0.0001940755,0.0025307459,8.541359999999999e-05,1,0,0,0,"CIP_acid,CIP_alkaline,production",scheduled_CIP,1,1,0,40.0,scheduled_CIP,preventive
asset_02,asset_02_C00016,asset_02_C00016,16,1116,2026-01-20 00:20:00+00:00,2026-01-20 18:55:00+00:00,18.583333333333332,18.6,1.0,1070,95.87813620071685,46,0,38.53046594982079,61.469534050179206,35.88785046728972,64.11214953271028,2,stable,0.0001940764,0.0001378044,0.0023175475,-5.6272000000000006e-05,1,0,0,0,"CIP_acid,CIP_alkaline,production",scheduled_CIP,1,1,0,46.0,scheduled_CIP,preventive
asset_02,asset_02_C00017,asset_02_C00017,17,729,2026-01-21 14:55:00+00:00,2026-01-22 03:03:00+00:00,12.133333333333333,12.15,1.0,658,90.26063100137175,32,39,47.46227709190672,52.53772290809328,41.79331306990882,58.20668693009119,2,stable,0.0001378069,0.0001451174,0.0020741264,7.31049999999999e-06,1,1,21,1,"CIP_acid,CIP_alkaline,maintenance,production",scheduled_CIP,2,1,1,71.0,"scheduled_CIP,unclog","clogging,preventive"
asset_02,asset_02_C00018,asset_02_C00018,18,376,2026-01-23 00:53:00+00:00,2026-01-23 07:08:00+00:00,6.25,6.266666666666667,1.0,338,89.8936170212766,38,0,57.97872340425532,42.02127659574468,53.25443786982249,46.74556213017752,2,stable,0.0001451448,0.0001353024,0.0015386155,-9.842400000000006e-06,1,0,0,0,"CIP_acid,CIP_alkaline,production",scheduled_CIP,1,1,0,38.0,scheduled_CIP,preventive
asset_03,asset_03_C00001,asset_03_C00001,1,1697,2026-01-01 00:26:00+00:00,2026-01-02 04:42:00+00:00,28.266666666666666,28.283333333333335,1.0,1660,97.81968179139658,37,0,24.572775486152032,75.42722451384797,22.89156626506024,77.10843373493977,2,stable,4.50247e-05,0.0001388755,0.0014074212,9.38508e-05,1,0,0,0,"CIP_acid,CIP_alkaline,production",none,1,1,0,37.0,scheduled_CIP,preventive
asset_03,asset_03_C00002,asset_03_C00002,2,675,2026-01-02 12:27:00+00:00,2026-01-02 23:41:00+00:00,11.233333333333333,11.25,1.0,622,92.14814814814815,31,22,53.925925925925924,46.074074074074076,50.0,50.0,2,stable,0.0001388819,0.0001260354,0.0016518324,-1.2846499999999986e-05,1,1,21,1,"CIP_acid,CIP_alkaline,maintenance,production",scheduled_CIP,2,1,1,53.0,"scheduled_CIP,unclog","clogging,preventive"
asset_03,asset_03_C00003,asset_03_C00003,3,1865,2026-01-03 22:21:00+00:00,2026-01-05 05:25:00+00:00,31.066666666666666,31.083333333333332,1.0,1783,95.60321715817695,42,40,34.42359249329759,65.57640750670242,31.40773976444195,68.59226023555804,2,stable,0.000126036,6.95464e-05,0.0013887974,-5.6489599999999995e-05,1,1,18,1,"CIP_acid,CIP_alkaline,maintenance,production",scheduled_CIP,2,1,1,82.0,"scheduled_CIP,unclog","clogging,preventive"
asset_03,asset_03_C00004,asset_03_C00004,4,940,2026-01-05 12:25:00+00:00,2026-01-06 04:04:00+00:00,15.65,15.666666666666666,1.0,891,94.7872340425532,49,0,36.38297872340426,63.61702127659574,32.88439955106622,67.11560044893379,2,stable,6.95493e-05,6.31808e-05,0.0017127866,-6.368499999999998e-06,1,0,0,0,"CIP_acid,CIP_alkaline,production",scheduled_CIP,1,1,0,49.0,scheduled_CIP,preventive
asset_03,asset_03_C00005,asset_03_C00005,5,971,2026-01-07 01:26:00+00:00,2026-01-07 17:36:00+00:00,16.166666666666668,16.183333333333334,1.0,921,94.85066941297632,37,13,65.9114315139032,34.08856848609681,64.06080347448425,35.93919652551574,2,stable,6.31973e-05,9.34686e-05,0.0020434874,3.027129999999999e-05,1,1,10,1,"CIP_acid,CIP_alkaline,maintenance,production",scheduled_CIP,2,1,1,50.0,"scheduled_CIP,unclog","clogging,preventive"
asset_03,asset_03_C00006,asset_03_C00006,6,701,2026-01-07 22:58:00+00:00,2026-01-08 10:38:00+00:00,11.666666666666666,11.683333333333334,1.0,660,94.151212553495,41,0,51.925820256776035,48.074179743223965,48.93939393939394,51.06060606060606,2,stable,9.34788e-05,0.0001335831,0.0020030786,4.01043e-05,1,0,0,0,"CIP_acid,CIP_alkaline,production",scheduled_CIP,1,1,0,41.0,scheduled_CIP,preventive
asset_03,asset_03_C00007,asset_03_C00007,7,1147,2026-01-08 14:34:00+00:00,2026-01-09 09:40:00+00:00,19.1,19.116666666666667,1.0,1114,97.1229293809939,33,0,34.69921534437663,65.30078465562337,32.76481149012567,67.23518850987432,2,stable,0.0001335837,0.0001872663,0.0015156149,5.368260000000001e-05,1,0,0,0,"CIP_acid,CIP_alkaline,production",scheduled_CIP,1,1,0,33.0,scheduled_CIP,preventive
asset_03,asset_03_C00008,asset_03_C00008,8,1314,2026-01-09 15:20:00+00:00,2026-01-10 13:13:00+00:00,21.883333333333333,21.9,1.0,1280,97.4124809741248,34,0,52.96803652968036,47.03196347031963,51.71875,48.28125,2,stable,0.0001872683,0.0001324167,0.0023373991,-5.485160000000001e-05,1,0,0,0,"CIP_acid,CIP_alkaline,production",scheduled_CIP,1,1,0,34.0,scheduled_CIP,preventive
asset_03,asset_03_C00009,asset_03_C00009,9,1436,2026-01-11 11:57:00+00:00,2026-01-12 11:52:00+00:00,23.916666666666668,23.933333333333334,1.0,1395,97.14484679665738,41,0,30.64066852367688,69.35933147632312,28.602150537634408,71.3978494623656,2,stable,0.0001324174,0.0001510844,0.0023278931,1.8667000000000016e-05,1,0,0,0,"CIP_acid,CIP_alkaline,production",scheduled_CIP,1,1,0,41.0,scheduled_CIP,preventive
asset_03,asset_03_C00010,asset_03_C00010,10,1172,2026-01-13 06:39:00+00:00,2026-01-14 02:10:00+00:00,19.516666666666666,19.533333333333335,1.0,1131,96.50170648464164,41,0,43.08873720136519,56.91126279863481,41.02564102564102,58.97435897435898,2,stable,0.000151086,6.14792e-05,0.0020523792,-8.960680000000001e-05,1,0,0,0,"CIP_acid,CIP_alkaline,production",scheduled_CIP,1,1,0,41.0,scheduled_CIP,preventive
asset_03,asset_03_C00011,asset_03_C00011,11,846,2026-01-14 08:10:00+00:00,2026-01-14 22:15:00+00:00,14.083333333333334,14.1,1.0,806,95.27186761229315,40,0,42.08037825059102,57.919621749408975,39.20595533498759,60.7940446650124,2,stable,6.14832e-05,0.0001155555,0.0017318486,5.40723e-05,1,0,0,0,"CIP_acid,CIP_alkaline,production",scheduled_CIP,1,1,0,40.0,scheduled_CIP,preventive
asset_03,asset_03_C00012,asset_03_C00012,12,1116,2026-01-15 14:43:00+00:00,2026-01-16 09:18:00+00:00,18.583333333333332,18.6,1.0,1070,95.87813620071685,46,0,50.44802867383512,49.551971326164875,48.3177570093458,51.6822429906542,2,stable,0.0001155577,4.18348e-05,0.001950869,-7.37229e-05,1,0,0,0,"CIP_acid,CIP_alkaline,production",scheduled_CIP,1,1,0,46.0,scheduled_CIP,preventive
asset_03,asset_03_C00013,asset_03_C00013,13,644,2026-01-17 02:19:00+00:00,2026-01-17 13:02:00+00:00,10.716666666666667,10.733333333333333,1.0,608,94.40993788819875,36,0,55.590062111801245,44.409937888198755,52.960526315789465,47.03947368421053,2,stable,4.18593e-05,0.0001527565,0.0014891766,0.00011089719999999999,1,0,0,0,"CIP_acid,CIP_alkaline,production",scheduled_CIP,1,1,0,36.0,scheduled_CIP,preventive
asset_03,asset_03_C00014,asset_03_C00014,14,1301,2026-01-17 21:42:00+00:00,2026-01-18 19:22:00+00:00,21.666666666666668,21.683333333333334,1.0,1231,94.619523443505,26,44,43.81245196003075,56.18754803996926,40.61738424045491,59.38261575954509,2,stable,0.0001527575,0.00022006,0.0019528588,6.73025e-05,1,1,25,1,"CIP_acid,CIP_alkaline,maintenance,production",scheduled_CIP,2,1,1,70.0,"scheduled_CIP,unclog","clogging,preventive"
asset_03,asset_03_C00015,asset_03_C00015,15,693,2026-01-19 07:04:00+00:00,2026-01-19 18:36:00+00:00,11.533333333333333,11.55,1.0,627,90.47619047619048,45,21,55.266955266955264,44.733044733044736,50.558213716108455,49.441786283891545,2,stable,0.0002200676,3.19747e-05,0.0012155,-0.00018809289999999998,1,1,15,1,"CIP_acid,CIP_alkaline,maintenance,production",scheduled_CIP,2,1,1,66.0,"scheduled_CIP,unclog","clogging,preventive"
asset_03,asset_03_C00016,asset_03_C00016,16,612,2026-01-20 08:27:00+00:00,2026-01-20 18:38:00+00:00,10.183333333333334,10.2,1.0,576,94.11764705882354,36,0,67.3202614379085,32.6797385620915,65.27777777777779,34.72222222222222,2,stable,3.20012e-05,0.0002057172,0.0021363114,0.000173716,1,0,0,0,"CIP_acid,CIP_alkaline,production",scheduled_CIP,1,1,0,36.0,scheduled_CIP,preventive
asset_03,asset_03_C00017,asset_03_C00017,17,1310,2026-01-21 05:03:00+00:00,2026-01-22 02:52:00+00:00,21.816666666666666,21.833333333333332,1.0,1224,93.43511450381679,48,38,21.908396946564885,78.09160305343511,16.42156862745098,83.57843137254902,2,stable,0.0002057178,5.08635e-05,0.0019609865,-0.0001548543,1,1,10,1,"CIP_acid,CIP_alkaline,maintenance,production",scheduled_CIP,2,1,1,86.0,"scheduled_CIP,unclog","clogging,preventive"
asset_03,asset_03_C00018,asset_03_C00018,18,818,2026-01-22 21:55:00+00:00,2026-01-23 11:32:00+00:00,13.616666666666667,13.633333333333333,1.0,748,91.44254278728606,47,23,42.54278728606357,57.457212713936435,37.16577540106952,62.834224598930476,2,stable,5.08656e-05,8.13788e-05,0.0023498528,3.051319999999999e-05,1,1,24,1,"CIP_acid,CIP_alkaline,maintenance,production",scheduled_CIP,2,1,1,70.0,"scheduled_CIP,unclog","clogging,preventive"
asset_04,asset_04_C00001,asset_04_C00001,1,1159,2026-01-01 05:28:00+00:00,2026-01-02 00:46:00+00:00,19.3,19.316666666666666,1.0,1115,96.20362381363245,44,0,38.56773080241588,61.43226919758412,36.143497757847534,63.856502242152466,2,stable,4.10478e-05,0.0001068724,0.0019888919,6.582460000000001e-05,1,0,0,0,"CIP_acid,CIP_alkaline,production",none,1,1,0,44.0,scheduled_CIP,preventive
asset_04,asset_04_C00002,asset_04_C00002,2,1316,2026-01-02 06:20:00+00:00,2026-01-03 04:15:00+00:00,21.916666666666668,21.933333333333334,1.0,1286,97.72036474164133,30,0,18.161094224924014,81.83890577507599,16.25194401244168,83.74805598755832,2,stable,0.0001068727,0.0002141885,0.0018674514,0.00010731580000000001,1,0,0,0,"CIP_acid,CIP_alkaline,production",scheduled_CIP,1,1,0,30.0,scheduled_CIP,preventive
asset_04,asset_04_C00003,asset_04_C00003,3,1095,2026-01-04 01:22:00+00:00,2026-01-04 19:36:00+00:00,18.233333333333334,18.25,1.0,1051,95.98173515981735,44,0,32.51141552511416,67.48858447488585,29.686013320647003,70.31398667935301,2,stable,0.0002141902,6.51747e-05,0.0017858199,-0.0001490155,1,0,0,0,"CIP_acid,CIP_alkaline,production",scheduled_CIP,1,1,0,44.0,scheduled_CIP,preventive
asset_04,asset_04_C00004,asset_04_C00004,4,705,2026-01-05 02:46:00+00:00,2026-01-05 14:30:00+00:00,11.733333333333333,11.75,1.0,629,89.21985815602837,37,39,48.36879432624113,51.63120567375886,42.130365659777425,57.869634340222575,2,stable,6.51781e-05,8.19045e-05,0.0015262534,1.6726400000000003e-05,1,1,14,1,"CIP_acid,CIP_alkaline,maintenance,production",scheduled_CIP,2,1,1,76.0,"scheduled_CIP,unclog","clogging,preventive"
asset_04,asset_04_C00005,asset_04_C00005,5,1286,2026-01-05 19:04:00+00:00,2026-01-06 16:29:00+00:00,21.416666666666668,21.433333333333334,1.0,1254,97.51166407465007,32,0,31.181959564541213,68.81804043545878,29.42583732057416,70.57416267942584,2,stable,8.19053e-05,0.0002625116,0.0018038442,0.00018060629999999998,1,0,0,0,"CIP_acid,CIP_alkaline,production",scheduled_CIP,1,1,0,32.0,scheduled_CIP,preventive
asset_04,asset_04_C00006,asset_04_C00006,6,1136,2026-01-07 02:15:00+00:00,2026-01-07 21:10:00+00:00,18.916666666666668,18.933333333333334,1.0,1094,96.30281690140845,42,0,36.53169014084507,63.46830985915493,34.09506398537477,65.90493601462522,2,stable,0.0002625129,0.0001301589,0.0017981087,-0.000132354,1,0,0,0,"CIP_acid,CIP_alkaline,production",scheduled_CIP,1,1,0,42.0,scheduled_CIP,preventive
asset_04,asset_04_C00007,asset_04_C00007,7,840,2026-01-08 05:00:00+00:00,2026-01-08 18:59:00+00:00,13.983333333333333,14.0,1.0,789,93.92857142857143,34,17,47.976190476190474,52.023809523809526,44.61343472750317,55.38656527249684,2,stable,0.0001301658,0.0001485284,0.0016674335,1.83626e-05,1,1,22,1,"CIP_acid,CIP_alkaline,maintenance,production",scheduled_CIP,2,1,1,51.0,"scheduled_CIP,unclog","clogging,preventive"
asset_04,asset_04_C00008,asset_04_C00008,8,1101,2026-01-09 05:43:00+00:00,2026-01-10 00:03:00+00:00,18.333333333333332,18.35,1.0,1057,96.00363306085377,44,0,34.69573115349682,65.30426884650318,31.97729422894986,68.02270577105014,2,stable,0.0001485296,5.36217e-05,0.0014556814,-9.490789999999999e-05,1,0,0,0,"CIP_acid,CIP_alkaline,production",scheduled_CIP,1,1,0,44.0,scheduled_CIP,preventive
asset_04,asset_04_C00009,asset_04_C00009,9,1190,2026-01-10 13:50:00+00:00,2026-01-11 09:39:00+00:00,19.816666666666666,19.833333333333332,1.0,1146,96.30252100840336,44,0,17.899159663865547,82.10084033613445,14.74694589877836,85.25305410122164,2,stable,5.36222e-05,9.41324e-05,0.0024749549,4.05102e-05,1,0,0,0,"CIP_acid,CIP_alkaline,production",scheduled_CIP,1,1,0,44.0,scheduled_CIP,preventive
asset_04,asset_04_C00010,asset_04_C00010,10,823,2026-01-11 23:14:00+00:00,2026-01-12 12:56:00+00:00,13.7,13.716666666666667,1.0,748,90.88699878493317,40,35,37.545565006075336,62.454434993924664,31.283422459893046,68.71657754010695,2,stable,9.41352e-05,6.73003e-05,0.0018568794,-2.6834900000000003e-05,1,1,19,1,"CIP_acid,CIP_alkaline,maintenance,production",scheduled_CIP,2,1,1,75.0,"scheduled_CIP,unclog","clogging,preventive"
asset_04,asset_04_C00011,asset_04_C00011,11,1364,2026-01-12 22:52:00+00:00,2026-01-13 21:35:00+00:00,22.716666666666665,22.733333333333334,1.0,1328,97.36070381231671,36,0,22.727272727272727,77.27272727272727,20.632530120481928,79.36746987951807,2,stable,6.73007e-05,0.0001714441,0.0023628767,0.00010414339999999998,1,0,0,0,"CIP_acid,CIP_alkaline,production",scheduled_CIP,1,1,0,36.0,scheduled_CIP,preventive
asset_04,asset_04_C00012,asset_04_C00012,12,726,2026-01-14 06:35:00+00:00,2026-01-14 18:40:00+00:00,12.083333333333334,12.1,1.0,678,93.38842975206612,48,0,63.63636363636363,36.36363636363637,61.06194690265486,38.93805309734513,2,stable,0.0001714606,8.87571e-05,0.0016833489,-8.27035e-05,1,0,0,0,"CIP_acid,CIP_alkaline,production",scheduled_CIP,1,1,0,48.0,scheduled_CIP,preventive
asset_04,asset_04_C00013,asset_04_C00013,13,562,2026-01-15 05:08:00+00:00,2026-01-15 14:29:00+00:00,9.35,9.366666666666667,1.0,525,93.41637010676156,37,0,56.04982206405694,43.95017793594306,52.95238095238095,47.04761904761905,2,stable,8.87882e-05,0.000296599,0.0023021742,0.00020781079999999998,1,0,0,0,"CIP_acid,CIP_alkaline,production",scheduled_CIP,1,1,0,37.0,scheduled_CIP,preventive
asset_04,asset_04_C00014,asset_04_C00014,14,1024,2026-01-15 23:38:00+00:00,2026-01-16 16:41:00+00:00,17.05,17.066666666666666,1.0,945,92.28515625,41,38,34.86328125,65.13671875,29.417989417989414,70.58201058201058,2,stable,0.0002965999,6.58067e-05,0.0014743334,-0.00023079320000000004,1,1,28,1,"CIP_acid,CIP_alkaline,maintenance,production",scheduled_CIP,2,1,1,79.0,"scheduled_CIP,unclog","clogging,preventive"
asset_04,asset_04_C00015,asset_04_C00015,15,883,2026-01-17 15:28:00+00:00,2026-01-18 06:10:00+00:00,14.7,14.716666666666667,1.0,848,96.03624009060023,35,0,65.118912797282,34.88108720271801,63.67924528301887,36.32075471698113,2,stable,6.58206e-05,0.0003270953,0.002617478,0.0002612747,1,0,0,0,"CIP_acid,CIP_alkaline,production",scheduled_CIP,1,1,0,35.0,scheduled_CIP,preventive
asset_04,asset_04_C00016,asset_04_C00016,16,1428,2026-01-18 14:05:00+00:00,2026-01-19 13:52:00+00:00,23.783333333333335,23.8,1.0,1385,96.98879551820728,43,0,26.820728291316527,73.17927170868347,24.548736462093864,75.45126353790613,2,stable,0.0003270957,6.88585e-05,0.0020144163,-0.0002582372,1,0,0,0,"CIP_acid,CIP_alkaline,production",scheduled_CIP,1,1,0,43.0,scheduled_CIP,preventive
asset_04,asset_04_C00017,asset_04_C00017,17,575,2026-01-20 13:00:00+00:00,2026-01-20 22:34:00+00:00,9.566666666666666,9.583333333333334,1.0,543,94.43478260869566,32,0,53.565217391304344,46.43478260869565,50.82872928176796,49.171270718232044,2,stable,6.88684e-05,0.0001519984,0.0017153182,8.313e-05,1,0,0,0,"CIP_acid,CIP_alkaline,production",scheduled_CIP,1,1,0,32.0,scheduled_CIP,preventive
asset_04,asset_04_C00018,asset_04_C00018,18,1102,2026-01-21 20:31:00+00:00,2026-01-22 14:52:00+00:00,18.35,18.366666666666667,1.0,1065,96.64246823956442,37,0,50.72595281306715,49.274047186932854,49.014084507042256,50.985915492957744,2,stable,0.0001520016,0.000115991,0.0019025909,-3.601060000000002e-05,1,0,0,0,"CIP_acid,CIP_alkaline,production",scheduled_CIP,1,1,0,37.0,scheduled_CIP,preventive
asset_05,asset_05_C00001,asset_05_C00001,1,1037,2026-01-01 04:12:00+00:00,2026-01-01 21:28:00+00:00,17.266666666666666,17.283333333333335,1.0,1001,96.52844744455159,0,36,51.494696239151395,48.5053037608486,49.75024975024975,50.24975024975025,2,stable,2.79645e-05,8.87963e-05,0.0019460956,6.08318e-05,1,0,0,1,"maintenance,production",none,1,0,1,36.0,CIP_extra,fouling
asset_05,asset_05_C00002,asset_05_C00002,2,1195,2026-01-02 18:49:00+00:00,2026-01-03 14:43:00+00:00,19.9,19.916666666666668,1.0,1148,96.06694560669456,47,0,52.80334728033472,47.19665271966527,50.87108013937283,49.12891986062718,2,stable,8.87995e-05,5.54797e-05,0.0018545047,-3.33198e-05,1,0,0,0,"CIP_acid,CIP_alkaline,production",CIP_extra,1,1,0,47.0,scheduled_CIP,preventive
asset_05,asset_05_C00003,asset_05_C00003,3,896,2026-01-04 07:23:00+00:00,2026-01-04 22:18:00+00:00,14.916666666666666,14.933333333333334,1.0,852,95.08928571428571,44,0,48.88392857142857,51.11607142857143,46.244131455399064,53.755868544600936,2,stable,5.54816e-05,7.4263e-05,0.0016885211,1.8781400000000003e-05,1,0,0,0,"CIP_acid,CIP_alkaline,production",scheduled_CIP,1,1,0,44.0,scheduled_CIP,preventive
asset_05,asset_05_C00004,asset_05_C00004,4,953,2026-01-05 03:25:00+00:00,2026-01-05 19:17:00+00:00,15.866666666666667,15.883333333333333,1.0,916,96.11752360965373,37,0,39.03462749213011,60.96537250786989,36.572052401746724,63.427947598253276,2,stable,7.42658e-05,0.0002397527,0.0030494836,0.0001654869,1,0,0,0,"CIP_acid,CIP_alkaline,production",scheduled_CIP,1,1,0,37.0,scheduled_CIP,preventive
asset_05,asset_05_C00005,asset_05_C00005,5,1479,2026-01-06 04:41:00+00:00,2026-01-07 05:19:00+00:00,24.633333333333333,24.65,1.0,1402,94.79377958079783,38,39,35.56457065584855,64.43542934415146,32.02567760342368,67.97432239657631,2,stable,0.0002397536,0.0001908667,0.0022753595,-4.88869e-05,1,1,27,1,"CIP_acid,CIP_alkaline,maintenance,production",scheduled_CIP,2,1,1,77.0,"scheduled_CIP,unclog","clogging,preventive"
asset_05,asset_05_C00006,asset_05_C00006,6,1513,2026-01-08 02:54:00+00:00,2026-01-09 04:06:00+00:00,25.2,25.216666666666665,1.0,1472,97.29015201586253,27,14,38.79709187045604,61.20290812954396,37.09239130434783,62.90760869565217,2,stable,0.0001908676,0.0003597393,0.0027242027,0.00016887170000000004,1,1,30,1,"CIP_acid,CIP_alkaline,maintenance,production",scheduled_CIP,2,1,1,41.0,"scheduled_CIP,unclog","clogging,preventive"
asset_05,asset_05_C00007,asset_05_C00007,7,1132,2026-01-10 00:32:00+00:00,2026-01-10 19:23:00+00:00,18.85,18.866666666666667,1.0,1082,95.58303886925795,37,13,46.28975265017668,53.71024734982333,43.80776340110906,56.19223659889094,2,stable,0.0003597404,0.0001512067,0.0022090727,-0.00020853370000000003,1,1,16,1,"CIP_acid,CIP_alkaline,maintenance,production",scheduled_CIP,2,1,1,50.0,"scheduled_CIP,unclog","clogging,preventive"
asset_05,asset_05_C00008,asset_05_C00008,8,842,2026-01-11 07:28:00+00:00,2026-01-11 21:29:00+00:00,14.016666666666667,14.033333333333333,1.0,802,95.24940617577197,40,0,38.00475059382423,61.995249406175766,34.91271820448878,65.08728179551122,2,stable,0.0001512093,0.000206681,0.0023846359,5.547170000000002e-05,1,0,0,0,"CIP_acid,CIP_alkaline,production",scheduled_CIP,1,1,0,40.0,scheduled_CIP,preventive
asset_05,asset_05_C00009,asset_05_C00009,9,1585,2026-01-12 15:52:00+00:00,2026-01-13 18:16:00+00:00,26.4,26.416666666666668,1.0,1542,97.28706624605678,43,0,32.17665615141956,67.82334384858044,30.285343709468222,69.71465629053178,2,stable,0.0002066816,0.0001171555,0.0024911065,-8.95261e-05,1,0,0,0,"CIP_acid,CIP_alkaline,production",scheduled_CIP,1,1,0,43.0,scheduled_CIP,preventive
asset_05,asset_05_C00010,asset_05_C00010,10,1110,2026-01-14 17:20:00+00:00,2026-01-15 11:49:00+00:00,18.483333333333334,18.5,1.0,1084,97.65765765765765,0,26,52.072072072072075,47.927927927927925,50.92250922509225,49.07749077490775,2,stable,0.0001171601,0.0001577764,0.001977708,4.0616299999999986e-05,1,0,0,1,"maintenance,production",scheduled_CIP,1,0,1,26.0,CIP_extra,fouling
asset_05,asset_05_C00011,asset_05_C00011,11,1434,2026-01-16 09:42:00+00:00,2026-01-17 09:35:00+00:00,23.883333333333333,23.9,1.0,1394,97.21059972105998,40,0,34.30962343096235,65.69037656903765,32.42467718794835,67.57532281205165,2,stable,0.0001577775,0.0001109524,0.0027946961,-4.682510000000001e-05,1,0,0,0,"CIP_acid,CIP_alkaline,production",CIP_extra,1,1,0,40.0,scheduled_CIP,preventive
asset_05,asset_05_C00012,asset_05_C00012,12,1045,2026-01-17 16:48:00+00:00,2026-01-18 10:12:00+00:00,17.4,17.416666666666668,1.0,990,94.73684210526316,0,55,44.01913875598086,55.980861244019145,40.909090909090914,59.09090909090909,2,stable,0.0001109557,2.52566e-05,0.0019813245,-8.56991e-05,1,0,0,1,"maintenance,production",scheduled_CIP,1,0,1,55.0,CIP_extra,fouling
asset_05,asset_05_C00013,asset_05_C00013,13,779,2026-01-19 05:09:00+00:00,2026-01-19 18:07:00+00:00,12.966666666666667,12.983333333333333,1.0,719,92.29781771501925,49,11,52.374839537869065,47.625160462130935,48.400556328233655,51.599443671766345,2,stable,2.52591e-05,4.18858e-05,0.0016222432,1.6626699999999998e-05,1,1,30,1,"CIP_acid,CIP_alkaline,maintenance,production",CIP_extra,2,1,1,60.0,"scheduled_CIP,unclog","clogging,preventive"
asset_05,asset_05_C00014,asset_05_C00014,14,735,2026-01-20 07:04:00+00:00,2026-01-20 19:18:00+00:00,12.233333333333333,12.25,1.0,684,93.06122448979592,51,0,47.074829931972786,52.925170068027214,43.12865497076023,56.87134502923976,2,stable,4.18961e-05,7.81332e-05,0.0018468604,3.6237100000000006e-05,1,0,0,0,"CIP_acid,CIP_alkaline,production",scheduled_CIP,1,1,0,51.0,scheduled_CIP,preventive
asset_05,asset_05_C00015,asset_05_C00015,15,1698,2026-01-21 09:46:00+00:00,2026-01-22 14:03:00+00:00,28.283333333333335,28.3,1.0,1638,96.46643109540636,38,22,35.924617196702,64.075382803298,33.57753357753357,66.42246642246641,2,stable,7.8134e-05,0.0001639743,0.00223946,8.58403e-05,1,1,15,1,"CIP_acid,CIP_alkaline,maintenance,production",scheduled_CIP,2,1,1,60.0,"scheduled_CIP,unclog","clogging,preventive"
asset_05,asset_05_C00016,asset_05_C00016,16,1371,2026-01-23 00:59:00+00:00,2026-01-23 23:49:00+00:00,22.833333333333332,22.85,1.0,1318,96.1342086068563,35,18,33.98978847556528,66.01021152443471,31.33535660091047,68.66464339908953,2,stable,0.0001639748,0.0001720043,0.0022064741,8.029500000000008e-06,1,1,15,1,"CIP_acid,CIP_alkaline,maintenance,production",scheduled_CIP,2,1,1,53.0,"scheduled_CIP,unclog","clogging,preventive"
asset_05,asset_05_C00017,asset_05_C00017,17,1045,2026-01-24 10:47:00+00:00,2026-01-25 04:11:00+00:00,17.4,17.416666666666668,1.0,974,93.20574162679426,34,37,37.41626794258373,62.58373205741626,32.85420944558521,67.14579055441479,2,stable,0.0001720064,0.0001511067,0.0024113958,-2.08997e-05,1,1,24,1,"CIP_acid,CIP_alkaline,maintenance,production",scheduled_CIP,2,1,1,71.0,"scheduled_CIP,unclog","clogging,preventive"
asset_05,asset_05_C00018,asset_05_C00018,18,1023,2026-01-25 14:25:00+00:00,2026-01-26 07:27:00+00:00,17.033333333333335,17.05,1.0,983,96.08993157380255,40,0,30.596285434995114,69.40371456500489,27.77212614445575,72.22787385554426,2,stable,0.0001511087,0.0001486646,0.0022059147,-2.444099999999999e-06,1,0,0,0,"CIP_acid,CIP_alkaline,production",scheduled_CIP,1,1,0,40.0,scheduled_CIP,preventive
asset_06,asset_06_C00001,asset_06_C00001,1,909,2026-01-01 03:13:00+00:00,2026-01-01 18:21:00+00:00,15.133333333333333,15.15,1.0,832,91.52915291529153,33,44,32.01320132013201,67.98679867986799,25.721153846153843,74.27884615384616,2,stable,4.5999e-05,0.0001931936,0.002428614,0.0001471946,1,1,26,1,"CIP_acid,CIP_alkaline,maintenance,production",none,2,1,1,77.0,"scheduled_CIP,unclog","clogging,preventive"
asset_06,asset_06_C00002,asset_06_C00002,2,786,2026-01-02 00:25:00+00:00,2026-01-02 13:30:00+00:00,13.083333333333334,13.1,1.0,740,94.14758269720102,46,0,61.704834605597966,38.295165394402034,59.32432432432433,40.67567567567568,2,stable,0.0001932023,7.21316e-05,0.0027707193,-0.0001210707,1,0,0,0,"CIP_acid,CIP_alkaline,production",scheduled_CIP,1,1,0,46.0,scheduled_CIP,preventive
asset_06,asset_06_C00003,asset_06_C00003,3,832,2026-01-03 12:04:00+00:00,2026-01-04 01:55:00+00:00,13.85,13.866666666666667,1.0,768,92.3076923076923,43,21,48.19711538461539,51.80288461538461,43.88020833333333,56.119791666666664,2,stable,7.21349e-05,5.18239e-05,0.0022383601,-2.031100000000001e-05,1,1,15,1,"CIP_acid,CIP_alkaline,maintenance,production",scheduled_CIP,2,1,1,64.0,"scheduled_CIP,unclog","clogging,preventive"
asset_06,asset_06_C00004,asset_06_C00004,4,1226,2026-01-04 17:05:00+00:00,2026-01-05 13:30:00+00:00,20.416666666666668,20.433333333333334,1.0,1174,95.75856443719412,0,52,22.512234910277325,77.48776508972267,19.08006814310051,80.91993185689948,2,stable,5.18247e-05,9.7764e-06,0.0025164121,-4.2048299999999995e-05,1,0,0,1,"maintenance,production",scheduled_CIP,1,0,1,52.0,CIP_extra,fouling
asset_06,asset_06_C00005,asset_06_C00005,5,1199,2026-01-05 22:51:00+00:00,2026-01-06 18:49:00+00:00,19.966666666666665,19.983333333333334,1.0,1174,97.91492910758966,25,0,27.356130108423688,72.64386989157632,25.809199318568993,74.190800681431,2,stable,9.7768e-06,0.0002636947,0.0016643684,0.00025391789999999997,1,0,0,0,"CIP_acid,CIP_alkaline,production",CIP_extra,1,1,0,25.0,scheduled_CIP,preventive
asset_06,asset_06_C00006,asset_06_C00006,6,1231,2026-01-07 13:42:00+00:00,2026-01-08 10:12:00+00:00,20.5,20.516666666666666,1.0,1166,94.71974004874086,41,24,37.36799350121852,62.63200649878148,33.876500857632934,66.12349914236707,2,stable,0.0002636958,9.09699e-05,0.0024289033,-0.0001727259,1,1,14,1,"CIP_acid,CIP_alkaline,maintenance,production",scheduled_CIP,2,1,1,65.0,"scheduled_CIP,unclog","clogging,preventive"
asset_06,asset_06_C00007,asset_06_C00007,7,839,2026-01-08 13:46:00+00:00,2026-01-09 03:44:00+00:00,13.966666666666667,13.983333333333333,1.0,767,91.41835518474375,45,27,40.524433849821214,59.475566150178786,34.94132985658409,65.05867014341591,2,stable,9.09726e-05,4.2067e-05,0.0026209867,-4.8905599999999995e-05,1,1,8,1,"CIP_acid,CIP_alkaline,maintenance,production",scheduled_CIP,2,1,1,72.0,"scheduled_CIP,unclog","clogging,preventive"
asset_06,asset_06_C00008,asset_06_C00008,8,1281,2026-01-09 19:36:00+00:00,2026-01-10 16:56:00+00:00,21.333333333333332,21.35,1.0,1238,96.64324746291959,43,0,38.71975019516003,61.28024980483997,36.591276252019384,63.40872374798061,2,stable,4.20692e-05,0.0001044584,0.0028195994,6.23892e-05,1,0,0,0,"CIP_acid,CIP_alkaline,production",scheduled_CIP,1,1,0,43.0,scheduled_CIP,preventive
asset_06,asset_06_C00009,asset_06_C00009,9,773,2026-01-11 07:19:00+00:00,2026-01-11 20:11:00+00:00,12.866666666666667,12.883333333333333,1.0,697,90.16817593790427,39,37,32.082794307891334,67.91720569210867,24.67718794835007,75.32281205164992,2,stable,0.0001044616,7.49779e-05,0.0020139765,-2.9483699999999997e-05,1,1,29,1,"CIP_acid,CIP_alkaline,maintenance,production",scheduled_CIP,2,1,1,76.0,"scheduled_CIP,unclog","clogging,preventive"
asset_06,asset_06_C00010,asset_06_C00010,10,1527,2026-01-12 09:06:00+00:00,2026-01-13 10:32:00+00:00,25.433333333333334,25.45,1.0,1486,97.31499672560577,41,0,33.20235756385069,66.7976424361493,31.35935397039031,68.64064602960968,2,stable,7.49786e-05,5.68879e-05,0.0014718099,-1.80907e-05,1,0,0,0,"CIP_acid,CIP_alkaline,production",scheduled_CIP,1,1,0,41.0,scheduled_CIP,preventive
asset_06,asset_06_C00011,asset_06_C00011,11,628,2026-01-13 18:31:00+00:00,2026-01-14 04:58:00+00:00,10.45,10.466666666666667,1.0,588,93.63057324840764,40,0,61.146496815286625,38.853503184713375,58.50340136054422,41.49659863945578,2,stable,5.69064e-05,0.0001038855,0.0017103818,4.697909999999999e-05,1,0,0,0,"CIP_acid,CIP_alkaline,production",scheduled_CIP,1,1,0,40.0,scheduled_CIP,preventive
asset_06,asset_06_C00012,asset_06_C00012,12,1705,2026-01-14 21:34:00+00:00,2026-01-16 01:58:00+00:00,28.4,28.416666666666668,1.0,1624,95.24926686217009,42,39,31.55425219941349,68.4457478005865,28.14039408866995,71.85960591133005,2,stable,0.000103886,3.60951e-05,0.00151847,-6.779090000000001e-05,1,1,29,1,"CIP_acid,CIP_alkaline,maintenance,production",scheduled_CIP,2,1,1,81.0,"scheduled_CIP,unclog","clogging,preventive"
asset_06,asset_06_C00013,asset_06_C00013,13,1449,2026-01-16 08:56:00+00:00,2026-01-17 09:04:00+00:00,24.133333333333333,24.15,1.0,1405,96.96342305037957,0,44,24.913733609385783,75.08626639061421,22.562277580071175,77.43772241992882,2,stable,3.60959e-05,0.0001022727,0.00306,6.617679999999999e-05,1,0,0,1,"maintenance,production",scheduled_CIP,1,0,1,44.0,CIP_extra,fouling
asset_06,asset_06_C00014,asset_06_C00014,14,1642,2026-01-18 02:20:00+00:00,2026-01-19 05:41:00+00:00,27.35,27.366666666666667,1.0,1564,95.24969549330085,34,44,23.142509135200974,76.85749086479903,19.30946291560102,80.69053708439897,2,stable,0.000102273,0.0001385917,0.0017434315,3.6318699999999995e-05,1,1,15,1,"CIP_acid,CIP_alkaline,maintenance,production",CIP_extra,2,1,1,78.0,"scheduled_CIP,unclog","clogging,preventive"
asset_06,asset_06_C00015,asset_06_C00015,15,1403,2026-01-19 10:21:00+00:00,2026-01-20 09:43:00+00:00,23.366666666666667,23.383333333333333,1.0,1369,97.57662152530293,34,0,36.8496079828938,63.150392017106206,35.28122717311907,64.71877282688094,2,stable,0.0001385922,7.8564e-05,0.001396687,-6.00282e-05,1,0,0,0,"CIP_acid,CIP_alkaline,production",scheduled_CIP,1,1,0,34.0,scheduled_CIP,preventive
asset_06,asset_06_C00016,asset_06_C00016,16,876,2026-01-20 15:49:00+00:00,2026-01-21 06:24:00+00:00,14.583333333333334,14.6,1.0,838,95.662100456621,38,0,46.23287671232877,53.76712328767124,43.794749403341285,56.20525059665871,2,stable,7.85691e-05,0.0001049828,0.0023041234,2.6413699999999987e-05,1,0,0,0,"CIP_acid,CIP_alkaline,production",scheduled_CIP,1,1,0,38.0,scheduled_CIP,preventive
asset_06,asset_06_C00017,asset_06_C00017,17,1084,2026-01-22 03:59:00+00:00,2026-01-22 22:02:00+00:00,18.05,18.066666666666666,1.0,1054,97.23247232472325,30,0,19.74169741697417,80.25830258302584,17.4573055028463,82.5426944971537,2,stable,0.0001049834,0.0001386496,0.0017086783,3.366620000000001e-05,1,0,0,0,"CIP_acid,CIP_alkaline,production",scheduled_CIP,1,1,0,30.0,scheduled_CIP,preventive
asset_06,asset_06_C00018,asset_06_C00018,18,1036,2026-01-23 07:50:00+00:00,2026-01-24 01:05:00+00:00,17.25,17.266666666666666,1.0,994,95.94594594594595,42,0,17.18146718146718,82.81853281853282,13.682092555331993,86.31790744466801,2,stable,0.0001386505,5.44165e-05,0.0018139703,-8.423399999999998e-05,1,0,0,0,"CIP_acid,CIP_alkaline,production",scheduled_CIP,1,1,0,42.0,scheduled_CIP,preventive
asset_07,asset_07_C00001,asset_07_C00001,1,1412,2026-01-01 05:42:00+00:00,2026-01-02 05:13:00+00:00,23.516666666666666,23.533333333333335,1.0,1373,97.23796033994334,39,0,30.38243626062323,69.61756373937678,28.404952658412235,71.59504734158776,2,stable,4.14001e-05,0.0001511687,0.0018362022,0.0001097686,1,0,0,0,"CIP_acid,CIP_alkaline,production",none,1,1,0,39.0,scheduled_CIP,preventive
asset_07,asset_07_C00002,asset_07_C00002,2,1076,2026-01-02 19:48:00+00:00,2026-01-03 13:43:00+00:00,17.916666666666668,17.933333333333334,1.0,1040,96.6542750929368,36,0,61.05947955390335,38.940520446096656,59.71153846153846,40.28846153846154,2,stable,0.0001511746,0.0001044521,0.001731271,-4.67225e-05,1,0,0,0,"CIP_acid,CIP_alkaline,production",scheduled_CIP,1,1,0,36.0,scheduled_CIP,preventive
asset_07,asset_07_C00003,asset_07_C00003,3,1543,2026-01-03 21:10:00+00:00,2026-01-04 22:52:00+00:00,25.7,25.716666666666665,1.0,1502,97.34283862605314,41,0,21.451717433570966,78.54828256642904,19.307589880159785,80.6924101198402,2,stable,0.0001044526,7.27372e-05,0.0015175184,-3.171539999999999e-05,1,0,0,0,"CIP_acid,CIP_alkaline,production",scheduled_CIP,1,1,0,41.0,scheduled_CIP,preventive
asset_07,asset_07_C00004,asset_07_C00004,4,922,2026-01-05 02:29:00+00:00,2026-01-05 17:50:00+00:00,15.35,15.366666666666667,1.0,897,97.2885032537961,25,0,43.817787418655094,56.182212581344906,42.25195094760312,57.74804905239688,2,stable,7.27402e-05,0.0002734464,0.0017156695,0.00020070620000000003,1,0,0,0,"CIP_acid,CIP_alkaline,production",scheduled_CIP,1,1,0,25.0,scheduled_CIP,preventive
asset_07,asset_07_C00005,asset_07_C00005,5,1182,2026-01-06 00:42:00+00:00,2026-01-06 20:23:00+00:00,19.683333333333334,19.7,1.0,1136,96.1082910321489,46,0,22.927241962774957,77.07275803722504,19.806338028169016,80.19366197183099,2,stable,0.0002734467,7.0262e-05,0.0017654177,-0.00020318470000000002,1,0,0,0,"CIP_acid,CIP_alkaline,production",scheduled_CIP,1,1,0,46.0,scheduled_CIP,preventive
asset_07,asset_07_C00006,asset_07_C00006,6,941,2026-01-07 01:34:00+00:00,2026-01-07 17:14:00+00:00,15.666666666666666,15.683333333333334,1.0,913,97.02444208289054,28,0,20.935175345377257,79.06482465462274,18.51040525739321,81.48959474260678,2,stable,7.02632e-05,0.0002428301,0.0016331785,0.0001725669,1,0,0,0,"CIP_acid,CIP_alkaline,production",scheduled_CIP,1,1,0,28.0,scheduled_CIP,preventive
asset_07,asset_07_C00007,asset_07_C00007,7,1609,2026-01-08 09:58:00+00:00,2026-01-09 12:46:00+00:00,26.8,26.816666666666666,1.0,1540,95.71162212554381,37,32,37.041640770665005,62.958359229334995,34.22077922077922,65.77922077922078,2,stable,0.0002428307,0.0001788969,0.0020458088,-6.393379999999999e-05,1,1,27,1,"CIP_acid,CIP_alkaline,maintenance,production",scheduled_CIP,2,1,1,69.0,"scheduled_CIP,unclog","clogging,preventive"
asset_07,asset_07_C00008,asset_07_C00008,8,1148,2026-01-10 02:20:00+00:00,2026-01-10 21:27:00+00:00,19.116666666666667,19.133333333333333,1.0,1102,95.99303135888502,46,0,29.529616724738677,70.47038327526133,26.58802177858439,73.41197822141561,2,stable,0.0001788973,5.29194e-05,0.0022386085,-0.00012597790000000003,1,0,0,0,"CIP_acid,CIP_alkaline,production",scheduled_CIP,1,1,0,46.0,scheduled_CIP,preventive
asset_07,asset_07_C00009,asset_07_C00009,9,887,2026-01-11 03:05:00+00:00,2026-01-11 17:51:00+00:00,14.766666666666667,14.783333333333333,1.0,854,96.27959413754228,33,0,55.69334836527621,44.306651634723785,53.98126463700235,46.01873536299766,2,stable,5.29242e-05,0.000157718,0.00200428,0.0001047938,1,0,0,0,"CIP_acid,CIP_alkaline,production",scheduled_CIP,1,1,0,33.0,scheduled_CIP,preventive
asset_07,asset_07_C00010,asset_07_C00010,10,860,2026-01-12 17:02:00+00:00,2026-01-13 07:21:00+00:00,14.316666666666666,14.333333333333334,1.0,817,95.0,43,0,30.348837209302324,69.65116279069767,26.682986536107713,73.3170134638923,2,stable,0.0001577199,8.91252e-05,0.0024045437,-6.85947e-05,1,0,0,0,"CIP_acid,CIP_alkaline,production",scheduled_CIP,1,1,0,43.0,scheduled_CIP,preventive
asset_07,asset_07_C00011,asset_07_C00011,11,958,2026-01-13 17:44:00+00:00,2026-01-14 09:41:00+00:00,15.95,15.966666666666667,1.0,923,96.34655532359082,35,0,31.315240083507305,68.6847599164927,28.710725893824485,71.28927410617551,2,stable,8.91266e-05,0.0001806808,0.0017820518,9.155420000000001e-05,1,0,0,0,"CIP_acid,CIP_alkaline,production",scheduled_CIP,1,1,0,35.0,scheduled_CIP,preventive
asset_07,asset_07_C00012,asset_07_C00012,12,849,2026-01-14 14:07:00+00:00,2026-01-15 04:15:00+00:00,14.133333333333333,14.15,1.0,797,93.87514723203769,30,22,54.77031802120141,45.22968197879859,51.819322459222086,48.180677540777914,2,stable,0.0001806879,0.0001731927,0.0019658804,-7.495199999999982e-06,1,1,20,1,"CIP_acid,CIP_alkaline,maintenance,production",scheduled_CIP,2,1,1,52.0,"scheduled_CIP,unclog","clogging,preventive"
asset_07,asset_07_C00013,asset_07_C00013,13,778,2026-01-15 11:31:00+00:00,2026-01-16 00:28:00+00:00,12.95,12.966666666666667,1.0,747,96.01542416452442,31,0,52.82776349614395,47.17223650385604,50.870147255689425,49.129852744310575,2,stable,0.0001732016,0.0003548341,0.0025221337,0.00018163249999999997,1,0,0,0,"CIP_acid,CIP_alkaline,production",scheduled_CIP,1,1,0,31.0,scheduled_CIP,preventive
asset_07,asset_07_C00014,asset_07_C00014,14,785,2026-01-16 19:56:00+00:00,2026-01-17 09:00:00+00:00,13.066666666666666,13.083333333333334,1.0,740,94.26751592356688,45,0,64.96815286624204,35.03184713375796,62.83783783783784,37.16216216216216,2,incipient,0.0003548418,7.85145e-05,0.0018314476,-0.00027632730000000003,1,0,0,0,"CIP_acid,CIP_alkaline,production",scheduled_CIP,1,1,0,45.0,scheduled_CIP,preventive
asset_07,asset_07_C00015,asset_07_C00015,15,1548,2026-01-18 07:03:00+00:00,2026-01-19 08:50:00+00:00,25.783333333333335,25.8,1.0,1481,95.671834625323,39,28,30.297157622739018,69.70284237726099,27.14382174206617,72.85617825793382,2,stable,7.85153e-05,9.68868e-05,0.0014625867,1.83715e-05,1,1,30,1,"CIP_acid,CIP_alkaline,maintenance,production",scheduled_CIP,2,1,1,67.0,"scheduled_CIP,unclog","clogging,preventive"
asset_07,asset_07_C00016,asset_07_C00016,16,1233,2026-01-19 17:49:00+00:00,2026-01-20 14:21:00+00:00,20.533333333333335,20.55,1.0,1202,97.48580697485806,31,0,19.383617193836173,80.61638280616383,17.304492512479204,82.6955074875208,2,stable,9.68872e-05,0.0001899332,0.0017606936,9.3046e-05,1,0,0,0,"CIP_acid,CIP_alkaline,production",scheduled_CIP,1,1,0,31.0,scheduled_CIP,preventive
asset_07,asset_07_C00017,asset_07_C00017,17,1667,2026-01-21 05:49:00+00:00,2026-01-22 09:35:00+00:00,27.766666666666666,27.783333333333335,1.0,1640,98.38032393521296,27,0,36.112777444511096,63.8872225554889,35.0609756097561,64.9390243902439,2,stable,0.0001899335,0.0002201365,0.0016823872,3.0202999999999995e-05,1,0,0,0,"CIP_acid,CIP_alkaline,production",scheduled_CIP,1,1,0,27.0,scheduled_CIP,preventive
asset_07,asset_07_C00018,asset_07_C00018,18,1389,2026-01-22 20:27:00+00:00,2026-01-23 19:35:00+00:00,23.133333333333333,23.15,1.0,1350,97.19222462203024,39,0,42.54859611231102,57.45140388768899,40.88888888888889,59.111111111111114,2,stable,0.0002201378,0.000118038,0.0023670632,-0.0001020998,1,0,0,0,"CIP_acid,CIP_alkaline,production",scheduled_CIP,1,1,0,39.0,scheduled_CIP,preventive
asset_08,asset_08_C00001,asset_08_C00001,1,1261,2026-01-01 03:01:00+00:00,2026-01-02 00:01:00+00:00,21.0,21.016666666666666,1.0,1204,95.47977795400476,33,24,22.363203806502778,77.63679619349723,18.687707641196013,81.31229235880399,2,stable,5.58936e-05,0.0001266961,0.0027111683,7.080249999999998e-05,1,1,18,1,"CIP_acid,CIP_alkaline,maintenance,production",none,2,1,1,57.0,"scheduled_CIP,unclog","clogging,preventive"
asset_08,asset_08_C00002,asset_08_C00002,2,1033,2026-01-02 03:36:00+00:00,2026-01-02 20:48:00+00:00,17.2,17.216666666666665,1.0,967,93.6108422071636,50,16,42.78799612778316,57.21200387221684,38.88314374353671,61.116856256463294,2,stable,0.0001266986,2.5513e-05,0.001989461,-0.0001011856,1,1,20,1,"CIP_acid,CIP_alkaline,maintenance,production",scheduled_CIP,2,1,1,66.0,"scheduled_CIP,unclog","clogging,preventive"
asset_08,asset_08_C00003,asset_08_C00003,3,1307,2026-01-03 19:10:00+00:00,2026-01-04 16:56:00+00:00,21.766666666666666,21.783333333333335,1.0,1247,95.40933435348126,34,26,18.286151491966336,81.71384850803366,14.354450681635928,85.64554931836408,2,stable,2.55135e-05,0.0001411025,0.0017099688,0.00011558900000000001,1,1,10,1,"CIP_acid,CIP_alkaline,maintenance,production",scheduled_CIP,2,1,1,60.0,"scheduled_CIP,unclog","clogging,preventive"
asset_08,asset_08_C00004,asset_08_C00004,4,547,2026-01-05 13:43:00+00:00,2026-01-05 22:49:00+00:00,9.1,9.116666666666667,1.0,499,91.22486288848263,48,0,44.24131627056673,55.758683729433265,38.877755511022045,61.12224448897795,2,stable,0.0001411096,3.96576e-05,0.0019149556,-0.000101452,1,0,0,0,"CIP_acid,CIP_alkaline,production",scheduled_CIP,1,1,0,48.0,scheduled_CIP,preventive
asset_08,asset_08_C00005,asset_08_C00005,5,622,2026-01-06 13:12:00+00:00,2026-01-06 23:33:00+00:00,10.35,10.366666666666667,1.0,570,91.63987138263666,38,14,50.80385852090033,49.19614147909968,46.31578947368421,53.68421052631579,2,stable,3.9663e-05,0.0001806482,0.0021793185,0.0001409852,1,1,25,1,"CIP_acid,CIP_alkaline,maintenance,production",scheduled_CIP,2,1,1,52.0,"scheduled_CIP,unclog","clogging,preventive"
asset_08,asset_08_C00006,asset_08_C00006,6,1057,2026-01-07 07:08:00+00:00,2026-01-08 00:44:00+00:00,17.6,17.616666666666667,1.0,1011,95.6480605487228,46,0,55.81835383159886,44.18164616840114,53.80811078140455,46.19188921859545,2,stable,0.0001806499,4.09754e-05,0.001435834,-0.00013967449999999999,1,0,0,0,"CIP_acid,CIP_alkaline,production",scheduled_CIP,1,1,0,46.0,scheduled_CIP,preventive
asset_08,asset_08_C00007,asset_08_C00007,7,1241,2026-01-08 13:49:00+00:00,2026-01-09 10:29:00+00:00,20.666666666666668,20.683333333333334,1.0,1204,97.01853344077357,37,0,34.00483481063659,65.99516518936342,31.976744186046513,68.02325581395348,2,stable,4.09773e-05,0.0001612596,0.0018211182,0.0001202823,1,0,0,0,"CIP_acid,CIP_alkaline,production",scheduled_CIP,1,1,0,37.0,scheduled_CIP,preventive
asset_08,asset_08_C00008,asset_08_C00008,8,1006,2026-01-09 17:14:00+00:00,2026-01-10 09:59:00+00:00,16.75,16.766666666666666,1.0,961,95.52683896620279,45,0,35.586481113320076,64.41351888667992,32.57023933402706,67.42976066597295,2,stable,0.0001612603,5.90813e-05,0.0016025999,-0.00010217900000000001,1,0,0,0,"CIP_acid,CIP_alkaline,production",scheduled_CIP,1,1,0,45.0,scheduled_CIP,preventive
asset_08,asset_08_C00009,asset_08_C00009,9,1161,2026-01-11 01:30:00+00:00,2026-01-11 20:50:00+00:00,19.333333333333332,19.35,1.0,1122,96.64082687338501,39,0,28.5099052540913,71.49009474590869,26.02495543672014,73.97504456327985,2,stable,5.90823e-05,6.12725e-05,0.0017890921,2.190199999999998e-06,1,0,0,0,"CIP_acid,CIP_alkaline,production",scheduled_CIP,1,1,0,39.0,scheduled_CIP,preventive
asset_08,asset_08_C00010,asset_08_C00010,10,1306,2026-01-12 02:28:00+00:00,2026-01-13 00:13:00+00:00,21.75,21.766666666666666,1.0,1244,95.25267993874425,38,24,13.32312404287902,86.67687595712098,9.003215434083602,90.9967845659164,2,stable,6.12728e-05,7.54184e-05,0.0012155,1.4145600000000009e-05,1,1,30,1,"CIP_acid,CIP_alkaline,maintenance,production",scheduled_CIP,2,1,1,62.0,"scheduled_CIP,unclog","clogging,preventive"
asset_08,asset_08_C00011,asset_08_C00011,11,1308,2026-01-13 21:48:00+00:00,2026-01-14 19:35:00+00:00,21.783333333333335,21.8,1.0,1248,95.41284403669725,35,25,32.95107033639144,67.04892966360856,29.727564102564102,70.2724358974359,2,stable,7.54195e-05,0.0001259775,0.0015229797,5.0558e-05,1,1,29,1,"CIP_acid,CIP_alkaline,maintenance,production",scheduled_CIP,2,1,1,60.0,"scheduled_CIP,unclog","clogging,preventive"
asset_08,asset_08_C00012,asset_08_C00012,12,1539,2026-01-15 03:29:00+00:00,2026-01-16 05:07:00+00:00,25.633333333333333,25.65,1.0,1473,95.71150097465888,38,28,35.86744639376218,64.13255360623782,32.9938900203666,67.0061099796334,2,stable,0.0001259782,0.0001259595,0.0018616437,-1.8699999999980017e-08,1,1,8,1,"CIP_acid,CIP_alkaline,maintenance,production",scheduled_CIP,2,1,1,66.0,"scheduled_CIP,unclog","clogging,preventive"
asset_08,asset_08_C00013,asset_08_C00013,13,778,2026-01-17 05:23:00+00:00,2026-01-17 18:20:00+00:00,12.95,12.966666666666667,1.0,746,95.88688946015424,32,0,32.77634961439589,67.22365038560412,29.892761394101875,70.10723860589813,2,stable,0.0001259613,0.0001284296,0.0016315294,2.4682999999999845e-06,1,0,0,0,"CIP_acid,CIP_alkaline,production",scheduled_CIP,1,1,0,32.0,scheduled_CIP,preventive
asset_08,asset_08_C00014,asset_08_C00014,14,611,2026-01-18 11:59:00+00:00,2026-01-18 22:09:00+00:00,10.166666666666666,10.183333333333334,1.0,565,92.47135842880523,0,46,54.6644844517185,45.335515548281506,50.97345132743363,49.02654867256637,2,stable,0.0001284385,2.18372e-05,0.0019701886,-0.00010660129999999999,1,0,0,1,"maintenance,production",scheduled_CIP,1,0,1,46.0,CIP_extra,fouling
asset_08,asset_08_C00015,asset_08_C00015,15,959,2026-01-19 07:10:00+00:00,2026-01-19 23:08:00+00:00,15.966666666666667,15.983333333333333,1.0,894,93.2221063607925,49,16,48.175182481751825,51.82481751824818,44.407158836689035,55.59284116331096,2,stable,2.18421e-05,6.44785e-05,0.0018229897,4.26364e-05,1,1,21,1,"CIP_acid,CIP_alkaline,maintenance,production",CIP_extra,2,1,1,65.0,"scheduled_CIP,unclog","clogging,preventive"
asset_08,asset_08_C00016,asset_08_C00016,16,1165,2026-01-20 11:52:00+00:00,2026-01-21 07:16:00+00:00,19.4,19.416666666666668,1.0,1126,96.65236051502146,39,0,45.15021459227468,54.84978540772533,43.250444049733574,56.749555950266426,2,stable,6.448e-05,6.64122e-05,0.002184377,1.932199999999995e-06,1,0,0,0,"CIP_acid,CIP_alkaline,production",scheduled_CIP,1,1,0,39.0,scheduled_CIP,preventive
asset_08,asset_08_C00017,asset_08_C00017,17,1040,2026-01-21 13:52:00+00:00,2026-01-22 07:11:00+00:00,17.316666666666666,17.333333333333332,1.0,951,91.4423076923077,44,45,35.48076923076923,64.51923076923077,29.44269190325973,70.55730809674029,2,stable,6.64131e-05,4.73632e-05,0.0016766589,-1.9049899999999995e-05,1,1,27,1,"CIP_acid,CIP_alkaline,maintenance,production",scheduled_CIP,2,1,1,89.0,"scheduled_CIP,unclog","clogging,preventive"
asset_08,asset_08_C00018,asset_08_C00018,18,1154,2026-01-23 07:05:00+00:00,2026-01-24 02:18:00+00:00,19.216666666666665,19.233333333333334,1.0,1106,95.84055459272098,48,0,32.49566724436742,67.50433275563257,29.56600361663653,70.43399638336348,2,stable,4.73645e-05,4.82099e-05,0.0023484612,8.454000000000038e-07,1,0,0,0,"CIP_acid,CIP_alkaline,production",scheduled_CIP,1,1,0,48.0,scheduled_CIP,preventive
asset_09,asset_09_C00001,asset_09_C00001,1,738,2026-01-01 03:53:00+00:00,2026-01-01 16:10:00+00:00,12.283333333333333,12.3,1.0,698,94.57994579945799,40,0,44.71544715447154,55.28455284552846,41.54727793696275,58.45272206303726,2,stable,5.67597e-05,0.0001721043,0.0017494077,0.00011534460000000001,1,0,0,0,"CIP_acid,CIP_alkaline,production",none,1,1,0,40.0,scheduled_CIP,preventive
asset_09,asset_09_C00002,asset_09_C00002,2,1084,2026-01-02 06:30:00+00:00,2026-01-03 00:33:00+00:00,18.05,18.066666666666666,1.0,1036,95.5719557195572,48,0,45.018450184501845,54.981549815498155,42.471042471042466,57.52895752895753,2,stable,0.0001721072,0.0001139741,0.0020297926,-5.81331e-05,1,0,0,0,"CIP_acid,CIP_alkaline,production",scheduled_CIP,1,1,0,48.0,scheduled_CIP,preventive
asset_09,asset_09_C00003,asset_09_C00003,3,1310,2026-01-03 23:06:00+00:00,2026-01-04 20:55:00+00:00,21.816666666666666,21.833333333333332,1.0,1235,94.27480916030534,41,34,29.00763358778626,70.99236641221374,24.696356275303643,75.30364372469636,2,stable,0.0001139746,9.22524e-05,0.0020980793,-2.1722200000000007e-05,1,1,13,1,"CIP_acid,CIP_alkaline,maintenance,production",scheduled_CIP,2,1,1,75.0,"scheduled_CIP,unclog","clogging,preventive"
asset_09,asset_09_C00004,asset_09_C00004,4,1261,2026-01-05 05:35:00+00:00,2026-01-06 02:35:00+00:00,21.0,21.016666666666666,1.0,1190,94.3695479777954,45,26,52.33941316415544,47.66058683584457,49.49579831932773,50.50420168067227,2,stable,9.22552e-05,0.0001084961,0.0023484962,1.6240900000000002e-05,1,1,27,1,"CIP_acid,CIP_alkaline,maintenance,production",scheduled_CIP,2,1,1,71.0,"scheduled_CIP,unclog","clogging,preventive"
asset_09,asset_09_C00005,asset_09_C00005,5,973,2026-01-06 12:20:00+00:00,2026-01-07 04:32:00+00:00,16.2,16.216666666666665,1.0,922,94.7584789311408,51,0,45.11819116135663,54.88180883864337,42.0824295010846,57.9175704989154,2,stable,0.0001085014,2.8852e-05,0.0015388111,-7.96494e-05,1,0,0,0,"CIP_acid,CIP_alkaline,production",scheduled_CIP,1,1,0,51.0,scheduled_CIP,preventive
asset_09,asset_09_C00006,asset_09_C00006,6,715,2026-01-07 10:25:00+00:00,2026-01-07 22:19:00+00:00,11.9,11.916666666666666,1.0,682,95.38461538461539,33,0,27.692307692307693,72.3076923076923,24.193548387096776,75.80645161290323,2,stable,2.88534e-05,8.44839e-05,0.0012155,5.56305e-05,1,0,0,0,"CIP_acid,CIP_alkaline,production",scheduled_CIP,1,1,0,33.0,scheduled_CIP,preventive
asset_09,asset_09_C00007,asset_09_C00007,7,954,2026-01-08 06:57:00+00:00,2026-01-08 22:50:00+00:00,15.883333333333333,15.9,1.0,872,91.40461215932915,38,44,52.620545073375254,47.37945492662474,48.1651376146789,51.8348623853211,2,stable,8.44868e-05,0.0001259222,0.0025126401,4.14354e-05,1,1,18,1,"CIP_acid,CIP_alkaline,maintenance,production",scheduled_CIP,2,1,1,82.0,"scheduled_CIP,unclog","clogging,preventive"
asset_09,asset_09_C00008,asset_09_C00008,8,1169,2026-01-09 20:19:00+00:00,2026-01-10 15:47:00+00:00,19.466666666666665,19.483333333333334,1.0,1125,96.23609923011121,44,0,32.42087254063302,67.57912745936699,29.777777777777775,70.22222222222221,2,stable,0.0001259231,0.0001291899,0.0020930006,3.2668000000000074e-06,1,0,0,0,"CIP_acid,CIP_alkaline,production",scheduled_CIP,1,1,0,44.0,scheduled_CIP,preventive
asset_09,asset_09_C00009,asset_09_C00009,9,1345,2026-01-11 09:38:00+00:00,2026-01-12 08:02:00+00:00,22.4,22.416666666666668,1.0,1315,97.76951672862454,30,0,48.847583643122675,51.152416356877325,47.68060836501901,52.319391634980995,2,stable,0.0001291921,0.0003257796,0.0021928603,0.00019658749999999997,1,0,0,0,"CIP_acid,CIP_alkaline,production",scheduled_CIP,1,1,0,30.0,scheduled_CIP,preventive
asset_09,asset_09_C00010,asset_09_C00010,10,1539,2026-01-13 03:31:00+00:00,2026-01-14 05:09:00+00:00,25.633333333333333,25.65,1.0,1459,94.80181936322288,49,31,42.4301494476933,57.56985055230669,39.273474982864975,60.726525017135025,2,stable,0.0003257803,4.18928e-05,0.0019594304,-0.0002838875,1,1,21,1,"CIP_acid,CIP_alkaline,maintenance,production",scheduled_CIP,2,1,1,80.0,"scheduled_CIP,unclog","clogging,preventive"
asset_09,asset_09_C00011,asset_09_C00011,11,879,2026-01-15 00:15:00+00:00,2026-01-15 14:53:00+00:00,14.633333333333333,14.65,1.0,839,95.44937428896473,40,0,47.2127417519909,52.7872582480091,44.69606674612634,55.30393325387366,2,stable,4.19069e-05,9.39069e-05,0.0014187062,5.2000000000000004e-05,1,0,0,0,"CIP_acid,CIP_alkaline,production",scheduled_CIP,1,1,0,40.0,scheduled_CIP,preventive
asset_09,asset_09_C00012,asset_09_C00012,12,1389,2026-01-16 04:05:00+00:00,2026-01-17 03:13:00+00:00,23.133333333333333,23.15,1.0,1319,94.96040316774658,42,28,27.06983441324694,72.93016558675306,23.199393479909023,76.80060652009098,2,stable,9.39073e-05,6.44501e-05,0.0015712049,-2.94572e-05,1,1,14,1,"CIP_acid,CIP_alkaline,maintenance,production",scheduled_CIP,2,1,1,70.0,"scheduled_CIP,unclog","clogging,preventive"
asset_09,asset_09_C00013,asset_09_C00013,13,625,2026-01-17 08:26:00+00:00,2026-01-17 18:50:00+00:00,10.4,10.416666666666666,1.0,544,87.04,44,37,57.599999999999994,42.4,51.28676470588235,48.713235294117645,2,stable,6.44747e-05,5.28814e-05,0.002120769,-1.1593300000000003e-05,1,1,15,1,"CIP_acid,CIP_alkaline,maintenance,production",scheduled_CIP,2,1,1,81.0,"scheduled_CIP,unclog","clogging,preventive"
asset_09,asset_09_C00014,asset_09_C00014,14,1116,2026-01-18 10:39:00+00:00,2026-01-19 05:14:00+00:00,18.583333333333332,18.6,1.0,1079,96.68458781362007,37,0,48.74551971326165,51.25448028673835,46.98795180722892,53.01204819277109,2,stable,5.28852e-05,0.0001551127,0.0017988279,0.00010222749999999999,1,0,0,0,"CIP_acid,CIP_alkaline,production",scheduled_CIP,1,1,0,37.0,scheduled_CIP,preventive
asset_09,asset_09_C00015,asset_09_C00015,15,682,2026-01-19 22:17:00+00:00,2026-01-20 09:38:00+00:00,11.35,11.366666666666667,1.0,610,89.44281524926686,28,44,63.489736070381234,36.510263929618766,59.18032786885246,40.81967213114754,2,stable,0.0001551197,0.0001470016,0.0015673562,-8.1181e-06,1,1,22,1,"CIP_acid,CIP_alkaline,maintenance,production",scheduled_CIP,2,1,1,72.0,"scheduled_CIP,unclog","clogging,preventive"
asset_09,asset_09_C00016,asset_09_C00016,16,1521,2026-01-21 01:19:00+00:00,2026-01-22 02:39:00+00:00,25.333333333333332,25.35,1.0,1485,97.63313609467455,36,0,31.886916502301116,68.11308349769888,30.23569023569024,69.76430976430976,2,stable,0.0001470021,0.0001378204,0.0013321286,-9.1817e-06,1,0,0,0,"CIP_acid,CIP_alkaline,production",scheduled_CIP,1,1,0,36.0,scheduled_CIP,preventive
asset_09,asset_09_C00017,asset_09_C00017,17,1663,2026-01-22 14:23:00+00:00,2026-01-23 18:05:00+00:00,27.7,27.716666666666665,1.0,1616,97.17378232110643,47,0,29.464822609741432,70.53517739025857,27.413366336633665,72.58663366336634,2,stable,0.0001378209,0.000134924,0.0023256154,-2.896899999999989e-06,1,0,0,0,"CIP_acid,CIP_alkaline,production",scheduled_CIP,1,1,0,47.0,scheduled_CIP,preventive
asset_09,asset_09_C00018,asset_09_C00018,18,1584,2026-01-23 22:09:00+00:00,2026-01-25 00:32:00+00:00,26.383333333333333,26.4,1.0,1502,94.82323232323232,39,43,26.452020202020204,73.5479797979798,22.436750998668444,77.56324900133156,2,stable,0.0001349245,0.0001364315,0.0018676804,1.506999999999984e-06,1,1,28,1,"CIP_acid,CIP_alkaline,maintenance,production",scheduled_CIP,2,1,1,82.0,"scheduled_CIP,unclog","clogging,preventive"
