asset_id,sequence_id,timestamp,phase,maintenance_active,pred_severity,pred_stage,pred_stage_name,p_stage0,p_stage1,p_stage2,p_foul_h,p_watch_fouling,p_actionable_foul_h,p_actionable_fouling,p_clog_h,pred_tte_foul_min,pred_tte_clog_min,pred_ttu_min,flow_kg_s,dP_kPa,vibration_mm_s,thermal_eff_proxy,heat_proxy,resid_flow_kg_s,resid_dP_kPa,resid_vibration_mm_s,resid_thermal_eff_proxy,dP_kPa_slope15,vibration_mm_s_slope15,milk_type,asset_family,fault_type,ttm_to_planned_cip_min,operator_status,priority,recommended_action,cause,activated_predicates,alert_type,actionable_alert,watch_fouling,actionable_fouling
asset_00,asset_00_C00002,2026-01-03 11:03:00+00:00,production,0,0.0006807743338868022,1,incipient,0.0457829013466835,0.9494998455047607,0.00471732160076499,0.27720001339912415,0.27720001339912415,0.0009493124671280384,0.0009493124671280384,0.0021486589685082436,67.25166320800781,48.09978485107422,111.05419921875,5.319238,264.627572,2.304968,0.06697507406074912,10.635991915853998,-0.05925220996141434,0.6567639708518982,0.43518486618995667,-1.3719563484191895,7.250154000000009,-0.06701699999999988,semi_skim,robust_phe,fouling,186.0,Obstrucción probable,high,inspección hidráulica / desatasco,firma hidráulica compatible con obstrucción próxima,HighVib + ThermalDrop,clogging,1,1,0
asset_00,asset_00_C00002,2026-01-03 13:33:00+00:00,production,0,0.0015569607494398952,2,advanced,1.6499836874572793e-07,0.0032282446045428514,0.996771514415741,0.00012851538485847414,0.00012851538485847414,0.0027731326408684254,0.0027731326408684254,0.004200376570224762,32.195228576660156,22.23792839050293,16.229585647583008,3.082507,1391.060753,10.543762,0.06299496265921811,6.041759957604995,-2.350301742553711,5.047194957733154,8.136669158935547,-1.5313760042190552,136.1194069999999,0.23041499999999893,semi_skim,robust_phe,clogging,36.0,Obstrucción probable,high,inspección hidráulica / desatasco,firma hidráulica compatible con obstrucción próxima,LowFlow + HighVib + ThermalDrop + DPRising,clogging,1,1,0
asset_00,asset_00_C00003,2026-01-04 06:00:00+00:00,production,0,0.0005079847760498524,0,stable,0.8845821022987366,0.1152278408408165,0.00018999419989995658,0.991136908531189,0.991136908531189,0.0002933384384959936,0.0002933384384959936,0.0014614849351346493,12.735191345214844,46.59941101074219,104.99005889892578,6.060856,191.371115,2.061621,0.08466189322270394,16.537172873976004,0.7003757953643799,0.3712366819381714,0.2077082246541977,-0.6635270714759827,42.07230200000001,0.04716200000000015,semi_skim,robust_phe,none,153.0,Obstrucción probable,high,inspección hidráulica / desatasco,firma hidráulica compatible con obstrucción próxima,ThermalDrop + DPRising + WatchFoulProb,clogging,1,1,0
asset_00,asset_00_C00003,2026-01-04 07:30:00+00:00,production,0,0.00104061933234334,1,incipient,7.883013495302293e-06,0.9059577584266663,0.09403438121080399,0.00024472232325933874,0.00024472232325933874,0.009747171774506569,0.009747171774506569,0.004987590946257114,97.38685607910156,48.557701110839844,101.82328033447266,5.913278,473.648812,3.117355,0.07434625479133605,13.797575736237988,0.5492138862609863,1.4714534282684326,1.194590449333191,-1.0767104625701904,100.91566399999999,0.29552200000000006,semi_skim,robust_phe,fouling,63.0,Obstrucción probable,high,inspección hidráulica / desatasco,firma hidráulica compatible con obstrucción próxima,HighVib + ThermalDrop + DPRising + VibSpike,clogging,1,1,0
asset_00,asset_00_C00006,2026-01-08 13:49:00+00:00,production,0,0.0005188513896428049,0,stable,0.67177414894104,0.32801005244255066,0.00021575781283900142,0.9868062734603882,0.9868062734603882,0.0001192053168779239,0.0001192053168779239,0.0010047972900792956,19.698549270629883,50.5147819519043,117.22117614746094,6.51711,253.933658,2.360136,0.0805578760594672,20.04475994943005,1.1677098274230957,0.6150829195976257,0.4867549538612366,-0.8279097080230713,20.41456500000001,-0.159516,skim,robust_phe,none,226.0,Obstrucción probable,high,inspección hidráulica / desatasco,firma hidráulica compatible con obstrucción próxima,HighVib + ThermalDrop + WatchFoulProb,clogging,1,1,0
asset_00,asset_00_C00007,2026-01-10 02:10:00+00:00,production,0,0.0006828942568972707,1,incipient,0.003891258966177702,0.9951871037483215,0.0009216250036843121,0.3967011272907257,0.3967011272907257,0.00026029461878351867,0.00026029461878351867,0.0019539869390428066,75.63187408447266,51.822025299072266,119.21133422851562,6.025998,284.764828,2.425677,0.08822585743802912,16.85516835585004,0.6646713018417358,0.7352517247200012,0.5480215549468994,-0.5207757949829102,12.876156000000037,0.18836399999999998,semi_skim,robust_phe,fouling,265.0,Obstrucción probable,high,inspección hidráulica / desatasco,firma hidráulica compatible con obstrucción próxima,HighVib + ThermalDrop,clogging,1,1,0
asset_00,asset_00_C00008,2026-01-12 01:25:00+00:00,production,0,0.0003919314476661384,0,stable,0.9994223117828369,0.00039923624717630446,0.0001784323831088841,0.006585795897990465,0.006585795897990465,0.0001419625768903643,0.0001419625768903643,0.000107026775367558,72.37079620361328,49.414207458496094,118.53810119628906,6.451749,229.228085,2.22315,0.09150959004698028,19.740584160773988,1.1007615327835083,0.518789529800415,0.35870277881622314,-0.38924890756607056,11.746647999999993,0.0034399999999998876,high_solids,robust_phe,none,399.0,Obstrucción probable,high,inspección hidráulica / desatasco,firma hidráulica compatible con obstrucción próxima,HighVib + ThermalDrop,clogging,1,0,0
asset_00,asset_00_C00008,2026-01-12 03:00:00+00:00,production,0,0.0007154701161198318,1,incipient,0.0001092462771339342,0.9993359446525574,0.0005547719192691147,0.02981385588645935,0.02981385588645935,0.003094467567279935,0.003094467567279935,0.0029101104009896517,88.93445587158203,52.300384521484375,115.07408142089844,6.311388,306.531474,2.616991,0.08922917739505237,18.897305494079962,0.9569919109344482,0.8200902938842773,0.7268586754798889,-0.48058873414993286,15.225606000000028,0.15113600000000016,high_solids,robust_phe,fouling,304.0,Obstrucción probable,high,inspección hidráulica / desatasco,firma hidráulica compatible con obstrucción próxima,HighVib + ThermalDrop,clogging,1,1,0
asset_00,asset_00_C00008,2026-01-12 05:30:00+00:00,production,0,0.0007287748740054667,1,incipient,9.23017505556345e-05,0.9978544116020203,0.0020532391499727964,0.0032593903597444296,0.0032593903597444296,0.008560880087316036,0.008560880087316036,0.00403862027451396,97.65840148925781,52.6590576171875,115.46549987792969,6.354639,378.773451,2.789271,0.08796404382166838,18.376033682888995,1.0012933015823364,1.1016634702682495,0.887903094291687,-0.5312625169754028,11.815283000000022,0.11911799999999984,high_solids,robust_phe,fouling,154.0,Obstrucción probable,high,inspección hidráulica / desatasco,firma hidráulica compatible con obstrucción próxima,HighVib + ThermalDrop,clogging,1,1,0
asset_00,asset_00_C00008,2026-01-12 07:00:00+00:00,production,0,0.0014649551594629884,2,advanced,3.2763091439846903e-06,0.007747868075966835,0.9922488927841187,0.0004123369581066072,0.0004123369581066072,0.0050578187219798565,0.0050578187219798565,0.04822305962443352,100.08541107177734,54.9124755859375,115.28713989257812,5.811425,932.792887,4.843387,0.07542894788795795,14.534385547849999,0.4448874294757843,3.2610316276550293,2.808055877685547,-1.0333441495895386,114.5214259999999,0.4734739999999995,high_solids,robust_phe,fouling,64.0,Obstrucción probable,high,inspección hidráulica / desatasco,firma hidráulica compatible con obstrucción próxima,HighVib + ThermalDrop + DPRising + VibSpike,clogging,1,1,0
asset_00,asset_00_C00009,2026-01-13 16:30:00+00:00,production,0,0.0005840553203597665,1,incipient,0.3132171928882599,0.686187744140625,0.0005950877675786614,0.9665399789810181,0.9665399789810181,9.308679727837443e-05,9.308679727837443e-05,0.0014944160357117653,31.59640121459961,48.32802200317383,109.9375228881836,6.035182,243.729144,2.355502,0.08880418250039164,16.545759247282007,0.6740783452987671,0.5753094553947449,0.48242318630218506,-0.49761152267456055,15.234439999999978,0.040820999999999774,semi_skim,robust_phe,none,101.0,Obstrucción probable,high,inspección hidráulica / desatasco,firma hidráulica compatible con obstrucción próxima,HighVib + ThermalDrop + WatchFoulProb,clogging,1,1,0
asset_00,asset_00_C00011,2026-01-16 08:38:00+00:00,production,0,0.00043360714334994555,0,stable,0.998641312122345,0.0008496682858094573,0.0005090516060590744,0.009526200592517853,0.009526200592517853,0.00015023499145172536,0.00015023499145172536,0.0003339237591717392,71.52786254882812,49.368133544921875,118.01461791992188,6.147008,203.144117,2.222433,0.07696640729323917,14.289273326720004,0.7886199951171875,0.41712361574172974,0.35803255438804626,-0.9717626571655273,6.791507999999993,-0.19589999999999996,skim,robust_phe,none,253.0,Obstrucción probable,high,inspección hidráulica / desatasco,firma hidráulica compatible con obstrucción próxima,HighVib + ThermalDrop,clogging,1,0,0
asset_00,asset_00_C00011,2026-01-16 10:38:00+00:00,production,0,0.000537174055352807,0,stable,0.9194062352180481,0.07781627029180527,0.0027775168418884277,0.2267460972070694,0.2267460972070694,0.00024484621826559305,0.00024484621826559305,0.0012779526878148317,54.788265228271484,48.45586395263672,113.95307159423828,6.1483,268.460945,2.35348,0.0793214380712629,14.53567559740006,0.7899433970451355,0.6717050671577454,0.48053306341171265,-0.8774340748786926,3.7321869999999535,-0.25584000000000007,skim,robust_phe,none,133.0,Obstrucción probable,high,inspección hidráulica / desatasco,firma hidráulica compatible con obstrucción próxima,HighVib + ThermalDrop,clogging,1,1,0
asset_00,asset_00_C00011,2026-01-16 12:28:00+00:00,production,0,0.001863498124293983,2,advanced,4.884093129930989e-10,0.00029016940970905125,0.9997097849845886,1.3770069244856131e-06,1.3770069244856131e-06,0.0002602869353722781,0.0002602869353722781,0.0002503981813788414,59.76182556152344,35.62944793701172,16.563493728637695,3.575913,2617.181262,16.385912,0.06203785099624327,6.9267258525629885,-1.8449134826660156,9.826170921325684,13.597811698913574,-1.5697121620178223,825.446265,3.160018000000001,skim,robust_phe,clogging,23.0,Obstrucción probable,high,inspección hidráulica / desatasco,firma hidráulica compatible con obstrucción próxima,LowFlow + HighVib + ThermalDrop + DPRising + VibSpike,clogging,1,1,0
asset_00,asset_00_C00013,2026-01-18 11:34:00+00:00,production,0,0.000982164521701634,1,incipient,1.378261913487222e-05,0.9586095213890076,0.04137657955288887,0.0005813312600366771,0.0005813312600366771,0.006626369431614876,0.006626369431614876,0.0032519951928406954,100.6983642578125,52.14449691772461,111.76483917236328,5.417635,493.830582,3.28119,0.08632030734078175,16.510654402759958,0.041534338146448135,1.5501147508621216,1.3477405309677124,-0.5971008539199829,114.72688299999999,0.26422800000000013,semi_skim,robust_phe,fouling,39.0,Obstrucción probable,high,inspección hidráulica / desatasco,firma hidráulica compatible con obstrucción próxima,HighVib + ThermalDrop + DPRising,clogging,1,1,0
asset_00,asset_00_C00014,2026-01-19 07:32:00+00:00,production,0,0.00143959722481668,2,advanced,3.5630553156806855e-06,0.011632464826107025,0.9883639812469482,0.00040086015360429883,0.00040086015360429883,0.004993408918380737,0.004993408918380737,0.08477851748466492,103.17343139648438,54.46257400512695,115.31509399414062,5.308289,678.334357,3.818236,0.0793245639058352,12.932043045222025,-0.07046710699796677,2.2692439556121826,1.8497620820999146,-0.8773089051246643,43.00837899999999,-0.04056299999999968,high_solids,robust_phe,fouling,196.0,Obstrucción probable,high,inspección hidráulica / desatasco,firma hidráulica compatible con obstrucción próxima,HighVib + ThermalDrop + DPRising,clogging,1,1,0
asset_00,asset_00_C00014,2026-01-19 09:12:00+00:00,production,0,0.0017738185124471784,2,advanced,5.151326121222155e-08,0.000653146649710834,0.9993467926979065,5.578583659371361e-05,5.578583659371361e-05,0.03196636587381363,0.03196636587381363,0.5135883092880249,106.34130096435547,51.041683197021484,103.42887115478516,4.951013,1004.804001,5.113883,0.06355054863806724,9.544399477971014,-0.43641945719718933,3.5417051315307617,3.060910940170288,-1.5091224908828735,43.74872099999993,0.15513500000000047,high_solids,robust_phe,fouling,96.0,Obstrucción probable,high,inspección hidráulica / desatasco,firma hidráulica compatible con obstrucción próxima,HighVib + ThermalDrop + DPRising,clogging,1,1,0
asset_00,asset_00_C00015,2026-01-20 14:21:00+00:00,production,0,0.0005432586185634136,0,stable,0.6451843976974487,0.3542853891849518,0.0005302262143231928,0.9782389998435974,0.9782389998435974,0.00012663942470680922,0.00012663942470680922,0.0010740457801148295,22.647686004638672,50.46698760986328,116.48712921142578,6.312255,246.266299,2.453216,0.09947150180518802,21.644974885200003,0.9578799605369568,0.5851983428001404,0.5737645626068115,-0.07034188508987427,15.455237000000011,0.1670569999999998,whole,robust_phe,none,418.0,Obstrucción probable,high,inspección hidráulica / desatasco,firma hidráulica compatible con obstrucción próxima,HighVib + ThermalDrop + WatchFoulProb,clogging,1,1,0
asset_00,asset_00_C00015,2026-01-20 20:31:00+00:00,production,0,0.0019208271987736225,2,advanced,8.813603180612972e-10,0.00018938198627438396,0.9998106360435486,1.3504504750017077e-06,1.3504504750017077e-06,8.088313916232437e-05,8.088313916232437e-05,2.4786078938632272e-05,74.55087280273438,44.22665023803711,19.212926864624023,3.669878,3009.951392,17.187504,0.06372263729114844,8.043565202839979,-1.748666524887085,11.357047080993652,14.347126007080078,-1.5022296905517578,51.00702799999999,0.45818399999999926,whole,robust_phe,clogging,48.0,Obstrucción probable,high,inspección hidráulica / desatasco,firma hidráulica compatible con obstrucción próxima,LowFlow + HighVib + ThermalDrop + DPRising + VibSpike,clogging,1,1,0
asset_00,asset_00_C00016,2026-01-22 11:10:00+00:00,production,0,0.0015326066641137004,2,advanced,1.1837568791861486e-07,0.008222491480410099,0.9917774200439453,0.00021514172840397805,0.00021514172840397805,0.0001762043102644384,0.0001762043102644384,0.024216849356889725,60.804325103759766,34.02492141723633,26.099834442138672,4.396985,1502.786107,9.911433,0.07541204052229793,11.205747051395003,-1.0039019584655762,5.482659816741943,7.545578956604004,-1.0340213775634766,804.0761099999999,5.882602,semi_skim,robust_phe,clogging,39.0,Obstrucción probable,high,inspección hidráulica / desatasco,firma hidráulica compatible con obstrucción próxima,LowFlow + HighVib + ThermalDrop + DPRising + VibSpike,clogging,1,1,0
asset_00,asset_00_C00017,2026-01-23 09:12:00+00:00,production,0,0.0008674066630192101,1,incipient,7.4856034188997e-06,0.9951627254486084,0.004829823039472103,0.0010722571751102805,0.0010722571751102805,0.005925140343606472,0.005925140343606472,0.003281493205577135,104.7601547241211,53.52836990356445,115.65280151367188,5.392386,385.50023,2.756685,0.06763495843342417,11.779769672334048,0.015672171488404274,1.1278820037841797,0.8574422001838684,-1.3455252647399902,95.02116999999998,0.2691500000000002,semi_skim,robust_phe,fouling,45.0,Obstrucción probable,high,inspección hidráulica / desatasco,firma hidráulica compatible con obstrucción próxima,HighVib + ThermalDrop + DPRising,clogging,1,1,0
asset_01,asset_01_C00002,2026-01-03 04:07:00+00:00,production,0,0.0017643593018874526,2,advanced,4.382801321867191e-08,0.0006590530974790454,0.999340832233429,1.1972597349085845e-05,1.1972597349085845e-05,0.04906496778130531,0.04906496778130531,0.12482200562953949,122.48829650878906,58.79096984863281,119.94971466064453,4.771798,1130.128288,6.270785,0.033935486289253705,4.803983777509977,-0.10531798750162125,3.893686532974243,3.8655519485473633,-1.4173179864883423,95.90262700000017,0.15146700000000024,high_solids,standard_phe,fouling,,Obstrucción probable,high,inspección hidráulica / desatasco,firma hidráulica compatible con obstrucción próxima,HighVib + ThermalDrop + DPRising,clogging,1,1,0
asset_01,asset_01_C00006,2026-01-09 04:36:00+00:00,production,0,0.0008940944680944085,1,incipient,1.3771958720099065e-06,0.9784492254257202,0.02154945209622383,0.00019252485071774572,0.00019252485071774572,0.9179551005363464,0.9179551005363464,0.07633773982524872,120.74346923828125,59.67546081542969,107.0069580078125,4.475968,526.376499,3.787481,0.05204271073828568,8.231206680703988,-0.40833213925361633,1.5404794216156006,1.5442017316818237,-0.6920498609542847,14.041369999999915,0.12966200000000017,whole,standard_phe,fouling,,Obstrucción probable,high,inspección hidráulica / desatasco,firma hidráulica compatible con obstrucción próxima,HighVib + ThermalDrop + ActionableFoulProb,clogging,1,1,0
asset_01,asset_01_C00010,2026-01-14 22:28:00+00:00,production,0,0.0014358789194375277,2,advanced,9.511764460512495e-07,0.025097906589508057,0.9749011397361755,0.0004470517742447555,0.0004470517742447555,0.038515664637088776,0.038515664637088776,0.5384976267814636,113.88858032226562,53.600364685058594,113.38201904296875,4.723135,610.324415,4.386444,0.03577491322359328,5.742444210619999,-0.1551627516746521,1.867678165435791,2.10410213470459,-1.3436415195465088,66.10883799999999,0.6702840000000001,high_solids,standard_phe,fouling,78.0,Obstrucción probable,high,inspección hidráulica / desatasco,firma hidráulica compatible con obstrucción próxima,HighVib + ThermalDrop + DPRising + VibSpike,clogging,1,1,0
asset_01,asset_01_C00011,2026-01-16 02:05:00+00:00,production,0,0.0015659353230148554,2,advanced,7.086659934429917e-07,0.0039054439403116703,0.9960938096046448,0.0002561846631579101,0.0002561846631579101,0.009044928476214409,0.009044928476214409,0.20184746384620667,105.82288360595703,52.874671936035156,110.83150482177734,4.599569,799.040234,4.756891,0.040930159422972054,6.676035225911996,-0.281729519367218,2.603224515914917,2.4503896236419678,-1.137152910232544,65.53987600000005,0.1476330000000008,semi_skim,standard_phe,fouling,267.0,Obstrucción probable,high,inspección hidráulica / desatasco,firma hidráulica compatible con obstrucción próxima,HighVib + ThermalDrop + DPRising,clogging,1,1,0
asset_01,asset_01_C00011,2026-01-16 05:00:00+00:00,production,0,0.0019588812720030546,2,advanced,3.680101778869016e-09,4.936687673762208e-06,0.9999951124191284,3.3717808491928736e-06,3.3717808491928736e-06,4.457233808352612e-05,4.457233808352612e-05,4.4062027882318944e-05,57.59370040893555,35.52051544189453,10.079854011535645,3.267915,5082.467959,20.16518,0.028500594066564286,3.297858905145003,-1.6457223892211914,19.29848289489746,16.853796005249023,-1.635007619857788,3490.6766169999996,12.269994,semi_skim,standard_phe,clogging,92.0,Obstrucción probable,high,inspección hidráulica / desatasco,firma hidráulica compatible con obstrucción próxima,LowFlow + HighVib + ThermalDrop + DPRising + VibSpike,clogging,1,1,0
asset_01,asset_01_C00013,2026-01-18 16:50:00+00:00,production,0,0.0018821562407538295,2,advanced,1.5525985830322497e-08,2.2545360479853116e-05,0.9999774694442749,2.2989599528955296e-05,2.2989599528955296e-05,8.736491508898325e-06,8.736491508898325e-06,3.696311614476144e-05,60.7869987487793,38.97089767456055,10.970099449157715,3.716034,3792.97716,20.00856,0.04912183696968113,6.851538020417958,-1.1867209672927856,14.272512435913086,16.70738983154297,-0.8090428113937378,2821.73318,14.534261999999998,whole,standard_phe,clogging,54.0,Obstrucción probable,high,inspección hidráulica / desatasco,firma hidráulica compatible con obstrucción próxima,LowFlow + HighVib + ThermalDrop + DPRising + VibSpike,clogging,1,1,0
asset_01,asset_01_C00018,2026-01-25 14:47:00+00:00,production,0,0.0009810134069994092,1,incipient,1.1938618627027608e-06,0.962541937828064,0.03745689615607262,0.00018542401085142046,0.00018542401085142046,0.8184598684310913,0.8184598684310913,0.10668031871318817,122.48334503173828,58.308956146240234,114.10753631591797,4.584684,488.222613,3.793375,0.03716642878743766,5.281267132907952,-0.2969760000705719,1.391769289970398,1.5497113466262817,-1.2879055738449097,19.73230600000005,0.16887600000000003,high_solids,standard_phe,fouling,,Obstrucción probable,high,inspección hidráulica / desatasco,firma hidráulica compatible con obstrucción próxima,HighVib + ThermalDrop + ActionableFoulProb,clogging,1,1,0
asset_02,asset_02_C00004,2026-01-06 00:20:00+00:00,production,0,0.0020739813335239887,2,advanced,1.4377850299229777e-10,4.586237082548905e-06,0.9999954700469971,7.20154002920026e-06,7.20154002920026e-06,0.00019885654910467565,0.00019885654910467565,0.040803153067827225,77.35960388183594,30.312768936157227,17.02962303161621,2.388211,5347.023287,19.933627,0.06194782879018236,4.7894902905920285,-2.2040207386016846,20.125864028930664,16.592893600463867,-0.8538175821304321,4050.444601,13.280800000000001,skim,compact_phe,clogging,59.0,Obstrucción probable,high,inspección hidráulica / desatasco,firma hidráulica compatible con obstrucción próxima,LowFlow + HighVib + ThermalDrop + DPRising + VibSpike,clogging,1,1,0
asset_02,asset_02_C00007,2026-01-09 16:25:00+00:00,production,0,0.0017548257019370794,2,advanced,5.3772177821542755e-09,0.0002677353913895786,0.9997321963310242,1.0867170203709975e-05,1.0867170203709975e-05,1.987346877285745e-05,1.987346877285745e-05,0.00024809144088067114,61.46228790283203,37.87857437133789,14.74066162109375,2.557302,3187.304558,18.689316,0.06738406196020248,5.7539806460400165,-2.030823230743408,11.70805835723877,15.429733276367188,-0.6360743045806885,2266.167939,13.412863000000002,whole,compact_phe,clogging,36.0,Obstrucción probable,high,inspección hidráulica / desatasco,firma hidráulica compatible con obstrucción próxima,LowFlow + HighVib + ThermalDrop + DPRising + VibSpike,clogging,1,1,0
asset_02,asset_02_C00009,2026-01-11 19:18:00+00:00,production,0,0.001672637416049838,2,advanced,1.2290341189213905e-08,0.0029399862978607416,0.9970600008964539,0.00011845282278954983,0.00011845282278954983,0.0008263890631496906,0.0008263890631496906,0.5007897615432739,87.25276947021484,34.862403869628906,34.53257369995117,2.696041,2448.737255,17.174944,0.07714450429604158,6.613981702020005,-1.8887150287628174,8.829389572143555,14.014123916625977,-0.24512879550457,1957.488819,13.808965,skim,compact_phe,clogging,52.0,Obstrucción probable,high,inspección hidráulica / desatasco,firma hidráulica compatible con obstrucción próxima,LowFlow + HighVib + ThermalDrop + DPRising + VibSpike,clogging,1,1,0
asset_02,asset_02_C00010,2026-01-12 23:15:00+00:00,production,0,0.0015598152531310916,2,advanced,6.008816200164802e-08,0.004755212925374508,0.9952446818351746,0.0001717794220894575,0.0001717794220894575,8.449661982012913e-05,8.449661982012913e-05,0.0136914923787117,79.98625946044922,42.880332946777344,27.290328979492188,2.530921,2054.52797,14.091224,0.06446618105380984,4.297969547463994,-2.057844877243042,7.292903423309326,11.131515502929688,-0.7529473304748535,1448.6318800000001,10.190724,high_solids,compact_phe,clogging,48.0,Obstrucción probable,high,inspección hidráulica / desatasco,firma hidráulica compatible con obstrucción próxima,LowFlow + HighVib + ThermalDrop + DPRising + VibSpike,clogging,1,1,0
asset_02,asset_02_C00017,2026-01-22 01:09:00+00:00,production,0,0.0025842557661235332,2,advanced,1.2335555110200031e-14,3.522723773130565e-06,0.9999964237213135,3.064236153704769e-08,3.064236153704769e-08,0.17889061570167542,0.17889061570167542,0.9986653327941895,214.818603515625,42.70500946044922,72.85551452636719,3.048258,4050.34086,20.078615,0.051052156675133055,4.819423924836033,-1.527944564819336,15.071863174438477,16.728425979614258,-1.2902337312698364,2637.291269,12.644706,whole,compact_phe,clogging,83.0,Obstrucción probable,high,inspección hidráulica / desatasco,firma hidráulica compatible con obstrucción próxima,LowFlow + HighVib + ThermalDrop + DPRising + VibSpike + ClogProb,clogging,1,1,0
asset_03,asset_03_C00002,2026-01-02 21:41:00+00:00,production,0,0.0017725791549310088,2,advanced,3.663707914824954e-08,0.0007314844988286495,0.9992684721946716,7.824835483916104e-05,7.824835483916104e-05,0.02332407236099243,0.02332407236099243,0.7159380912780762,121.57451629638672,54.86565017700195,117.52688598632812,4.706663,894.263704,5.148841,0.03931903035513307,5.595963440534951,-0.9450491666793823,2.965827465057373,2.83988094329834,-1.7650569677352905,65.95989099999997,0.3927360000000002,semi_skim,standard_phe,fouling,90.0,Obstrucción probable,high,inspección hidráulica / desatasco,firma hidráulica compatible con obstrucción próxima,LowFlow + HighVib + ThermalDrop + DPRising + VibSpike + ClogProb,clogging,1,1,0
asset_03,asset_03_C00003,2026-01-05 03:40:00+00:00,production,0,0.0017131841741502285,2,advanced,1.3819484223631662e-08,0.0014231366803869605,0.9985768795013428,8.415502088610083e-05,8.415502088610083e-05,2.077664976241067e-05,2.077664976241067e-05,0.00417032977566123,84.7752685546875,47.4606819152832,27.250608444213867,3.258985,1828.406049,12.449327,0.043941058624951394,3.860401350885033,-2.4278836250305176,6.606777667999268,9.664251327514648,-1.5799258947372437,987.0336599999999,7.7265760000000006,whole,standard_phe,clogging,64.0,Obstrucción probable,high,inspección hidráulica / desatasco,firma hidráulica compatible con obstrucción próxima,LowFlow + HighVib + ThermalDrop + DPRising + VibSpike,clogging,1,1,0
asset_03,asset_03_C00005,2026-01-07 15:55:00+00:00,production,0,0.0020378478802740574,2,advanced,1.202904553743167e-09,0.0001355144486296922,0.9998644590377808,1.4699453458888456e-05,1.4699453458888456e-05,0.2778002917766571,0.2778002917766571,0.9368575215339661,125.32135009765625,54.018470764160156,108.77804565429688,5.387155,1303.578761,6.777324,0.039576023790667186,6.384737588589965,-0.2480315864086151,4.561190128326416,4.362159252166748,-1.7547633647918701,30.09226599999988,0.27739000000000047,high_solids,standard_phe,fouling,65.0,Obstrucción probable,high,inspección hidráulica / desatasco,firma hidráulica compatible con obstrucción próxima,HighVib + ThermalDrop + VibSpike + ClogProb,clogging,1,1,0
asset_03,asset_03_C00014,2026-01-18 17:56:00+00:00,production,0,0.0018987577641382813,2,advanced,5.407720382599734e-10,0.0005520798731595278,0.9994478821754456,1.0592510079732165e-05,1.0592510079732165e-05,9.788952593225986e-05,9.788952593225986e-05,0.008930413983762264,98.67000579833984,51.79350662231445,33.192222595214844,3.784428,1912.30733,11.760313,0.04868051059845527,4.2657580440360245,-1.8896803855895996,6.9337944984436035,9.020173072814941,-1.3900915384292603,651.5582960000002,4.993905,semi_skim,standard_phe,clogging,61.0,Obstrucción probable,high,inspección hidráulica / desatasco,firma hidráulica compatible con obstrucción próxima,LowFlow + HighVib + ThermalDrop + DPRising + VibSpike,clogging,1,1,0
asset_03,asset_03_C00015,2026-01-19 17:18:00+00:00,production,0,0.0017345664091408253,2,advanced,3.3926572662323906e-09,0.002016559476032853,0.997983455657959,8.990873175207525e-05,8.990873175207525e-05,0.0007271174690686166,0.0007271174690686166,0.530606746673584,119.26557159423828,52.7785530090332,55.30128479003906,4.581806,1571.576928,11.0153,0.06411081909610858,9.01727827997195,-1.072938323020935,5.60575008392334,8.323746681213379,-0.7720447778701782,845.3198259999999,6.449706,semi_skim,standard_phe,clogging,34.0,Obstrucción probable,high,inspección hidráulica / desatasco,firma hidráulica compatible con obstrucción próxima,LowFlow + HighVib + ThermalDrop + DPRising + VibSpike,clogging,1,1,0
asset_03,asset_03_C00017,2026-01-22 00:22:00+00:00,production,0,0.0011914476053789258,1,incipient,1.3889409274270292e-05,0.5583805441856384,0.4416055381298065,0.0006916591664776206,0.0006916591664776206,0.0077329217456281185,0.0077329217456281185,0.04739082232117653,110.17158508300781,56.11184310913086,118.41014862060547,5.74384,593.158416,3.868151,0.05337780843757027,8.698988241600052,0.11731543391942978,1.7922273874282837,1.6427137851715088,-1.2019455432891846,63.705520999999976,0.3840020000000002,semi_skim,standard_phe,fouling,103.0,Obstrucción probable,high,inspección hidráulica / desatasco,firma hidráulica compatible con obstrucción próxima,HighVib + ThermalDrop + DPRising + VibSpike,clogging,1,1,0
asset_04,asset_04_C00004,2026-01-05 12:55:00+00:00,production,0,0.0018502396997064352,2,advanced,7.921718392367438e-09,0.00012176112068118528,0.9998781681060791,7.594045746373013e-05,7.594045746373013e-05,9.664298659117776e-07,9.664298659117776e-07,0.00010776874842122197,88.72405242919922,54.81024169921875,20.14889907836914,4.527566,894.46541,4.58771,0.04032822014280895,6.702251028686017,-0.45044735074043274,3.0799131393432617,2.5409281253814697,-2.1136832237243652,-1246.798513,-10.132425000000001,semi_skim,standard_phe,fouling,59.0,Obstrucción probable,high,inspección hidráulica / desatasco,firma hidráulica compatible con obstrucción próxima,HighVib + ThermalDrop,clogging,1,1,0
asset_04,asset_04_C00007,2026-01-08 17:39:00+00:00,production,0,0.0015509342774748802,2,advanced,3.7440102573782497e-08,0.004848516546189785,0.9951514005661011,5.915723886573687e-05,5.915723886573687e-05,1.724804678815417e-05,1.724804678815417e-05,0.0007097569759935141,90.5716552734375,53.83364486694336,28.61689567565918,3.070825,2504.279137,15.577765,0.06481729266816484,7.3456068619749795,-1.9425649642944336,9.354387283325195,12.814244270324707,-1.132796049118042,1856.78844,11.780557,whole,standard_phe,clogging,47.0,Obstrucción probable,high,inspección hidráulica / desatasco,firma hidráulica compatible con obstrucción próxima,LowFlow + HighVib + ThermalDrop + DPRising + VibSpike,clogging,1,1,0
asset_04,asset_04_C00010,2026-01-12 11:28:00+00:00,production,0,0.0016581921372562647,2,advanced,5.3627577045745056e-08,0.001300834584981203,0.9986990690231323,4.7950499720172957e-05,4.7950499720172957e-05,0.0016572743188589811,0.0016572743188589811,0.005992170888930559,34.009666442871094,22.56126594543457,14.574586868286133,1.908851,2307.023045,15.201679,0.0597875341291809,3.852120492381015,-3.1327571868896484,8.585554122924805,12.462685585021973,-1.3342583179473877,130.06453800000008,0.6239509999999999,skim,standard_phe,clogging,49.0,Obstrucción probable,high,inspección hidráulica / desatasco,firma hidráulica compatible con obstrucción próxima,LowFlow + HighVib + ThermalDrop + DPRising + VibSpike,clogging,1,1,0
asset_04,asset_04_C00014,2026-01-16 14:37:00+00:00,production,0,0.0017234800616279244,2,advanced,6.610414438057433e-10,0.005027927458286285,0.9949721097946167,1.1153111699968576e-05,1.1153111699968576e-05,0.0015654556918889284,0.0015654556918889284,0.2615414261817932,139.75033569335938,59.70515060424805,59.66799545288086,3.385282,1607.743584,10.735841,0.05132130366748786,6.6300375588980005,-1.620471477508545,5.86001443862915,8.28809642791748,-1.6733654737472534,931.473779,6.830725000000001,skim,standard_phe,clogging,84.0,Obstrucción probable,high,inspección hidráulica / desatasco,firma hidráulica compatible con obstrucción próxima,LowFlow + HighVib + ThermalDrop + DPRising + VibSpike,clogging,1,1,0
asset_04,asset_04_C00015,2026-01-18 04:32:00+00:00,production,0,0.002212719526141882,2,advanced,1.3715389934887412e-11,7.810426177456975e-05,0.9999219179153442,6.483518291133805e-07,6.483518291133805e-07,0.8794295191764832,0.8794295191764832,0.9739089608192444,152.85633850097656,57.07125473022461,95.596435546875,4.541185,1582.107254,7.2221,0.04817789529380322,7.818331155249985,-0.43649762868881226,5.7600932121276855,5.00351095199585,-1.7992717027664185,57.66650400000003,0.12705300000000008,high_solids,standard_phe,fouling,64.0,Obstrucción probable,high,inspección hidráulica / desatasco,firma hidráulica compatible con obstrucción próxima,HighVib + ThermalDrop + DPRising + ActionableFoulProb + ClogProb,clogging,1,1,0
asset_05,asset_05_C00004,2026-01-05 18:14:00+00:00,production,0,0.002231887076050043,2,advanced,1.4300978803949427e-11,9.68247841228731e-05,0.9999032020568848,1.3881097515877627e-07,1.3881097515877627e-07,0.8716403245925903,0.8716403245925903,0.6907804012298584,135.66966247558594,58.77893829345703,85.89688110351562,3.757716,2399.0765,11.69846,0.05282777053955895,6.133103561375957,-0.5067746043205261,8.787729263305664,8.87867259979248,-1.7393414974212646,93.67547800000011,0.5747430000000016,high_solids,compact_phe,fouling,27.0,Obstrucción probable,high,inspección hidráulica / desatasco,firma hidráulica compatible con obstrucción próxima,LowFlow + HighVib + ThermalDrop + DPRising + VibSpike + ActionableFoulProb,clogging,1,1,0
asset_05,asset_05_C00005,2026-01-07 03:10:00+00:00,production,0,0.002129594562575221,2,advanced,3.4907673973627595e-10,7.928798731882125e-05,0.9999207258224487,8.224808880186174e-06,8.224808880186174e-06,0.3485551178455353,0.3485551178455353,0.9531692266464233,137.77728271484375,56.280967712402344,112.93054962158203,3.856003,1611.318848,8.454306,0.0536332031776817,7.414268584358008,-0.4061007499694824,5.717333793640137,5.846092224121094,-1.707080602645874,60.07962199999997,0.2038220000000006,whole,compact_phe,fouling,92.0,Obstrucción probable,high,inspección hidráulica / desatasco,firma hidráulica compatible con obstrucción próxima,HighVib + ThermalDrop + DPRising + ClogProb,clogging,1,1,0
asset_05,asset_05_C00006,2026-01-09 02:13:00+00:00,production,0,0.002084496896713972,2,advanced,3.9209130386907987e-10,8.918198727769777e-05,0.999910831451416,2.2787933176005026e-06,2.2787933176005026e-06,0.5671927332878113,0.5671927332878113,0.849575400352478,130.8355255126953,54.78664016723633,105.87688446044922,3.683782,1773.197714,9.01649,0.06398901021996221,7.740230122248041,-0.5825040936470032,6.3482794761657715,6.371612071990967,-1.2922883033752441,135.631713,0.3956869999999988,whole,compact_phe,fouling,87.0,Obstrucción probable,high,inspección hidráulica / desatasco,firma hidráulica compatible con obstrucción próxima,LowFlow + HighVib + ThermalDrop + DPRising + VibSpike + ClogProb,clogging,1,1,0
asset_05,asset_05_C00007,2026-01-10 18:16:00+00:00,production,0,0.0020195532124489546,2,advanced,5.707288530665267e-10,7.275881216628477e-06,0.9999927282333374,1.737839738780167e-06,1.737839738780167e-06,9.031231456901878e-06,9.031231456901878e-06,3.582004501367919e-05,77.63745880126953,46.525848388671875,14.097285270690918,2.007912,4600.364985,20.111385,0.04193323383879197,3.2452375722,-2.299072265625,17.3675594329834,16.742931365966797,-2.1757121086120605,3062.826244,12.081143999999998,skim,compact_phe,clogging,31.0,Obstrucción probable,high,inspección hidráulica / desatasco,firma hidráulica compatible con obstrucción próxima,LowFlow + HighVib + ThermalDrop + DPRising + VibSpike,clogging,1,1,0
asset_05,asset_05_C00009,2026-01-13 16:31:00+00:00,production,0,0.001977696781978011,2,advanced,2.4515505181454955e-09,0.00020913059415761381,0.9997908473014832,4.2831893551920075e-06,4.2831893551920075e-06,0.0812428817152977,0.0812428817152977,0.42118310928344727,130.76846313476562,58.63726806640625,112.13042449951172,4.058598,1766.974511,9.037347,0.05745755036993547,8.310417733583987,-0.19858576357364655,6.324023723602295,6.391108989715576,-1.5539000034332275,69.99695599999995,0.2987000000000002,high_solids,compact_phe,fouling,63.0,Obstrucción probable,high,inspección hidráulica / desatasco,firma hidráulica compatible con obstrucción próxima,HighVib + ThermalDrop + DPRising + VibSpike,clogging,1,1,0
asset_05,asset_05_C00011,2026-01-17 08:11:00+00:00,production,0,0.002107521053403616,2,advanced,3.023832573223473e-10,0.00010964713146677241,0.9998903274536133,1.8546334104030393e-06,1.8546334104030393e-06,0.6062818765640259,0.6062818765640259,0.7680618762969971,132.87574768066406,58.554630279541016,107.62623596191406,3.87769,2098.640458,10.337414,0.06387478113502014,8.044170962749972,-0.38388708233833313,7.616738319396973,7.60638952255249,-1.2968636751174927,82.08009199999992,0.33128899999999994,whole,compact_phe,fouling,45.0,Obstrucción probable,high,inspección hidráulica / desatasco,firma hidráulica compatible con obstrucción próxima,HighVib + ThermalDrop + DPRising + VibSpike + ClogProb,clogging,1,1,0
asset_05,asset_05_C00013,2026-01-19 16:23:00+00:00,production,0,0.0017329304246231914,2,advanced,1.2825891815282375e-07,0.0007451943238265812,0.9992546439170837,0.00012442405568435788,0.00012442405568435788,0.039564404636621475,0.039564404636621475,0.5006399750709534,112.75547790527344,56.18918228149414,119.06903076171875,4.317381,1080.64751,6.206077,0.08139989079245853,11.920267354094975,0.06648171693086624,3.64896821975708,3.744485855102539,-0.5949116349220276,36.68837000000008,0.1924569999999992,skim,compact_phe,fouling,56.0,Obstrucción probable,high,inspección hidráulica / desatasco,firma hidráulica compatible con obstrucción próxima,HighVib + ThermalDrop + DPRising,clogging,1,1,0
asset_05,asset_05_C00015,2026-01-22 12:40:00+00:00,production,0,0.0020418139174580574,2,advanced,5.885046616693757e-11,3.299478703411296e-05,0.9999669790267944,1.820045667955128e-06,1.820045667955128e-06,0.006876641884446144,0.006876641884446144,0.3506803512573242,60.95253372192383,22.181629180908203,15.706148147583008,2.437804,4148.013329,20.16358,0.06077467876615688,4.787191286723989,-1.8587403297424316,15.60445499420166,16.791723251342773,-1.4210354089736938,2511.4431110000005,11.529967,skim,compact_phe,clogging,46.0,Obstrucción probable,high,inspección hidráulica / desatasco,firma hidráulica compatible con obstrucción próxima,LowFlow + HighVib + ThermalDrop + DPRising + VibSpike,clogging,1,1,0
asset_05,asset_05_C00016,2026-01-23 22:18:00+00:00,production,0,0.002120016608387232,2,advanced,3.0372648840426564e-10,7.381434988928959e-05,0.9999262094497681,4.419413016876206e-06,4.419413016876206e-06,0.4308710992336273,0.4308710992336273,0.9380474090576172,145.330322265625,58.54841232299805,117.89209747314453,3.870208,1603.655084,8.521764,0.06204769166151519,8.182103488000005,-0.39155077934265137,5.687463283538818,5.90915060043335,-1.3700460195541382,40.91410999999994,-0.007963000000000164,high_solids,compact_phe,fouling,57.0,Obstrucción probable,high,inspección hidráulica / desatasco,firma hidráulica compatible con obstrucción próxima,HighVib + ThermalDrop + DPRising + ClogProb,clogging,1,1,0
asset_05,asset_05_C00017,2026-01-25 02:36:00+00:00,production,0,0.0021409185137599707,2,advanced,3.394831984970814e-11,3.4332795166847063e-06,0.999996542930603,1.8732629314399674e-07,1.8732629314399674e-07,1.1311148227832746e-05,1.1311148227832746e-05,1.4584827113139909e-05,100.88775634765625,58.302818298339844,16.24713897705078,1.758167,4506.621064,20.43118,0.06419186289144602,3.5756826852519943,-2.554882287979126,17.002178192138672,17.0418701171875,-1.284163236618042,2849.680381,11.537497000000002,whole,compact_phe,clogging,62.0,Obstrucción probable,high,inspección hidráulica / desatasco,firma hidráulica compatible con obstrucción próxima,LowFlow + HighVib + ThermalDrop + DPRising + VibSpike,clogging,1,1,0
asset_06,asset_06_C00001,2026-01-01 16:32:00+00:00,production,0,0.0018709467258304358,2,advanced,3.042433527333799e-10,0.0002807682612910867,0.9997192025184631,7.637396493009874e-07,7.637396493009874e-07,0.0010400103637948632,0.0010400103637948632,0.0009130011894740164,54.09791564941406,31.579822540283203,16.195253372192383,2.547174,3119.063755,18.456318,0.06710793840686714,5.561321409419995,-2.6854684352874756,11.701188087463379,15.466527938842773,-1.0669420957565308,972.1034710000004,3.658348,high_solids,standard_phe,clogging,77.0,Obstrucción probable,high,inspección hidráulica / desatasco,firma hidráulica compatible con obstrucción próxima,LowFlow + HighVib + ThermalDrop + DPRising + VibSpike,clogging,1,1,0
asset_06,asset_06_C00002,2026-01-02 12:09:00+00:00,production,0,0.0022527584806084633,2,advanced,1.2455577368120085e-11,5.3655374358640984e-05,0.9999463558197021,5.164066010365786e-07,5.164066010365786e-07,0.8454267978668213,0.8454267978668213,0.9524441361427307,165.09744262695312,64.64017486572266,111.81744384765625,4.87693,2038.709756,9.091541,0.05869065575803885,9.246512972099957,-0.29913488030433655,7.490357875823975,6.712493896484375,-1.4040886163711548,43.88028899999995,0.1557379999999995,whole,standard_phe,fouling,36.0,Obstrucción probable,high,inspección hidráulica / desatasco,firma hidráulica compatible con obstrucción próxima,HighVib + ThermalDrop + DPRising + ActionableFoulProb + ClogProb,clogging,1,1,0
asset_06,asset_06_C00003,2026-01-04 00:23:00+00:00,production,0,0.0020418623462319374,2,advanced,3.6076594489564684e-10,9.16301996767288e-06,0.9999908208847046,2.7202891033084597e-06,2.7202891033084597e-06,3.400258265173761e-06,3.400258265173761e-06,5.605352998827584e-05,90.95702362060547,52.15813446044922,16.261425018310547,2.561917,4860.309914,19.676999,0.05758571435732784,5.473945577220016,-2.670367479324341,18.487937927246094,16.60759925842285,-1.4483460187911987,3395.0873680000004,12.760250999999998,whole,standard_phe,clogging,50.0,Obstrucción probable,high,inspección hidráulica / desatasco,firma hidráulica compatible con obstrucción próxima,LowFlow + HighVib + ThermalDrop + DPRising + VibSpike,clogging,1,1,0
asset_06,asset_06_C00006,2026-01-08 08:31:00+00:00,production,0,0.0022252220660448074,2,advanced,1.6336298633290447e-11,3.234220571357582e-07,0.9999996423721313,1.4826774759058026e-06,1.4826774759058026e-06,0.00020506301370915025,0.00020506301370915025,0.01607939600944519,119.47386932373047,43.31593704223633,21.387849807739258,3.176798,6844.668737,20.020242,0.05455001966979485,6.05435433559201,-2.0405542850494385,26.222253799438477,16.928457260131836,-1.5699379444122314,5231.562944,12.609577999999999,semi_skim,standard_phe,clogging,61.0,Obstrucción probable,high,inspección hidráulica / desatasco,firma hidráulica compatible con obstrucción próxima,LowFlow + HighVib + ThermalDrop + DPRising + VibSpike,clogging,1,1,0
asset_06,asset_06_C00009,2026-01-11 18:28:00+00:00,production,0,0.001744828769005835,2,advanced,7.536405277619451e-09,0.00013035049778409302,0.9998695850372314,1.8253531379741617e-05,1.8253531379741617e-05,6.516274879686534e-05,6.516274879686534e-05,0.000352302857208997,74.0761489868164,43.20222854614258,17.46806526184082,3.592525,3729.570246,19.093371,0.07463960627951959,9.933299292275032,-1.6147313117980957,14.08072280883789,16.062034606933594,-0.7652681469917297,3170.8569820000002,15.669044000000001,whole,standard_phe,clogging,65.0,Obstrucción probable,high,inspección hidráulica / desatasco,firma hidráulica compatible con obstrucción próxima,LowFlow + HighVib + ThermalDrop + DPRising + VibSpike,clogging,1,1,0
asset_06,asset_06_C00012,2026-01-15 23:48:00+00:00,production,0,0.00189911515917629,2,advanced,9.060496242163651e-10,6.584034417755902e-05,0.999934196472168,1.6399944797740318e-05,1.6399944797740318e-05,0.008578969165682793,0.008578969165682793,0.586138129234314,60.46616744995117,22.091022491455078,19.3129940032959,4.044621,3657.536642,19.077915,0.07338249136327736,10.820631185994001,-1.1516562700271606,13.799962043762207,16.04758644104004,-0.8156207203865051,2758.371908,14.378437000000002,semi_skim,standard_phe,clogging,89.0,Obstrucción probable,high,inspección hidráulica / desatasco,firma hidráulica compatible con obstrucción próxima,LowFlow + HighVib + ThermalDrop + DPRising + VibSpike,clogging,1,1,0
asset_06,asset_06_C00013,2026-01-17 08:20:00+00:00,production,0,0.0022541172802448273,2,advanced,6.780851487947492e-12,7.958750211400911e-05,0.9999203681945801,8.59622346638389e-08,8.59622346638389e-08,0.8976430296897888,0.8976430296897888,0.7647292017936707,174.73182678222656,69.66893768310547,116.60136413574219,5.047533,2352.194921,10.370574,0.044825631578773374,8.67886452359105,-0.12438883632421494,8.712209701538086,7.908112525939941,-1.9594393968582153,179.3797459999996,0.934861999999999,high_solids,standard_phe,fouling,,Obstrucción probable,high,inspección hidráulica / desatasco,firma hidráulica compatible con obstrucción próxima,HighVib + ThermalDrop + DPRising + VibSpike + ActionableFoulProb + ClogProb,clogging,1,1,0
asset_07,asset_07_C00007,2026-01-09 11:22:00+00:00,production,0,0.0018230612622573972,2,advanced,2.2755617390401994e-09,0.00048414181219413877,0.9995158910751343,1.9587355382100213e-06,1.9587355382100213e-06,0.0006222972297109663,0.0006222972297109663,0.00013056160241831094,53.09382629394531,32.094566345214844,16.416093826293945,2.640188,3094.669307,17.668957,0.038325955549911805,3.778512976764024,-2.473101854324341,11.539287567138672,14.772990226745605,-1.662907600402832,88.28656200000023,0.11226100000000017,semi_skim,standard_phe,clogging,48.0,Obstrucción probable,high,inspección hidráulica / desatasco,firma hidráulica compatible con obstrucción próxima,LowFlow + HighVib + ThermalDrop + DPRising,clogging,1,1,0
asset_07,asset_07_C00012,2026-01-15 02:56:00+00:00,production,0,0.002016728976741433,2,advanced,3.1719818438524783e-10,2.2924337827134877e-05,0.9999771118164062,1.8560880334916874e-06,1.8560880334916874e-06,2.8439703783078585e-06,2.8439703783078585e-06,1.7821244910010137e-05,98.09683227539062,59.12797164916992,18.516538619995117,2.571667,3590.75053,19.836565,0.04020649874950548,4.058823451094985,-2.5432868003845215,13.472833633422852,16.799232482910156,-1.5875842571258545,2409.460045,13.609535000000001,high_solids,standard_phe,clogging,50.0,Obstrucción probable,high,inspección hidráulica / desatasco,firma hidráulica compatible con obstrucción próxima,LowFlow + HighVib + ThermalDrop + DPRising + VibSpike,clogging,1,1,0
asset_07,asset_07_C00015,2026-01-19 06:07:00+00:00,production,0,0.0014452568721026182,2,advanced,1.0714469453887432e-06,0.016295038163661957,0.9837039113044739,0.0003194029559381306,0.0003194029559381306,0.009461506269872189,0.009461506269872189,0.3741455078125,115.88453674316406,55.63603210449219,116.25968170166016,4.755586,679.167368,3.985677,0.03626404725371502,5.035357124380002,-0.3063318133354187,2.124530792236328,1.9820923805236816,-1.7454954385757446,65.59518800000001,0.25328399999999984,skim,standard_phe,fouling,125.0,Obstrucción probable,high,inspección hidráulica / desatasco,firma hidráulica compatible con obstrucción próxima,HighVib + ThermalDrop + DPRising,clogging,1,1,0
asset_07,asset_07_C00015,2026-01-19 07:37:00+00:00,production,0,0.0016882175114005804,2,advanced,4.204144143926669e-09,0.0012426701141521335,0.9987573623657227,6.623506124014966e-06,6.623506124014966e-06,0.0036602532491087914,0.0036602532491087914,0.0036849738098680973,37.9814338684082,24.41765022277832,13.67285442352295,4.681202,996.914284,5.197286,0.015072494723481399,2.137942403015962,-0.38252222537994385,3.3629939556121826,3.1146838665008545,-2.594303607940674,21.922022999999967,0.14681600000000028,skim,standard_phe,fouling,35.0,Obstrucción probable,high,inspección hidráulica / desatasco,firma hidráulica compatible con obstrucción próxima,HighVib + ThermalDrop,clogging,1,1,0
asset_08,asset_08_C00001,2026-01-01 22:40:00+00:00,production,0,0.0019107571570202708,2,advanced,5.227508426131067e-10,2.895196848839987e-05,0.9999710321426392,1.6101955679914681e-06,1.6101955679914681e-06,0.0002113953814841807,0.0002113953814841807,0.0003459917788859457,56.2202262878418,32.24277877807617,11.024423599243164,4.14391,4396.676858,19.912881,0.036749676320144906,5.072444201520028,-1.4296259880065918,16.73151397705078,16.78060531616211,-2.1670477390289307,3366.520843,14.151435999999999,whole,standard_phe,clogging,49.0,Obstrucción probable,high,inspección hidráulica / desatasco,firma hidráulica compatible con obstrucción próxima,LowFlow + HighVib + ThermalDrop + DPRising + VibSpike,clogging,1,1,0
asset_08,asset_08_C00002,2026-01-02 19:05:00+00:00,production,0,0.0020945286378264427,2,advanced,1.0193798062607673e-11,0.00020154113008175045,0.9997984766960144,1.2299184390940354e-06,1.2299184390940354e-06,0.009449487552046776,0.009449487552046776,0.7754635810852051,168.7491455078125,61.05418014526367,71.07670593261719,3.622811,1934.242282,12.509162,0.06684242954558503,8.150958846088997,-1.9633797407150269,7.13383150100708,9.859734535217285,-0.9617103934288025,971.885321,7.256136,semi_skim,standard_phe,clogging,54.0,Obstrucción probable,high,inspección hidráulica / desatasco,firma hidráulica compatible con obstrucción próxima,LowFlow + HighVib + ThermalDrop + DPRising + VibSpike + ClogProb,clogging,1,1,0
asset_08,asset_08_C00005,2026-01-06 22:16:00+00:00,production,0,0.0018900338327512145,2,advanced,5.186652773936373e-10,7.416282460326329e-05,0.9999258518218994,4.8386791604571044e-06,4.8386791604571044e-06,0.0001392251142533496,0.0001392251142533496,0.0028748998884111643,63.39698028564453,33.764339447021484,15.200834274291992,3.44637,3586.455913,20.050514,0.057752359252893654,7.330218761429975,-2.1441056728363037,13.573564529418945,16.90926170349121,-1.3258048295974731,2301.5729979999996,13.267102,whole,standard_phe,clogging,40.0,Obstrucción probable,high,inspección hidráulica / desatasco,firma hidráulica compatible con obstrucción próxima,LowFlow + HighVib + ThermalDrop + DPRising + VibSpike,clogging,1,1,0
asset_08,asset_08_C00010,2026-01-12 22:52:00+00:00,production,0,0.0017190753715112805,2,advanced,1.933015081334588e-09,0.001538740354590118,0.9984612464904785,6.861138444946846e-06,6.861138444946846e-06,0.0063278451561927795,0.0063278451561927795,0.0043091606348752975,54.262813568115234,33.68282699584961,25.52379035949707,2.452078,1084.96735,10.32262,0.07057147064912479,5.8268999242580035,-3.162543773651123,3.8236637115478516,7.815792083740234,-0.8123471140861511,326.76326199999994,0.9459930000000014,semi_skim,standard_phe,clogging,44.0,Obstrucción probable,high,inspección hidráulica / desatasco,firma hidráulica compatible con obstrucción próxima,LowFlow + HighVib + ThermalDrop + DPRising + VibSpike,clogging,1,1,0
asset_08,asset_08_C00011,2026-01-14 18:07:00+00:00,production,0,0.0017208479112014174,2,advanced,2.558423517484698e-08,0.0007289216737262905,0.9992710947990417,3.213310628780164e-05,3.213310628780164e-05,0.0001426227972842753,0.0001426227972842753,0.00021224850206635892,48.47066116333008,31.732955932617188,16.21982765197754,2.837281,2067.433998,14.932691,0.0753442999718332,7.612285896231008,-2.767986297607422,7.6529645919799805,12.125207901000977,-0.6211758255958557,203.45647099999996,0.42009900000000044,semi_skim,standard_phe,clogging,54.0,Obstrucción probable,high,inspección hidráulica / desatasco,firma hidráulica compatible con obstrucción próxima,LowFlow + HighVib + ThermalDrop + DPRising + VibSpike,clogging,1,1,0
asset_08,asset_08_C00012,2026-01-16 03:43:00+00:00,production,0,0.0025234930217266083,2,advanced,2.5013001517032105e-14,4.708093001681846e-06,0.9999953508377075,1.2157617845787172e-07,1.2157617845787172e-07,0.02056405507028103,0.02056405507028103,0.9982965588569641,214.77085876464844,42.557979583740234,68.90802764892578,3.999736,4082.277054,20.127056,0.06084512573049958,7.647619223815996,-1.577301263809204,15.506096839904785,16.980812072753906,-1.201926827430725,2946.029681,13.942425,semi_skim,standard_phe,clogging,47.0,Obstrucción probable,high,inspección hidráulica / desatasco,firma hidráulica compatible con obstrucción próxima,LowFlow + HighVib + ThermalDrop + DPRising + VibSpike + ClogProb,clogging,1,1,0
asset_08,asset_08_C00015,2026-01-19 21:24:00+00:00,production,0,0.0019161563832312822,2,advanced,6.975743871429074e-10,9.888173372019082e-05,0.9999010562896729,1.0748045497166459e-05,1.0748045497166459e-05,0.010724392719566822,0.010724392719566822,0.581690788269043,49.19486999511719,18.417753219604492,15.312799453735352,3.841614,3563.927375,20.072384,0.06445547109801364,8.029269064278031,-1.7392631769180298,13.485756874084473,16.929706573486328,-1.057317852973938,2529.7256,14.114173999999998,whole,standard_phe,clogging,56.0,Obstrucción probable,high,inspección hidráulica / desatasco,firma hidráulica compatible con obstrucción próxima,LowFlow + HighVib + ThermalDrop + DPRising + VibSpike,clogging,1,1,0
asset_08,asset_08_C00017,2026-01-22 05:01:00+00:00,production,0,0.00173200573772192,2,advanced,1.1962738355464353e-08,0.0013178273802623153,0.9986822009086609,4.5159216824686155e-05,4.5159216824686155e-05,3.379626150490367e-06,3.379626150490367e-06,0.0003824169689323753,95.30223846435547,58.566585540771484,31.72049331665039,2.778222,1978.445634,13.568248,0.07906175572940624,7.303178848728015,-2.828479528427124,7.306119918823242,10.849749565124512,-0.47227656841278076,1065.563615,8.328258000000002,skim,standard_phe,clogging,87.0,Obstrucción probable,high,inspección hidráulica / desatasco,firma hidráulica compatible con obstrucción próxima,LowFlow + HighVib + ThermalDrop + DPRising + VibSpike,clogging,1,1,0
asset_09,asset_09_C00003,2026-01-04 19:15:00+00:00,production,0,0.0018137659644708037,2,advanced,1.3006027366202488e-09,0.00032069976441562176,0.9996793270111084,6.061646217858652e-06,6.061646217858652e-06,2.813886931107845e-05,2.813886931107845e-05,0.0007673929794691503,76.93224334716797,44.7675895690918,21.176794052124023,2.742154,2686.916779,16.275531,0.05713629938249072,5.28622576365599,-2.7984821796417236,9.966707229614258,13.317723274230957,-0.959618330001831,1549.8662040000002,10.225633000000002,high_solids,standard_phe,clogging,60.0,Obstrucción probable,high,inspección hidráulica / desatasco,firma hidráulica compatible con obstrucción próxima,LowFlow + HighVib + ThermalDrop + DPRising + VibSpike,clogging,1,1,0
asset_09,asset_09_C00010,2026-01-14 03:25:00+00:00,production,0,0.002022113651037216,2,advanced,3.069508883180028e-11,0.0003755442157853395,0.999624490737915,1.6042744164224132e-06,1.6042744164224132e-06,0.005667400546371937,0.005667400546371937,0.5203941464424133,142.8635711669922,56.434566497802734,58.53413009643555,3.406264,1886.197725,11.748504,0.03047756777634773,3.2738795496399957,-2.1182444095611572,6.845792293548584,9.085935592651367,-2.027409315109253,738.148571,5.9064440000000005,semi_skim,standard_phe,clogging,56.0,Obstrucción probable,high,inspección hidráulica / desatasco,firma hidráulica compatible con obstrucción próxima,LowFlow + HighVib + ThermalDrop + DPRising + VibSpike,clogging,1,1,0
asset_09,asset_09_C00012,2026-01-17 00:44:00+00:00,production,0,0.0015136419096961617,2,advanced,1.0609264791128226e-06,0.005323802120983601,0.9946751594543457,0.00022730760974809527,0.00022730760974809527,0.006528378929942846,0.006528378929942846,0.20243972539901733,110.298828125,54.960350036621094,117.83202362060547,5.297658,738.923498,4.291094,0.05754127487320838,9.254001970979981,-0.1809183955192566,2.374130964279175,2.114875555038452,-0.9433974027633667,64.87670100000003,0.08829799999999999,whole,standard_phe,fouling,108.0,Obstrucción probable,high,inspección hidráulica / desatasco,firma hidráulica compatible con obstrucción próxima,HighVib + ThermalDrop + DPRising,clogging,1,1,0
asset_09,asset_09_C00013,2026-01-17 17:10:00+00:00,production,0,0.0017661424353718758,2,advanced,1.814432692981427e-08,0.0002619070000946522,0.9997380375862122,5.8106954384129494e-05,5.8106954384129494e-05,6.081059837015346e-06,6.081059837015346e-06,0.00015014703967608511,61.54090881347656,38.90333938598633,14.994339942932129,4.772204,1182.387795,6.216059,0.051565710446795886,8.369147776512046,-0.7191329002380371,4.10259485244751,3.914299964904785,-1.1827431917190552,-755.9543389999999,-7.477933,semi_skim,standard_phe,fouling,57.0,Obstrucción probable,high,inspección hidráulica / desatasco,firma hidráulica compatible con obstrucción próxima,LowFlow + HighVib + ThermalDrop,clogging,1,1,0
asset_09,asset_09_C00015,2026-01-20 08:11:00+00:00,production,0,0.0018340620445087552,2,advanced,4.351051519080329e-09,0.000532599980942905,0.9994674324989319,2.0883260731352493e-05,2.0883260731352493e-05,0.0018161271000280976,0.0018161271000280976,0.02854396030306816,56.49462890625,32.923709869384766,24.01824188232422,2.622103,1962.875512,14.400813,0.03749768508964428,3.1945526606509973,-2.9214487075805664,7.144654750823975,11.565268516540527,-1.7462248802185059,25.991659000000027,0.2608909999999991,skim,standard_phe,clogging,60.0,Obstrucción probable,high,inspección hidráulica / desatasco,firma hidráulica compatible con obstrucción próxima,LowFlow + HighVib + ThermalDrop,clogging,1,1,0
asset_09,asset_09_C00018,2026-01-24 22:58:00+00:00,production,0,0.001985003938898444,2,advanced,4.5120568392675864e-10,7.200410618679598e-05,0.9999279975891113,1.5108986417544656e-06,1.5108986417544656e-06,1.5967061699484475e-05,1.5967061699484475e-05,0.00012166700616944581,86.80459594726562,51.7878303527832,19.83688735961914,3.469338,3714.602092,20.097369,0.043730437797950564,5.28390585413997,-2.0536386966705322,13.972253799438477,16.89031219482422,-1.4965777397155762,206.63880400000016,-0.43117699999999815,semi_skim,standard_phe,clogging,56.0,Obstrucción probable,high,inspección hidráulica / desatasco,firma hidráulica compatible con obstrucción próxima,LowFlow + HighVib + ThermalDrop + DPRising,clogging,1,1,0
